name,design_phase,x,y,z,X,Y,Z,rho,lambda_Phi,lambda_brane,mu2_tilde,g,bias,v_brane_reduced_planck,v_brane_GeV,length_unit_m,potential_unit_GeV4,surface_tension_unit_GeV3,false_Hessian_PhiPhi,false_Hessian_phiphi,false_Hessian_cross,true_Hessian_PhiPhi,true_Hessian_phiphi,true_Hessian_cross,false_Hessian_eigenvalue_soft,false_Hessian_eigenvalue_hard,true_Hessian_eigenvalue_soft,true_Hessian_eigenvalue_hard,m_false_Phi_dimless,m_false_phi_dimless,m_true_Phi_dimless,m_true_phi_dimless,m_false_Phi_GeV,m_false_phi_GeV,m_true_Phi_GeV,m_true_phi_GeV,xi_false_Phi_dimless,xi_false_phi_dimless,xi_true_Phi_dimless,xi_true_phi_dimless,xi_false_Phi_m,xi_false_phi_m,xi_true_Phi_m,xi_true_phi_m,r_max_dimless,R_peak_dimless,R_peak_m,action_FWHM_dimless,action_FWHM_m,R_gradient_peak_dimless,R_gradient_peak_m,gradient_FWHM_dimless,gradient_FWHM_m,gradient_FWHM_over_xi_false_Phi,gradient_FWHM_over_xi_false_phi,gradient_FWHM_over_xi_true_Phi,gradient_FWHM_over_xi_true_phi,false_phi_healing_over_rmax,Phi_gradient_peak_dimless,phi_gradient_peak_dimless,Phi_gradient_FWHM_dimless,phi_gradient_FWHM_dimless,gradient_peak_separation_dimless,gradient_peak_separation_over_FWHM,gradient_mean_dimless,gradient_std_dimless,gradient_skewness,gradient_kurtosis_excess,gradient_q05_dimless,gradient_q25_dimless,gradient_q50_dimless,gradient_q75_dimless,gradient_q95_dimless,gradient_q25_q75_width_dimless,gradient_q05_q95_width_dimless,Phi_gradient_integral,phi_gradient_integral,Phi_gradient_fraction,phi_gradient_fraction,sigma_gradient_dimless,sigma_gradient_GeV3,sigma_step_Rpeak_dimless,sigma_step_Rpeak_GeV3,sigma_action_equivalent_dimless,sigma_action_equivalent_GeV3,R_action_equivalent_dimless,R_action_equivalent_m,sigma_thin_Rpeak_dimless,sigma_gradient_over_action_equivalent,sigma_step_Rpeak_over_action_equivalent,field_path_length_dimless,field_straight_distance_dimless,field_path_tortuosity,Phi_midpoint_radius_dimless,phi_midpoint_radius_dimless,midpoint_separation_dimless,midpoint_separation_over_FWHM,hessian_soft_min_m2,hessian_hard_min_m2,hessian_soft_at_Rpeak_m2,hessian_hard_at_Rpeak_m2,hessian_soft_at_gradient_peak_m2,hessian_hard_at_gradient_peak_m2,hessian_mixing_at_Rpeak_sin2_2theta,hessian_mixing_angle_at_Rpeak_deg,hessian_mixing_at_gradient_peak_sin2_2theta,hessian_mixing_angle_at_gradient_peak_deg,field_path_tangent_angle_at_Rpeak_deg,field_path_tangent_angle_at_gradient_peak_deg,hessian_mixing_max_sin2_2theta,hessian_mixing_max_radius_dimless,tachyonic_soft_start_dimless,tachyonic_soft_end_dimless,tachyonic_soft_width_dimless,portal_m2_false,portal_m2_true,portal_xi_false_dimless,portal_xi_true_dimless,portal_xi_false_m,portal_xi_true_m,portal_cross_max_abs_m2,portal_cross_xi_min_dimless,portal_cross_xi_min_m,center_bulk_completion_fraction,center_brane_completion_fraction,center_energy_excess_fraction,DeltaV_dimless,DeltaV_GeV4,S_E,canonical_kinetic_speed_squared,thermodynamic_sound_speed
baseline_zero_bias,baseline,0.0,0.0,0.0,3.0870496668054983,0.7453940198968323,24.97805641873278,2.357142857142857,0.0999999999999999,1e-08,1e-08,2.313019,0.0,4.2e-05,102270000000000.0,1.9294708164662168e-30,1.093938793855784e+56,1.069657567083e+42,13.32250175510204,5.999999999999998e-08,-0.0,1.1112244897959171,25.702833551632658,0.0,5.999999999999998e-08,13.32250175510204,1.1112244897959171,25.702833551632658,3.650000240424929,0.0002449489742783178,1.0541463322499003,5.0697962041518645,373285524588257.5,25050931599.44356,107807545399197.3,518488057798611.2,0.27397258469319474,4082.4829046386308,0.9486348995453658,0.19724658738374115,5.286221066773381e-31,7.87703162322247e-27,1.8303633541541445e-30,3.8058153400448205e-31,500.0,5.860202508437851,1.1307089718612953e-29,1.7517900037359464,3.3800276887857536e-30,5.207425309387891,1.0047575163391496e-29,2.6016076518711677,5.019726040180619e-30,9.495868554821097,0.0006372611258004654,2.7424751641732668,13.189620598148892,8.16496580927726,4.866161090045418,5.883828492853869,2.4107826147321227,2.069310140412796,1.017667402808451,0.3911686691406019,5.167940771213211,1.7236542603506053,2.3237963507847845,29.519456402084238,2.7569666937944315,4.186505053513086,5.076286833621253,5.905578549969589,7.889332350432062,1.7190734964565033,5.13236565663763,0.7817131960671262,0.32871531549417554,0.7039743557809136,0.2960256442190864,1.1104285115613017,1.187778260096259e+42,2.3017139082086078,2.462045699175523e+42,1.3874210297311345,1.484065403181996e+42,5.393192413191556,1.0406007368840117e-29,1.5075613061389654,0.8003543897388448,1.658987328925418,3.2315858635327874,2.676843311971679,1.207237588050121,4.459686741254491,7.289131438277886,2.829444697023395,1.0875754824092552,-0.9471483264402736,1.544518459337974,-0.8463892269170182,1.6075405350705982,-0.7956531332746789,2.315295628029626,0.9971936147132312,43.48165792697549,0.5871202589968444,25.008615997031573,42.58622990356773,28.518589809640048,0.9999999975441314,5.913579732488854,3.752239676653194,9.981624234343098,6.2293845576899045,13.878113999999998,25.702833581632657,0.26843230131837004,0.19724658726862937,5.179322915906609e-31,3.805815337823772e-31,1.3052891028775366,0.875279272036795,1.6888258116527907e-30,0.8659239768610854,0.9999998420237867,0.06258786583281382,0.7717623942013745,8.442608226559038e+55,1074.0284052077004,1.0,
axis_x_m2p0pct,phase1_axis,-0.02,0.0,0.0,3.0259219878348103,0.7453940198968323,24.97805641873278,2.3336888938373246,0.1020201340026755,1e-08,1e-08,2.313019,0.0,4.2e-05,102270000000000.0,1.9294708164662168e-30,1.093938793855784e+56,1.069657567083e+42,13.32250175510204,5.999999999999998e-08,-0.0,1.1112244897959174,25.193883346940645,0.0,5.999999999999998e-08,13.32250175510204,1.1112244897959174,25.193883346940645,3.650000240424929,0.0002449489742783178,1.0541463322499003,5.019350889003542,373285524588257.5,25050931599.44356,107807545399197.3,513329015418392.25,0.27397258469319474,4082.4829046386308,0.9486348995453658,0.19922894854607848,5.286221066773381e-31,7.87703162322247e-27,1.8303633541541445e-30,3.8440644201490797e-31,500.0,5.88062002583441,1.1346484722574304e-29,1.7548355965133515,3.385904071168597e-30,5.230467936164007,1.0092035239290734e-29,2.5943234399848367,5.005671365924987e-30,9.469281179684684,0.0006354768655704826,2.73479653892996,13.021819664850618,8.16496580927726,4.889787074461436,5.9039543314304765,2.4052279955201454,2.074281676798142,1.0141672569690403,0.3909178174695781,5.196830942143519,1.728216883881004,2.3398638827105644,29.767947012867175,2.784063031032708,4.214861934332682,5.10309636904279,5.93262560074999,7.927704720370996,1.7177636664173077,5.143641689338288,0.771074003110753,0.3276978500133844,0.701759879376559,0.29824012062344085,1.0987718531241375,1.1753096271920444e+42,2.2509197904397307,2.4077133867407386e+42,1.3683656063499026,1.463682625368291e+42,5.426573398324788,1.0470415005479581e-29,1.48285807575152,0.8029811974411555,1.6449695753783449,3.2191103336001627,2.666696519088939,1.2071528614361986,4.483138211975974,7.314298616508048,2.831160404532074,1.0912904539568982,-0.9446089285270393,1.5396794573894628,-0.8434996089251486,1.6018217573777243,-0.7964935653489308,2.296611120862419,0.9973022446490935,43.511361038027374,0.5930618894302879,25.181664550407437,42.64062709387824,28.67086075888372,0.9999999868667432,5.933122213425559,3.78607441976749,10.00489153036616,6.218817110598671,13.878113999999998,25.193883376940644,0.26843230131837004,0.19922894842746106,5.179322915906609e-31,3.844064417860391e-31,1.3012275977469239,0.8766442068011033,1.691459413446904e-30,0.868917075745516,0.9999998381212113,0.06001672865530498,0.7564804744587023,8.27543337804804e+55,1079.068324045336,1.0,
axis_x_m1p0pct,phase1_axis,-0.01,0.0,0.0,3.056333009396208,0.7453940198968323,24.97805641873278,2.345386558097037,0.1010050167084168,1e-08,1e-08,2.313019,0.0,4.2e-05,102270000000000.0,1.9294708164662168e-30,1.093938793855784e+56,1.069657567083e+42,13.322501755102039,5.999999999999998e-08,-0.0,1.1112244897959185,25.447086084377947,0.0,5.999999999999998e-08,13.322501755102039,1.1112244897959185,25.447086084377947,3.6500002404249288,0.0002449489742783178,1.054146332249901,5.0445104900652105,373285524588257.44,25050931599.44356,107807545399197.38,515902087818969.06,0.27397258469319474,4082.4829046386308,0.9486348995453653,0.1982352900186105,5.286221066773382e-31,7.87703162322247e-27,1.8303633541541435e-30,3.824892068846257e-31,500.0,5.870411267136131,1.1326787220593628e-29,1.753306809848274,3.382954321913727e-30,5.218800783365973,1.0069523808455675e-29,2.5979569482029214,5.012682113993172e-30,9.482543485554277,0.0006363668896815344,2.7386267882912554,13.105421077947438,8.16496580927726,4.877828242843451,5.893745572732197,2.4080016197256575,2.071787954724565,1.0159173298887456,0.3910447132665088,5.182341776764492,1.7259279008963144,2.331801435450088,29.643307818912106,2.7704639591684224,4.20064419342609,5.089655380180123,5.919060288109701,7.908456002556697,1.7184160946836116,5.137992043388275,0.776384792353739,0.3282075080926167,0.7028700019364693,0.2971299980635308,1.1045923004463556,1.181535512714063e+42,2.276186347581384,2.4347399507814434e+42,1.3778577796318559,1.4738360003473954e+42,5.409846960928816,1.0438141832660604e-29,1.4951609338452136,0.8016736681934525,1.6519748128065503,3.22534999352271,2.6717686239617544,1.2071965980123285,4.471374842917553,7.301672119137389,2.830297276219836,1.0894319392696754,-0.9458813717627192,1.5421034071249229,-0.8449235290531364,1.6046695016602532,-0.7959988346418685,2.306150372482055,0.997251613303793,43.497443916450266,0.5899735588310739,25.091669893751167,42.61411912794498,28.59223164153261,0.9999999989951398,5.923205133547231,3.7691570482103423,9.993874744781031,6.224717696570689,13.878113999999998,25.447086114377946,0.26843230131837004,0.19823528990175907,5.179322915906609e-31,3.8248920665916426e-31,1.3032619482040073,0.8759597327215627,1.6901387406858027e-30,0.8674251159448748,0.9999998400868808,0.061292723005729126,0.764083229849052,8.358602868665038e+55,1076.5372977222746,1.0,
axis_x_p1p0pct,phase1_axis,0.01,0.0,0.0,3.1180750317540187,0.7453940198968323,24.97805641873278,2.368958084882874,0.0990049833749168,1e-08,1e-08,2.313019,0.0,4.2e-05,102270000000000.0,1.9294708164662168e-30,1.093938793855784e+56,1.069657567083e+42,13.322501755102039,5.999999999999998e-08,-0.0,1.1112244897959187,25.961151323664634,0.0,5.999999999999998e-08,13.322501755102039,1.1112244897959187,25.961151323664634,3.6500002404249288,0.0002449489742783178,1.054146332249901,5.095208663407676,373285524588257.44,25050931599.44356,107807545399197.38,521086990006703.0,0.27397258469319474,4082.4829046386308,0.9486348995453653,0.19626281592385264,5.286221066773382e-31,7.87703162322247e-27,1.8303633541541435e-30,3.7868337568255478e-31,500.0,5.849993749739572,1.1287392216632277e-29,1.7502850763470317,3.377123975307942e-30,5.196049835409809,1.0025626518327316e-29,2.6052750765180934,5.026802229008451e-30,9.509254655664115,0.0006381594577059729,2.7463411664136284,13.274420140435085,8.16496580927726,4.854785616067336,5.8739114129755405,2.4135707054929147,2.0668482176876566,1.0191257969082042,0.3911778092431793,5.153627608227755,1.7213958189440246,2.3158487592673205,29.39639501853273,2.7435711261251945,4.17244440686705,5.062990482467251,5.8921799764094,7.870333217451677,1.7197355695423502,5.126762091326482,0.7870590130545377,0.32922126545177444,0.7050729357215704,0.29492706427842963,1.1162802785063122,1.1940376468897957e+42,2.3275050403477002,2.489633378831741e+42,1.3970559024099343,1.4943714176507554e+42,5.37660933174638,1.0374010797144568e-29,1.5200599100400494,0.7990233437192588,1.666007091293006,3.2378176962654615,2.6819203369069853,1.2072758656208198,4.4480735860344955,7.276676119439991,2.828602533405496,1.0857212579586322,-0.9484098296457925,1.5469245743744255,-0.8478965280725561,1.6104351432701824,-0.7952489035665852,2.3246055536011343,0.9971280529495852,43.46400801756068,0.5841918370936786,24.923463935477542,42.556962174218626,28.443569336067057,0.9999999958254575,5.9039543314304765,3.735613983915997,9.969373723905164,6.233759739989168,13.878113999999998,25.961151353664633,0.26843230131837004,0.19626281581045468,5.179322915906609e-31,3.7868337546375673e-31,1.3073090872750233,0.8746027931563618,1.687520565395039e-30,0.8644136951011765,0.9999998439323472,0.06390226202478694,0.7795187354385048,8.52745785233584e+55,1071.5414582206197,1.0,
axis_x_p2p0pct,phase1_axis,0.02,0.0,0.0,3.1494122068041195,0.7453940198968323,24.97805641873278,2.380832536698396,0.0980198673306755,1e-08,1e-08,2.313019,0.0,4.2e-05,102270000000000.0,1.9294708164662168e-30,1.093938793855784e+56,1.069657567083e+42,13.322501755102039,5.999999999999998e-08,-0.0,1.1112244897959174,26.222065232466328,0.0,5.999999999999998e-08,13.322501755102039,1.1112244897959174,26.222065232466328,3.6500002404249288,0.0002449489742783178,1.0541463322499003,5.120748503145446,373285524588257.44,25050931599.44356,107807545399197.3,523698949416684.75,0.27397258469319474,4082.4829046386308,0.9486348995453658,0.19528395104460702,5.286221066773382e-31,7.87703162322247e-27,1.8303633541541445e-30,3.767946844647866e-31,500.0,5.839784991041293,1.1267694714651603e-29,1.748791990622773,3.374243109976502e-30,5.184674361431727,1.0003677873263137e-29,2.608958733188121,5.033909737051151e-30,9.52270000339536,0.0006390617656288896,2.7502242795816043,13.35982152774131,8.16496580927726,4.843118463269303,5.863994333097212,2.416365601311388,2.0644020816044293,1.0208758698279086,0.3912962887613054,5.139401970749803,1.7191524353102674,2.3079587777189627,29.274125735606262,2.7302763927498117,4.158462162649689,5.049766078706297,5.878864163528936,7.851458048720551,1.7204020008792469,5.121181655970739,0.7924220389491801,0.32972535131610714,0.7061657370711732,0.29383426292882675,1.1221473902652872,1.200313447379705e+42,2.3535623318424244,2.51750575785676e+42,1.406762948881525,1.5047546333631187e+42,5.36009730086024,1.0342151315429172e-29,1.5326574675263573,0.7976805126673779,1.6730340628559142,3.2440452447115797,2.6869994523272207,1.207311464802086,4.436535058786082,7.264305701853641,2.8277706430675593,1.083869440745064,-0.949665825710659,1.5493217220643076,-0.8494452274837574,1.6133536319552264,-0.7947859563888092,2.3340829020435856,0.9970547085485797,43.444499363728866,0.5811882140733997,24.83621490319774,42.52631879298451,28.3671712802215,0.9999999998152829,5.894328930372099,3.718696612358849,9.95741489228718,6.23871827992833,13.878113999999998,26.222065262466327,0.26843230131837004,0.1952839509328973,5.179322915906609e-31,3.7679468424924597e-31,1.309321823237494,0.8739302993890179,1.6862230082966935e-30,0.8628943082929105,0.9999998458129754,0.06523601326019857,0.78735302920103,8.613160231028727e+55,1069.0762741754852,1.0,
axis_y_m2p0pct,phase1_axis,0.0,-0.02,0.0,3.0870496668054983,0.7306342293936642,24.97805641873278,2.4047603014916388,0.0923116346386635,1e-08,1e-08,2.2223242277586674,0.0,4.2e-05,102270000000000.0,1.9294708164662168e-30,1.093938793855784e+56,1.069657567083e+42,12.800118989390329,5.999999999999998e-08,-0.0,1.0676527543233458,25.702833551632654,0.0,5.999999999999998e-08,12.800118989390329,1.0676527543233458,25.702833551632654,3.577725393233853,0.0002449489742783178,1.0332728363425343,5.0697962041518645,365893975966026.1,25050931599.44356,105672812972750.98,518488057798611.2,0.2795071980345911,4082.4829046386308,0.9677985957123292,0.19724658738374115,5.393009815999871e-31,7.87703162322247e-27,1.8673391466439257e-30,3.8058153400448205e-31,500.0,5.937497395724822,1.1456227947895209e-29,1.7811090836566192,3.436597997858332e-30,5.2666361098379095,1.0161820674879411e-29,2.6692267923982,5.150195198462056e-30,9.549760475463186,0.0006538243649141434,2.758039538622773,13.53243586012085,8.16496580927726,4.917496562356765,5.962290095420642,2.47090179919606,2.1011626712894813,1.0447935330638778,0.39142179152381806,5.214465931280645,1.7493493790055423,2.2922364340305896,28.999219273133267,2.758614290880295,4.214179395693316,5.125014804656546,5.970707768741762,7.971933068678965,1.7565283730484458,5.213318777798669,0.7872946031337844,0.32417915395445474,0.7083339558068231,0.29166604419317693,1.1114737570882391,1.1888963148836073e+42,2.3592766619894547,2.5236181343393416e+42,1.3981513518309916,1.495543173413346e+42,5.434903393852751,1.0486487488752079e-29,1.5274457352296718,0.7949595411345667,1.687425799002227,3.256479364001701,2.69715842445834,1.207374151429643,4.502843350278514,7.3860562843186495,2.8832129340401353,1.0801678382111835,-0.9148266365641847,1.4931525120687619,-0.8188635381870851,1.555517048074753,-0.7628601671020465,2.2604456166978917,0.9969446220387967,43.415666842414815,0.5754160157106111,24.668786765955733,42.47321065115344,28.21963824116757,0.9999999989721746,5.994083086795283,3.759531647151965,10.125484317956971,6.365952670805006,13.333945366552003,25.702833581632653,0.27385499351146697,0.19724658726862937,5.283952179239207e-31,3.805815337823772e-31,1.2618293885702445,0.8902247840151465,1.7176627408521663e-30,0.8598284397351382,0.9999998494925202,0.06796191327834562,0.7717623942013745,8.442608226559038e+55,1107.6420205838829,1.0,
axis_y_m1p0pct,phase1_axis,0.0,-0.01,0.0,3.0870496668054983,0.7379772254764829,24.97805641873278,2.380832536698396,0.0960789439152323,1e-08,1e-08,2.267218155133318,0.0,4.2e-05,102270000000000.0,1.9294708164662168e-30,1.093938793855784e+56,1.069657567083e+42,13.058698545477938,5.999999999999998e-08,-0.0,1.0892207706439345,25.702833551632647,0.0,5.999999999999998e-08,13.058698545477938,1.0892207706439345,25.702833551632647,3.6136821312171246,0.0002449489742783178,1.0436574009913093,5.069796204151864,369571271559575.3,25050931599.44356,106734842399381.2,518488057798611.06,0.27672605494584274,4082.4829046386308,0.9581688387876695,0.1972465873837412,5.339348471738303e-31,7.87703162322247e-27,1.8487588116881316e-30,3.805815340044821e-31,500.0,5.898704112671361,1.1381377440368641e-29,1.7663675972987072,3.408154730139406e-30,5.236884870202925,1.0104416526250015e-29,2.635179137212855,5.084501241412828e-30,9.522699760702253,0.0006454844266999112,2.750224209490089,13.359821187101915,8.16496580927726,4.891828826201092,5.92291345472728,2.440650411558777,2.085149642670843,1.0310846285261883,0.39127686386312766,5.191054116359112,1.7364300292566035,2.307900622620744,29.257609223915523,2.757716465378067,4.200255705216195,5.10051736107705,5.937948025676028,7.930366910824074,1.737692320459833,5.172650445446007,0.7845373679396244,0.3264445795949991,0.7061657209467613,0.29383427905323867,1.1109819475346234,1.1883702470730186e+42,2.3303211055970934,2.4926456043351537e+42,1.3927654713904882,1.4897821256447575e+42,5.413967362966933,1.0446092028145259e-29,1.517466002893582,0.7976805645716202,1.6731611699639442,3.244041685561753,2.6869971778373287,1.2073111621846846,4.48112321918735,7.337305506695504,2.8561822875081537,1.0838664617423492,-0.9308612170051278,1.5186432268490602,-0.8324731843872168,1.5813035383135903,-0.7791206300547442,2.287667013607845,0.9970786687795089,43.45084555796823,0.5812983915058091,24.839413764613095,42.53127299831556,28.36942191920727,0.9999999997792031,5.953539730822118,3.7560315013125543,10.053938626214084,6.2979071249015295,13.603308930799905,25.702833581632646,0.2711300907974074,0.19724658726862943,5.231375976594332e-31,3.805815337823773e-31,1.2833955839909685,0.8827134208717846,1.7031697848751693e-30,0.8628943401254519,0.9999998458132104,0.06523598523495654,0.7717623942013749,8.442608226559043e+55,1090.6731988897727,1.0,
axis_y_p1p0pct,phase1_axis,0.0,0.01,0.0,3.0870496668054983,0.7528853543403351,24.97805641873278,2.333688893837325,0.1040810774192387,1e-08,1e-08,2.3597450833073466,0.0,4.2e-05,102270000000000.0,1.9294708164662168e-30,1.093938793855784e+56,1.069657567083e+42,13.591634143063905,5.999999999999998e-08,-0.0,1.1336727135603428,25.70283355163266,0.0,5.999999999999998e-08,13.591634143063905,1.1336727135603428,25.70283355163266,3.686683352698453,0.0002449489742783178,1.0647406790201748,5.069796204151865,377037106480470.8,25050931599.44356,108891029243393.28,518488057798611.25,0.2712465119273273,4082.4829046386308,0.9391958245835481,0.19724658738374112,5.2336222883203365e-31,7.87703162322247e-27,1.8121509344808803e-30,3.8058153400448196e-31,500.0,5.822284261844244,1.1233927568399017e-29,1.73737467513602,3.3522137329424244e-30,5.178257427392808,9.991296586303852e-30,2.5685095640092213,4.955864245570159e-30,9.469281450879558,0.000629153783128108,2.734796617252991,13.021820037941712,8.16496580927726,4.841076711529647,5.84532688862036,2.3812956329637873,2.053642256337355,1.0042501770907135,0.3909855704501119,5.14512131367174,1.711021012489944,2.339922768828036,29.784753117412478,2.756360874973211,4.172923056698648,5.052319423742214,5.873594698854918,7.848822346044107,1.7006716421562693,5.092461471070896,0.7788233679176408,0.33099121761327477,0.7017598958163499,0.29824010418365016,1.1098145855309156,1.1871215694722273e+42,2.2736779038494146,2.43205677496194e+42,1.382117862024286,1.4783928297148554e+42,5.3725779038035855,1.036623227458026e-29,1.4978066805472992,0.8029811465611566,1.6450680266293112,3.2191138734707216,2.6666987997416913,1.207153156472917,4.438529999980927,7.241527656804468,2.802997656823541,1.0912934474140341,-0.9636912635369369,1.570782913746252,-0.860414050049551,1.6340967157970476,-0.8124620139195262,2.3433321081826017,0.9973204044403077,43.516384342976636,0.5928834022847925,25.176460512402482,42.644544470316504,28.667195311750127,0.9999999959628213,5.8739114129755405,3.748447851993833,9.909871244635193,6.16142339264136,14.158470499844077,25.70283358163266,0.26576135529315886,0.19724658726862937,5.127787791826596e-31,3.805815337823772e-31,1.3275140513467676,0.8679214798219111,1.67462916630055e-30,0.868917044862602,0.9999998381209672,0.06001675491614644,0.7717623942013747,8.44260822655904e+55,1057.701192972523,1.0,
axis_y_p2p0pct,phase1_axis,0.0,0.02,0.0,3.0870496668054983,0.7604519779466785,24.97805641873278,2.3104683013659235,0.1083287067674958,1e-08,1e-08,2.407415096111703,0.0,4.2e-05,102270000000000.0,1.9294708164662168e-30,1.093938793855784e+56,1.069657567083e+42,13.8662033659072,5.999999999999998e-08,-0.0,1.156574421526031,25.702833551632654,0.0,5.999999999999998e-08,13.8662033659072,1.156574421526031,25.702833551632654,3.723735136379493,0.0002449489742783178,1.0754415007456384,5.0697962041518645,380826392397530.75,25050931599.44356,109985402281256.44,518488057798611.2,0.2685475640386922,4082.4829046386308,0.9298506699868544,0.19724658738374115,5.18154687645749e-31,7.87703162322247e-27,1.7941197314111946e-30,3.8058153400448205e-31,500.0,5.784657694070586,1.1161328203955956e-29,1.7231199789360554,3.324709712627001e-30,5.149672903037626,9.936143580757961e-30,2.535881972569101,4.892910260074864e-30,9.4429528029669,0.0006211616880716785,2.727192714293524,12.85640479870797,8.16496580927726,4.815992333013876,5.8071169632068,2.3521866725685405,2.038144043907672,0.9911246301929246,0.39084020507027645,5.1225912109733445,1.6985292468482929,2.356278807629407,30.05348870630752,2.7558942444594994,4.159505380144037,5.028611404677144,5.841991906396647,7.8088299276719715,1.6824865262526094,5.052935683212472,0.7758691849657873,0.33327214070604094,0.6995223845760398,0.3004776154239601,1.1091413256718283,1.1864014119693413e+42,2.245985673325051,2.4024355710321476e+42,1.3768558025226059,1.472764227950442e+42,5.35212319050886,1.0326765502218903e-29,1.488127090537106,0.8055609916737217,1.6312424795756164,3.2066276966135643,2.656565610367511,1.2070575950013738,4.4176491052381754,7.194487790799024,2.7768386855608487,1.0950188989859155,-0.9804932763163001,1.5974412703234702,-0.8747499504261002,1.661110901260828,-0.8297701311431679,2.3711968427667025,0.9974295571778465,43.5469423640343,0.59890398389319,25.352201035966637,42.699912744480926,28.82176600482327,0.9999999971036023,5.8348264511021295,3.7440726696945705,9.83870161256719,6.094628942872619,14.444490576670216,25.702833581632653,0.2631169856249455,0.19724658726862937,5.076765450798934e-31,3.805815337823772e-31,1.3500745414224233,0.8606392056812633,1.6605782308686633e-30,0.8718732553801489,0.9999998341013838,0.05752180098373745,0.7717623942013746,8.442608226559039e+55,1041.6852438987546,1.0,
axis_z_m2p0pct,phase1_axis,0.0,0.0,-0.02,3.0870496668054983,0.7453940198968323,24.483457763423157,2.357142857142857,0.0999999999999999,1e-08,1e-08,2.267218155133318,0.0,4.2e-05,102270000000000.0,1.9294708164662168e-30,1.093938793855784e+56,1.069657567083e+42,13.047696685901947,5.999999999999998e-08,-0.0,1.1112244897959171,25.19388334694065,0.0,5.999999999999998e-08,13.047696685901947,1.1112244897959171,25.19388334694065,3.612159559861932,0.0002449489742783178,1.0541463322499003,5.019350889003542,369415558187079.8,25050931599.44356,107807545399197.3,513329015418392.25,0.27684269850975884,4082.4829046386308,0.9486348995453658,0.19922894854607848,5.341599075263351e-31,7.87703162322247e-27,1.8303633541541445e-30,3.8440644201490797e-31,500.0,5.85641068377849,1.1299773503591558e-29,1.757313363533222,3.3906848503234395e-30,5.199841660069169,1.0032942733348708e-29,2.601561089809924,5.019636200042295e-30,9.397253761121744,0.0006372497204713235,2.742426080947185,13.058147968934467,8.16496580927726,4.859452477186549,5.875661485895245,2.4127383260356363,2.0756532138401713,1.016209008708696,0.39061508595323524,5.162492360593888,1.7222848734482812,2.321340763185216,29.48632709678145,2.752723440150346,4.1817290565712835,5.070797748287383,5.900324933085797,7.881013212767386,1.718595876514514,5.12828977261704,0.7800995470773088,0.32853848862880436,0.7036557667629075,0.29634423323709236,1.1086380357061132,1.1858630640490772e+42,2.3023684691623605,2.4627458552528218e+42,1.3858011426065586,1.4823326786613732e+42,5.386895577001764,1.0393857807175845e-29,1.506585843579799,0.7999979229493719,1.6613988821165402,3.2277262694358133,2.6760114398176347,1.2061705796204583,4.456199812091199,7.276371211541491,2.8201713994502917,1.0840304348403134,-0.9411512758465217,1.5266253725161283,-0.839552035664543,1.58951257481314,-0.792359973181573,2.28974632664594,0.9972057882569305,43.484957719856105,0.588890476560101,25.060133299988912,42.601456567799495,28.569813427471384,0.9999999908415166,5.910079586649443,3.746697779074128,9.999124963540147,6.252427184466019,13.603308930799905,25.193883376940647,0.2711300907974074,0.19922894842746103,5.231375976594332e-31,3.84406441786039e-31,1.2934944318201296,0.8792608136810578,1.6965080800599405e-30,0.8654608839825929,0.9999998068925213,0.06298968641052713,0.7717623942013745,8.442608226559038e+55,1069.0212440123496,1.0,
axis_z_m1p0pct,phase1_axis,0.0,0.0,-0.01,3.0870496668054983,0.7453940198968323,24.72952060474373,2.357142857142857,0.0999999999999999,1e-08,1e-08,2.290004076408667,0.0,4.2e-05,102270000000000.0,1.9294708164662168e-30,1.093938793855784e+56,1.069657567083e+42,13.184412213554042,5.999999999999998e-08,-0.0,1.1112244897959171,25.447086084377947,0.0,5.999999999999998e-08,13.184412213554042,1.1112244897959171,25.447086084377947,3.6310345927234073,0.0002449489742783178,1.0541463322499003,5.0445104900652105,371345907797822.9,25050931599.44356,107807545399197.3,515902087818969.06,0.2754036003964269,4082.4829046386308,0.9486348995453658,0.1982352900186105,5.313832097146296e-31,7.87703162322247e-27,1.8303633541541445e-30,3.824892068846257e-31,500.0,5.858452435518146,1.1303713003987693e-29,1.754547114298297,3.3853474531535795e-30,5.20363348472853,1.0040258948370103e-29,2.601578141019639,5.0196690998538255e-30,9.446420225715364,0.0006372538971476533,2.742444055417366,13.123688223097918,8.16496580927726,4.86295262302596,5.879744989374557,2.411754827172683,2.0724759386551543,1.0167923663485974,0.3908367580110759,5.1652214808347,1.7229697355127165,2.322571994011853,29.502966913483377,2.754849091835898,4.184122980287249,5.073547958573386,5.902955801361098,7.885177523135904,1.7188328210738488,5.130328431300006,0.7809080608851349,0.32862723025988994,0.7038154325665917,0.2961845674334084,1.1095352911450247,1.1868228201189153e+42,2.3021497070405847,2.4625118546938732e+42,1.386612551944707,1.4832006087999253e+42,5.390049692870501,1.0399943581696326e-29,1.5071110926501194,0.8001768695869045,1.6602689077145942,3.229659440303946,2.676428577221942,1.2067048856787512,4.4579463004702715,7.282760897917833,2.8248145974475616,1.0858080919839022,-0.9441431607081583,1.5355503988690924,-0.8428643028019914,1.598437528049498,-0.7940019668393231,2.302495436004068,0.9972147487269934,43.48739115064878,0.5879998779251308,25.034210740506957,42.597013936509285,28.544072263758185,0.9999999946458353,5.911829659569149,3.749614567273636,9.99037459894162,6.240760031667985,13.740024458452,25.447086114377946,0.26977782382806537,0.19823528990175907,5.2052843800601645e-31,3.8248920665916426e-31,1.299377178667739,0.8772681911536293,1.6926633730450342e-30,0.8656931114646158,0.9999998252923484,0.06278805134048134,0.7717623942013745,8.442608226559038e+55,1071.5271618337804,1.0,
axis_z_p1p0pct,phase1_axis,0.0,0.0,0.01,3.0870496668054983,0.7453940198968323,25.22909005917882,2.357142857142857,0.0999999999999999,1e-08,1e-08,2.336265227418856,0.0,4.2e-05,102270000000000.0,1.9294708164662168e-30,1.093938793855784e+56,1.069657567083e+42,13.461979119615174,5.999999999999998e-08,-0.0,1.1112244897959171,25.961151323664637,0.0,5.999999999999998e-08,13.461979119615174,1.1112244897959171,25.961151323664637,3.6690569796086807,0.0002449489742783178,1.0541463322499003,5.095208663407676,375234457304579.75,25050931599.44356,107807545399197.3,521086990006703.0,0.27254959668319295,4082.4829046386308,0.9486348995453658,0.19626281592385264,5.258764928398584e-31,7.87703162322247e-27,1.8303633541541445e-30,3.7868337568255478e-31,500.0,5.861952581357556,1.1310466433238211e-29,1.7490419843221714,3.374725465523792e-30,5.211217134047252,1.005489137841289e-29,2.601649449576245,5.0198066876327616e-30,9.545600071462806,0.0006372713641054513,2.7425192250707706,13.255946814630695,8.16496580927726,4.869661235884829,5.88791199633318,2.409821613621694,2.0661557528960124,1.0182507604483515,0.3913866107573422,5.170650282136632,1.7243384310348606,2.3250138895225727,29.53579708499759,2.7590762995464035,4.188875374706793,5.079014428853672,5.9081932116782685,7.8934776742100725,1.7193178369714754,5.134401374663669,0.7825149742623385,0.32880275119267277,0.7041325413413615,0.29586745865863856,1.1113177254550113,1.1887294144664207e+42,2.3012861224108283,2.4615881148598376e+42,1.3882265911945588,1.4849270780970984e+42,5.396323797162102,1.0412049282826437e-29,1.5080115196278117,0.8005304987701831,1.6577164974419547,3.2335055754032886,2.6772556647721126,1.2077686931249891,4.461421155364163,7.2954829293298875,2.8340617739657246,1.0893326825515768,-0.9501668974242106,1.5535298130669193,-0.8499280445076025,1.6166883487938717,-0.7973136139470831,2.3281468294102945,0.99717225795353,43.47588610362926,0.5862517160396243,24.98335147518647,42.575440357825954,28.49336786802325,0.9999999993799852,5.915329805408558,3.755156464852702,9.972873869744571,6.21771740489187,14.017591364513132,25.961151353664636,0.2670934896301885,0.19626281581045468,5.153490935095708e-31,3.7868337546375673e-31,1.3112303676647383,0.8732940488028523,1.6849953813587276e-30,0.8661534920698123,0.9999998572299174,0.062389115134408354,0.7717623942013745,8.442608226559038e+55,1076.5249788917697,1.0,
axis_z_p2p0pct,phase1_axis,0.0,0.0,0.02,3.0870496668054983,0.7453940198968323,25.48264662965509,2.357142857142857,0.0999999999999999,1e-08,1e-08,2.3597450833073466,0.0,4.2e-05,102270000000000.0,1.9294708164662168e-30,1.093938793855784e+56,1.069657567083e+42,13.602858254946119,5.999999999999998e-08,-0.0,1.1112244897959171,26.222065232466335,0.0,5.999999999999998e-08,13.602858254946119,1.1112244897959171,26.222065232466335,3.6882052891543493,0.0002449489742783178,1.0541463322499003,5.120748503145447,377192754921815.3,25050931599.44356,107807545399197.3,523698949416684.9,0.27113458216131053,4082.4829046386308,0.9486348995453658,0.195283951044607,5.2314626361501035e-31,7.87703162322247e-27,1.8303633541541445e-30,3.7679468446478657e-31,500.0,5.863702654277262,1.131384314786347e-29,1.746303015077603,3.369440704299199e-30,5.215008958706613,1.0062207593434283e-29,2.601703375627292,5.0199107363745034e-30,9.595616150799303,0.0006372845732363421,2.7425760710196947,13.322668666371912,8.16496580927726,4.873161381724239,5.891703820992541,2.408871783857946,2.063012641241354,1.0185424392683018,0.3914906091178526,5.1733500636421805,1.7250222309475838,2.326224665622719,29.551990467676326,2.76117796224888,4.1912340387091085,5.081730794149247,5.910799818924379,7.897613482734435,1.7195657802152704,5.136435520485556,0.7833134168968896,0.32888954412749993,0.7042899941350833,0.2957100058649167,1.1122029610243895,1.1896763133918572e+42,2.3008662932508828,2.4611390414220197e+42,1.3890292523925385,1.485785650721321e+42,5.399443907201191,1.0418069444091023e-29,1.5084617331166579,0.8007052112895906,1.6564563268107906,3.2354186118577095,2.6776656560724206,1.2082982072539246,4.463149563750072,7.301815455403771,2.838665891653699,1.091079758840407,-0.9531989518668411,1.5625846518450106,-0.8534807991422523,1.6258811825693509,-0.7989835516596264,2.3410489626302233,0.9971506814771084,43.470076928943186,0.5853943449015937,24.9584195757258,42.56464633224061,28.468408240237547,0.9999999999994353,5.917079878328264,3.75778157423226,9.964123505146048,6.206341930913789,14.158470499844077,26.222065262466334,0.26576135529315886,0.19528395093289727,5.127787791826596e-31,3.7679468424924593e-31,1.3172010931411553,0.8713125285443308,1.681172095847674e-30,0.8663816688450252,0.9999998710423085,0.06219178468947213,0.7717623942013745,8.442608226559038e+55,1079.016890612006,1.0,
pair_xm1p5_ym1p5,phase2_interaction,-0.015,-0.015,0.0,3.041089484917753,0.7342965487090923,24.97805641873278,2.374887889262116,0.0955997481833099,1e-08,1e-08,2.244658957562837,0.0,4.2e-05,102270000000000.0,1.9294708164662168e-30,1.093938793855784e+56,1.069657567083e+42,12.928762323930934,5.999999999999998e-08,-0.0,1.078382842892168,25.32016821289689,0.0,5.999999999999998e-08,12.928762323930934,1.078382842892168,25.32016821289689,3.5956588163966465,0.0002449489742783178,1.038452137988154,5.0319149647919215,367728027152885.06,25050931599.44356,106202500152048.5,514613943449269.8,0.27811315006859855,4082.4829046386308,0.9629716800789209,0.19873149824608607,5.3661120673285035e-31,7.87703162322247e-27,1.8580257537957202e-30,3.8344662617843022e-31,500.0,5.93341389224551,1.1448348947102938e-29,1.7759778923498883,3.42669751397829e-30,5.268969540397516,1.0166322961046424e-29,2.6465163175783726,5.106376000069108e-30,9.515969730038263,0.0006482614574016531,2.748280528209797,13.317045062988623,8.16496580927726,4.922163423475978,5.95762323430143,2.4514647623223165,2.096841045735519,1.0354598108254516,0.39125389250307846,5.224283766094743,1.746270571728102,2.311808552870489,29.3102438473989,2.7782747369124965,4.228396560420725,5.132786979213167,5.97446030725816,7.97968276038624,1.746063746837435,5.201408023473743,0.7779808045225146,0.3245683953203005,0.7056200345829713,0.2943799654170286,1.1025491998428152,1.1793500946931741e+42,2.3058007953270523,2.4664172689075815e+42,1.3810288635841699,1.4772279742928435e+42,5.449476885061527,1.051460661473344e-29,1.5036701719471237,0.798353480448903,1.6696253468177569,3.240926646091404,2.6844562100575593,1.2072935419653998,4.5094320746239465,7.38034789876913,2.8709158241451833,1.0847905244627933,-0.9209902383226948,1.5023704583516277,-0.8234592451084608,1.5641681323959764,-0.7716418078510954,2.2601718770653436,0.9971120999283218,43.45974377608421,0.5828738501947267,24.88516816217393,42.54591657178471,28.40910770943211,0.9999999999990451,5.988249510396266,3.7834493103879328,10.108168189967952,6.324718879580018,13.467953745377018,25.320168242896887,0.27248913603314073,0.19873149812835492,5.257598357800381e-31,3.8344662595127138e-31,1.2696498612277611,0.8874788567302986,1.712364554291914e-30,0.8636551853341286,0.9999998448764841,0.06456667004547167,0.760272348729438,8.316914161709855e+55,1102.9020641441762,1.0,
pair_xm1p5_yp1p5,phase2_interaction,-0.015,0.015,0.0,3.041089484917753,0.7566592078837036,24.97805641873278,2.3046993448128643,0.1077884150884631,1e-08,1e-08,2.383460915670629,0.0,4.2e-05,102270000000000.0,1.9294708164662168e-30,1.093938793855784e+56,1.069657567083e+42,13.728232337148578,5.999999999999998e-08,-0.0,1.1450663137503874,25.320168212896874,0.0,5.999999999999998e-08,13.728232337148578,1.1450663137503874,25.320168212896874,3.70516292990586,0.0002449489742783178,1.0700777138836166,5.031914964791921,378927012841472.3,25050931599.44356,109436847798877.47,514613943449269.7,0.26989366430517747,4082.4829046386308,0.9345115658662915,0.1987314982460861,5.207519488259698e-31,7.87703162322247e-27,1.8031127939891562e-30,3.834466261784303e-31,500.0,5.818784116004833,1.1227174139148499e-29,1.7325265336044593,3.342859385343181e-30,5.181174215592316,9.996924444012617e-30,2.5468279586473557,4.914030220770302e-30,9.436412541227996,0.0006238428961340117,2.7253038396442406,12.815421717868087,8.16496580927726,4.846035251468811,5.841243385141048,2.3626214968314043,2.049610363855483,0.9952081336722376,0.3907637853170114,5.155525392918585,1.7081916799037824,2.3603596730214442,30.108555086399008,2.776545297517595,4.18746486280423,5.060536764514029,5.8780710475413045,7.857623903172264,1.6906061847370744,5.081078605654669,0.769329119917468,0.3313487184495908,0.698959398563732,0.30104060143626804,1.1006778383670588,1.1773483787298837e+42,2.2223937286968405,2.3772002689383792e+42,1.3652687166753517,1.4603700138934863e+42,5.387288064429726,1.0394615100213929e-29,1.47462022220818,0.8061986808336061,1.6278068204102163,3.203501561540936,2.654032624480794,1.207031719200375,4.445689659224452,7.236883295699184,2.7911936364747323,1.0959490322059922,-0.970073880955223,1.580285120649917,-0.865299086742793,1.643099874402876,-0.8216414460361443,2.3430371376363475,0.9974551902549502,43.55421182645156,0.6002803026804433,25.39243590367887,42.71351440516673,28.857865053649277,0.9999999938152911,5.868952873036376,3.771198799949998,9.892662194258094,6.121463394308096,14.300765494023771,25.320168242896873,0.2644358650038533,0.19873149812835497,5.102212843519351e-31,3.834466259512715e-31,1.3355828658867814,0.8652957697792093,1.6695629354006544e-30,0.8726065391683383,0.9999998330780254,0.056909838890253986,0.7602723487294378,8.316914161709853e+55,1053.412539944655,1.0,
pair_xp1p5_ym1p5,phase2_interaction,0.015,-0.015,0.0,3.1337044478918634,0.7342965487090923,24.97805641873278,2.4107797233876225,0.0927743486328552,1e-08,1e-08,2.244658957562837,0.0,4.2e-05,102270000000000.0,1.9294708164662168e-30,1.093938793855784e+56,1.069657567083e+42,12.928762323930934,5.999999999999998e-08,-0.0,1.0783828428921676,26.091282136358938,0.0,5.999999999999998e-08,12.928762323930934,1.0783828428921676,26.091282136358938,3.5956588163966465,0.0002449489742783178,1.0384521379881537,5.107962620885057,367728027152885.06,25050931599.44356,106202500152048.48,522391337237914.75,0.27811315006859855,4082.4829046386308,0.9629716800789211,0.19577277169399684,5.3661120673285035e-31,7.87703162322247e-27,1.8580257537957205e-30,3.7773784964227033e-31,500.0,5.902787616150673,1.1389256441160912e-29,1.771484196244204,3.418027058484304e-30,5.234551439643319,1.0099914240083004e-29,2.6578050048067734,5.128157192632522e-30,9.556559997796606,0.0006510266097591986,2.760003289597209,13.575968618154228,8.16496580927726,4.887161965081878,5.927580315846493,2.460005553009681,2.0894634012705993,1.0404183507646145,0.39145774384613086,5.181359549092734,1.739506566957023,2.2884005660311617,28.947506240225593,2.738247881370085,4.18617331979212,5.0928411992283795,5.934284558793403,7.922764095492568,1.7481112390012834,5.184516214122484,0.7939052751021001,0.32604983232450446,0.7088724091149592,0.2911275908850408,1.1199551074266045,1.1979684554521217e+42,2.3843728614486372,2.5504624739958805e+42,1.4100400213000406,1.508259978673463e+42,5.399513905320478,1.0418204503419394e-29,1.5414659397034567,0.7942718578966425,1.6909965855084546,3.259588437121329,2.699701386934782,1.2073885107797933,4.474632078787505,7.34306077360885,2.868428694821345,1.079247232070693,-0.9246229044898625,1.5093099779891308,-0.8278433828320387,1.5725595242571555,-0.7701939637181315,2.288072443475117,0.996906258704474,43.405741207502224,0.573765025237933,24.62095409704847,42.45785856531028,28.178612427197116,0.9999999998451922,5.959373307221134,3.732405516896537,10.07116185447596,6.338756337579423,13.467953745377018,26.091282166358937,0.27248913603314073,0.19577277158144618,5.257598357800381e-31,3.7773784942510712e-31,1.2754778399600168,0.8854489783755459,1.7084479632454422e-30,0.8590563110774242,0.9999998503953439,0.06865566377245134,0.7834260894729655,8.570201913932096e+55,1095.3809430896538,1.0,
pair_xp1p5_yp1p5,phase2_interaction,0.015,0.015,0.0,3.1337044478918634,0.7566592078837036,24.97805641873278,2.3395304149308265,0.1046027859908716,1e-08,1e-08,2.383460915670629,0.0,4.2e-05,102270000000000.0,1.9294708164662168e-30,1.093938793855784e+56,1.069657567083e+42,13.728232337148578,5.999999999999998e-08,-0.0,1.145066313750387,26.091282136358938,0.0,5.999999999999998e-08,13.728232337148578,1.145066313750387,26.091282136358938,3.70516292990586,0.0002449489742783178,1.0700777138836164,5.107962620885057,378927012841472.3,25050931599.44356,109436847798877.45,522391337237914.75,0.26989366430517747,4082.4829046386308,0.9345115658662917,0.19577277169399684,5.207519488259698e-31,7.87703162322247e-27,1.8031127939891566e-30,3.7773784964227033e-31,500.0,5.788157839909996,1.1168081633206474e-29,1.727955025924385,3.334038794687226e-30,5.146756114838118,9.930515723049196e-30,2.5574866582245037,4.934595870545889e-30,9.47590475978225,0.0006264537336625748,2.7367094765207267,13.063546253623002,8.16496580927726,4.811033793074712,5.811200466686112,2.3707841434773917,2.0421694114230986,1.0001666736114005,0.39107405326827827,5.112312170140644,1.7013579924001219,2.3359130481073214,29.730593287790846,2.7359023585689375,4.14509765953645,5.02049136095542,5.8376079002061365,7.80017948411833,1.6925102406696864,5.064277125549393,0.7854204852887974,0.33290920764963194,0.7023156858377714,0.2976843141622285,1.1183296929384294,1.196229818545199e+42,2.297819797377107,2.4578803340575484e+42,1.3938545635082884,1.4909470812698127e+42,5.337534384817245,1.0298616827389837e-29,1.5115312872576585,0.8023288241232489,1.6485362659311933,3.222235895521338,2.669235627491735,1.2071755158420592,4.410589217048042,7.199184199171792,2.78859498212375,1.0903654074425122,-0.974032807370709,1.5878195273338636,-0.869831947345934,1.6520120744406053,-0.8204337447167244,2.371632749662511,0.9972899840860483,43.50797908857693,0.5914265928891083,25.13399852875934,42.63015288092402,28.6296538930141,0.9999999947468954,5.839784991041293,3.7213217217384056,9.85591066294429,6.134588941205884,14.300765494023771,26.091282166358937,0.2644358650038533,0.19577277158144618,5.102212843519351e-31,3.7773784942510712e-31,1.3419048452580737,0.8632550735774273,1.6656254716340426e-30,0.8681721993177041,0.9999998391073059,0.06065237839709945,0.7834260894729655,8.570201913932096e+55,1045.9460121389734,1.0,
pair_xm1p5_zm1p5,phase2_interaction,-0.015,0.0,-0.015,3.041089484917753,0.7453940198968323,24.606181606172576,2.3395304149308265,0.1015113064615719,1e-08,1e-08,2.278582633428736,0.0,4.2e-05,102270000000000.0,1.9294708164662168e-30,1.093938793855784e+56,1.069657567083e+42,13.115883555674452,5.999999999999998e-08,-0.0,1.1112244897959187,24.943200018836013,0.0,5.999999999999998e-08,13.115883555674452,1.1112244897959187,24.943200018836013,3.6215857791407418,0.0002449489742783178,1.054146332249901,4.994316771975523,370379577632723.7,25050931599.44356,107807545399197.38,510768776269936.75,0.27612213571184835,4082.4829046386308,0.9486348995453653,0.2002275878076604,5.3276960263633555e-31,7.87703162322247e-27,1.8303633541541435e-30,3.863332873263076e-31,500.0,5.872744697695737,1.1331289506760639e-29,1.7582161576981434,3.392426765317931e-30,5.218800783365973,1.0069523808455675e-29,2.596134797624946,5.0091663276297605e-30,9.402124863810931,0.0006359205557664786,2.7367059749426756,12.965919562087548,8.16496580927726,4.878703279303304,5.892870536272344,2.408102954364119,2.077791983986393,1.0141672569690403,0.3906450689297195,5.185461428861833,1.7260393810820984,2.3339708741069263,29.680505362825855,2.7740378838401085,4.204133423773453,5.092225212159935,5.921872833528804,7.911785428734548,1.7177394097553504,5.13774754489444,0.7725337291924375,0.3278212577831807,0.7020768191506869,0.2979231808493132,1.1003549869756182,1.177003038295986e+42,2.2640641382557836,2.4217733378465507e+42,1.3719006860573142,1.4674639501275655e+42,5.413457513021583,1.0445108287554929e-29,1.4882951349351643,0.8020660665590252,1.6503119804994377,3.2193546011733645,2.668621252935584,1.2063737398598444,4.474611956914969,7.298377390324938,2.823765433409969,1.0876805919296908,-0.9407502187634459,1.5274924689216882,-0.8390259704914884,1.5897049768892342,-0.7936623906153056,2.28257049749339,0.9972956111988386,43.50953032009001,0.5926976532307995,25.171045122996944,42.64090983337523,28.66701640842965,0.9999999895328674,5.925538564106837,3.7735322305096046,10.01223331260663,6.238701082097026,13.671495800572412,24.94320004883601,0.2704531121463208,0.20022758768725024,5.218313871087909e-31,3.8633328709397972e-31,1.2934118551588587,0.8792888810221973,1.6965622351755652e-30,0.8678288584126647,0.9999998129579127,0.06094631573361909,0.7602723487294383,8.316914161709857e+55,1074.0305156709678,1.0,
pair_xm1p5_zp1p5,phase2_interaction,-0.015,0.0,0.015,3.041089484917753,0.7453940198968323,25.355551399364163,2.3395304149308265,0.1015113064615719,1e-08,1e-08,2.347975805604386,0.0,4.2e-05,102270000000000.0,1.9294708164662168e-30,1.093938793855784e+56,1.069657567083e+42,13.532242588728353,5.999999999999998e-08,-0.0,1.1112244897959187,25.702833551632658,0.0,5.999999999999998e-08,13.532242588728353,1.1112244897959187,25.702833551632658,3.678619658068547,0.0002449489742783178,1.054146332249901,5.0697962041518645,376212432430670.3,25050931599.44356,107807545399197.38,518488057798611.2,0.27184109610425133,4082.4829046386308,0.9486348995453653,0.19724658738374115,5.245094616493411e-31,7.87703162322247e-27,1.8303633541541435e-30,3.8058153400448205e-31,500.0,5.878286595274803,1.1341982436407291e-29,1.7499436676632891,3.376465237216173e-30,5.230467936164007,1.0092035239290734e-29,2.596169301237573,5.0092329013433875e-30,9.550319427206619,0.0006359290073910005,2.7367423467993754,13.162049268749845,8.16496580927726,4.888912038001584,5.904829367890329,2.405150181773475,2.068299310482849,1.0159173298887456,0.39131397532682716,5.193667005386858,1.7281007612451698,2.3376644815449326,29.73021326646542,2.7804451760733606,4.211326271474647,5.100482892452908,5.9297737899699445,7.924322241114623,1.7184475184952976,5.143877065041262,0.7749131859787659,0.32808310405031693,0.7025528489840466,0.29744715101595337,1.1029962900290828,1.1798283280940838e+42,2.262994888050055,2.420629606272888e+42,1.3742984979996058,1.4700287878160797e+42,5.422919169543613,1.0463364277689614e-29,1.489699585431449,0.8025885872935002,1.646654559649169,3.2250916500427618,2.6698379405032417,1.2079728140483537,4.479868551021906,7.317528794048672,2.8376602430267663,1.0930181793899485,-0.9497714204773102,1.5543897284282624,-0.84941705575707,1.6168798425401936,-0.7988682299710523,2.320255249951524,0.9972598360412877,43.49969536527056,0.5903838015045045,25.10361842314767,42.6142046971633,28.597049717961294,0.9999999999742891,5.930788782865953,3.781699237468228,9.986874453102212,6.205175215633984,14.087854833626313,25.702833581632657,0.26642658987814666,0.19724658726862937,5.140623299004975e-31,3.805815337823772e-31,1.3111452649710826,0.8733223898539783,1.685050064589783e-30,0.8685126155226011,0.9999998617691349,0.06036153213132314,0.7602723487294383,8.316914161709857e+55,1081.5589988317347,1.0,
pair_xp1p5_zm1p5,phase2_interaction,0.015,0.0,-0.015,3.1337044478918634,0.7453940198968323,24.606181606172576,2.374887889262116,0.0985111939603062,1e-08,1e-08,2.278582633428736,0.0,4.2e-05,102270000000000.0,1.9294708164662168e-30,1.093938793855784e+56,1.069657567083e+42,13.115883555674452,5.999999999999998e-08,-0.0,1.111224489795918,25.702833551632658,0.0,5.999999999999998e-08,13.115883555674452,1.111224489795918,25.702833551632658,3.6215857791407418,0.0002449489742783178,1.0541463322499007,5.0697962041518645,370379577632723.7,25050931599.44356,107807545399197.34,518488057798611.2,0.27612213571184835,4082.4829046386308,0.9486348995453654,0.19724658738374115,5.3276960263633555e-31,7.87703162322247e-27,1.830363354154144e-30,3.8058153400448205e-31,500.0,5.842118421600899,1.1272197000818613e-29,1.7536688172774877,3.383652804683739e-30,5.184674361431727,1.0003677873263137e-29,2.6070392618472717,5.030206173115939e-30,9.441616316367655,0.000638591593092792,2.74820087590779,13.217157753788177,8.16496580927726,4.843701820909205,5.862827617817409,2.416403296677902,2.070370051631727,1.0191257969082042,0.3909130989404745,5.1424523976106125,1.7192494743506,2.3100729901694406,29.310604188172732,2.73376476062702,4.1618980062628514,5.052285778526112,5.8815969610578245,7.854687721882988,1.719698954794973,5.120922961255968,0.7885137031653885,0.32934044419079334,0.7053815607611146,0.2946184392388854,1.1178541473561818,1.1957211476146549e+42,2.3410449821616326,2.5041164800508773e+42,1.4006747732955063,1.498242370277804e+42,5.363651244641784,1.0349008546239023e-29,1.5256226630909226,0.7980825875275069,1.6713694190790802,3.2380236097031276,2.6838244948415206,1.2064960342700548,4.439704227716104,7.260951339130169,2.821247111414065,1.0821651797506924,-0.944528583216875,1.5346526052445304,-0.8434803858927228,1.5982870113339778,-0.792566862330445,2.3100243545881303,0.9971079778449922,43.45864385407638,0.5840219002886853,24.918525230749495,42.554469091573374,28.4437248282573,0.9999999933062469,5.896370682111755,3.723071794658111,9.976665694403934,6.253593899745823,13.671495800572412,25.702833581632657,0.2704531121463208,0.19724658726862937,5.218313871087909e-31,3.805815337823772e-31,1.2994363566569378,0.8772482149699723,1.6926248295816437e-30,0.863304923917914,0.9999998195901996,0.06487443937355425,0.7834260894729658,8.570201913932098e+55,1066.568248844562,1.0,
pair_xp1p5_zp1p5,phase2_interaction,0.015,0.0,0.015,3.1337044478918634,0.7453940198968323,25.355551399364163,2.374887889262116,0.0985111939603062,1e-08,1e-08,2.347975805604386,0.0,4.2e-05,102270000000000.0,1.9294708164662168e-30,1.093938793855784e+56,1.069657567083e+42,13.532242588728353,5.999999999999998e-08,-0.0,1.111224489795918,26.48560136964609,0.0,5.999999999999998e-08,13.532242588728353,1.111224489795918,26.48560136964609,3.678619658068547,0.0002449489742783178,1.0541463322499007,5.146416361862504,376212432430670.3,25050931599.44356,107807545399197.34,526324001327678.25,0.27184109610425133,4082.4829046386308,0.9486348995453654,0.19430996827433078,5.245094616493411e-31,7.87703162322247e-27,1.830363354154144e-30,3.749154131337977e-31,500.0,5.847660319179965,1.1282889930465265e-29,1.7454257035820475,3.367747957371574e-30,5.196049835409809,1.0025626518327316e-29,2.6072177803149024,5.0305506192894324e-30,9.590962579532242,0.0006386353210083278,2.7483890604956818,13.417828243551453,8.16496580927726,4.853910579607484,5.874786449435393,2.4135564182921314,2.0609018633028944,1.0208758698279095,0.39155757433681165,5.150533535741285,1.7212942283301813,2.313705085113312,29.359388166797387,2.740039679049342,4.1689628598918045,5.060427564494914,5.889408474691082,7.867051583234072,1.720445614799278,5.12701190418473,0.7909554166129306,0.32960517455323257,0.7058568923879308,0.2941431076120692,1.1205605911661631,1.1986161157158863e+42,2.339973766454881,2.5029706460641723e+42,1.4031193431308153,1.5008572229004052e+42,5.373012318525424,1.036707046510829e-29,1.5270698854737983,0.798621012996534,1.6676940403612703,3.2438252240504415,2.685089356227135,1.2080883701421379,4.444872369223234,7.279966615402292,2.8350942461790574,1.08740216010518,-0.9535786883476655,1.5616935605662847,-0.8538814446665268,1.6255954943932889,-0.7975037409490566,2.348736895626058,0.9970765545872714,43.45028454399522,0.5814021068499401,24.84242511509479,42.5291824514684,28.367949266922476,0.9999999854193581,5.901620900870869,3.731238801616734,9.950414600608358,6.219175798991624,14.087854833626313,26.48560139964609,0.26642658987814666,0.1943099681642842,5.140623299004975e-31,3.7491541292146604e-31,1.3172624994540834,0.8712922194892383,1.6811329101185627e-30,0.8640022923875635,0.9999998667800409,0.06426227149204658,0.7834260894729658,8.570201913932098e+55,1074.0336055950193,1.0,
pair_ym1p5_zm1p5,phase2_interaction,0.0,-0.015,-0.015,3.0870496668054983,0.7342965487090923,24.606181606172576,2.392766509451337,0.0941764533584248,1e-08,1e-08,2.211240339432115,0.0,4.2e-05,102270000000000.0,1.9294708164662168e-30,1.093938793855784e+56,1.069657567083e+42,12.728250615146603,5.999999999999998e-08,-0.0,1.0783828428921673,25.32016821289687,0.0,5.999999999999998e-08,12.728250615146603,1.0783828428921673,25.32016821289687,3.5676673913282055,0.0002449489742783178,1.0384521379881537,5.03191496479192,364865344111135.56,25050931599.44356,106202500152048.48,514613943449269.6,0.2802951873906918,4082.4829046386308,0.9629716800789211,0.19873149824608613,5.408213840662694e-31,7.87703162322247e-27,1.8580257537957205e-30,3.8344662617843035e-31,500.0,5.915329805408558,1.1413456229308598e-29,1.7779045947401562,3.430415030012327e-30,5.245926913621401,1.0121862885147185e-29,2.652030235701878,5.117014944172796e-30,9.461561792730045,0.0006496120859902603,2.7540064682738423,13.344790630108921,8.16496580927726,4.899412475519814,5.93662235926497,2.457158694002827,2.097946864133176,1.037209883745156,0.3911003237376935,5.19864121560573,1.7418376176353845,2.2982317157960055,29.103697353358868,2.7549863298048716,4.203628911668696,5.108616717306293,5.950327468715774,7.944840954349816,1.746698557047078,5.189854624544944,0.7847022979327307,0.32517936199241804,0.7070143838448971,0.2929856161551028,1.1098816599251489,1.1871933161055763e+42,2.3453527521489588,2.5087243188150737e+42,1.3942341444173108,1.4913531028614686e+42,5.419676398692923,1.045710744596872e-29,1.5217430310376194,0.7960511255367364,1.6821799706599116,3.2473381640360213,2.69142957467851,1.2065477003699472,4.489340038864016,7.3519697201136855,2.862629681249669,1.079410650268116,-0.9184289973501194,1.4927420606988486,-0.8205453946095804,1.555085759995119,-0.7685696128438286,2.2552085271283673,0.9970366493078611,43.43973311985304,0.5796607800968281,24.79187983851785,42.51660233242173,28.332138772137945,0.9999999986048167,5.971040460019167,3.753698070752948,10.103226166209136,6.349528095456188,13.267442036592687,25.32016824289687,0.2745404875057104,0.19873149812835497,5.2971785858067625e-31,3.834466259512715e-31,1.263931986918772,0.8894840146246787,1.7162334479315273e-30,0.8610123008053059,0.9999998227992788,0.06690386869277189,0.7717623942013743,8.442608226559035e+55,1095.280946109705,1.0,
pair_ym1p5_zp1p5,phase2_interaction,0.0,-0.015,0.015,3.0870496668054983,0.7342965487090923,25.355551399364163,2.392766509451337,0.0941764533584248,1e-08,1e-08,2.2785826334287367,0.0,4.2e-05,102270000000000.0,1.9294708164662168e-30,1.093938793855784e+56,1.069657567083e+42,13.132304379126333,5.999999999999998e-08,-0.0,1.0783828428921673,26.091282136358934,0.0,5.999999999999998e-08,13.132304379126333,1.0783828428921673,26.091282136358934,3.6238521464218616,0.0002449489742783178,1.0384521379881537,5.107962620885057,370611359014563.8,25050931599.44356,106202500152048.48,522391337237914.75,0.2759494481548827,4082.4829046386308,0.9629716800789211,0.19577277169399684,5.324364070348035e-31,7.87703162322247e-27,1.8580257537957205e-30,3.7773784964227033e-31,500.0,5.920871702987624,1.142414915895525e-29,1.7695516128111637,3.4142981951498664e-30,5.257302387599483,1.0143811530211366e-29,2.652283533693411,5.117503675255328e-30,9.611483376494228,0.0006496741310734731,2.754269506114698,13.547765150094875,8.16496580927726,4.909912913038044,5.948581190882953,2.4543225871590693,2.0883477625519102,1.0386682778449092,0.39161283650489737,5.2067817064198785,1.743904936586252,2.3018326134768414,29.15194093641888,2.761288935889428,4.210736192064677,5.116822715967748,5.958211954975548,7.9573042280575,1.747475762910871,5.196015292168072,0.7871389218273993,0.32544157967791953,0.7074894093168108,0.292510590683189,1.112580501505319,1.1900801524241636e+42,2.3442321019425556,2.5075256068417413e+42,1.3966657140673517,1.4939540497375245e+42,5.429128412687039,1.0475344831127196e-29,1.5231687070856321,0.79659756110521,1.6784489504762836,3.2531723499590095,2.692718895457472,1.2081366367083486,4.494541621367003,7.371203915743948,2.8766622943769447,1.0845983311486602,-0.9272256049465436,1.5190530929939863,-0.8306976376029482,1.5816875057886575,-0.773211255046201,2.293335107414756,0.9969989967384899,43.429842095978174,0.5768605807830653,24.7106588382647,42.49025744019657,28.25290644412416,0.9999999855011914,5.976290678778282,3.762156756531522,10.076088193879327,6.313931437347805,13.671495800572417,26.091282166358933,0.2704531121463208,0.19577277158144618,5.218313871087909e-31,3.7773784942510712e-31,1.2812760045555711,0.8834432433568804,1.7045779560613627e-30,0.8617164266663632,0.9999998692031905,0.06627782698682731,0.7717623942013743,8.442608226559035e+55,1102.9417171820064,1.0,
pair_yp1p5_zm1p5,phase2_interaction,0.0,0.015,-0.015,3.0870496668054983,0.7566592078837036,24.606181606172576,2.322049571921505,0.1061836546545359,1e-08,1e-08,2.347975805604385,0.0,4.2e-05,102270000000000.0,1.9294708164662168e-30,1.093938793855784e+56,1.069657567083e+42,13.515321676751114,5.999999999999998e-08,-0.0,1.1450663137503871,25.320168212896878,0.0,5.999999999999998e-08,13.515321676751114,1.1450663137503871,25.320168212896878,3.676319039032265,0.0002449489742783178,1.0700777138836166,5.031914964791921,375977148121829.75,25050931599.44356,109436847798877.47,514613943449269.7,0.27201121267843903,4082.4829046386308,0.9345115658662915,0.1987314982460861,5.248376966146335e-31,7.87703162322247e-27,1.8031127939891562e-30,3.834466261784303e-31,500.0,5.800700029167881,1.119228142135416e-29,1.734319429609113,3.3463187258611186e-30,5.1581315888162,9.952464368113378e-30,2.552170150777387,4.924337824581152e-30,9.382591716152753,0.0006251514606166606,2.731020400385871,12.842303174391985,8.16496580927726,4.823284303512646,5.820242510104587,2.3681871321073826,2.0505665492899547,0.9969582065919411,0.39063155968980723,5.129736803963595,1.70373763202347,2.3462018625045458,29.893394538215034,2.752912559337623,4.162605902565352,5.036324696885687,5.8538230224235,7.822533168453597,1.6912171198581474,5.069620609115974,0.7761582922180259,0.33199814852302134,0.7004049822595378,0.29959501774046204,1.1081564407410474,1.1853479223504255e+42,2.2603363021118703,2.4177858297063682e+42,1.3782730919331734,1.4742802422932023e+42,5.357632487494111,1.033739552997119e-29,1.4922540475181956,0.8040180478215251,1.6399770954981863,3.2100124343697454,2.6610315681400354,1.2063037781297077,4.425437450974175,7.20844928381196,2.7830118328377846,1.0904491740059274,-0.9674345747082831,1.5702915301333125,-0.8622107887405317,1.6336333864613999,-0.8183575238404883,2.338067670238461,0.9973953525545146,43.537298114019144,0.5970186469758089,25.297122619398966,42.68619784793295,28.778870462439702,0.9999999990728733,5.8517438226592775,3.7420309179549145,9.887120296679027,6.145089378724113,14.087854833626308,25.320168242896877,0.2664265898781467,0.19873149812835494,5.1406232990049766e-31,3.8344662595127147e-31,1.3296732341508666,0.8672165086769726,1.6732689450499404e-30,0.8700598234122193,0.9999998095307132,0.059047010929965234,0.7717623942013745,8.442608226559038e+55,1045.9809751308885,1.0,
pair_yp1p5_zp1p5,phase2_interaction,0.0,0.015,0.015,3.0870496668054983,0.7566592078837036,25.355551399364163,2.322049571921505,0.1061836546545359,1e-08,1e-08,2.4194823144982,0.0,4.2e-05,102270000000000.0,1.9294708164662168e-30,1.093938793855784e+56,1.069657567083e+42,13.944360730114003,5.999999999999998e-08,-0.0,1.1450663137503871,26.091282136358938,0.0,5.999999999999998e-08,13.944360730114003,1.1450663137503871,26.091282136358938,3.7342148746575905,0.0002449489742783178,1.0700777138836166,5.107962620885057,381898155231231.75,25050931599.44356,109436847798877.47,522391337237914.75,0.2677939094470816,4082.4829046386308,0.9345115658662915,0.19577277169399684,5.167005331055407e-31,7.87703162322247e-27,1.8031127939891562e-30,3.7773784964227033e-31,500.0,5.806241926746948,1.1202974351000813e-29,1.726155441836661,3.330566549708185e-30,5.169507062794283,9.974413013177559e-30,2.5521322272303046,4.9242646522038e-30,9.53021012501641,0.0006251421712827018,2.730979819243307,13.036196020248525,8.16496580927726,4.833493062210925,5.831909662902621,2.36522622164242,2.041202914366628,0.9984166006916961,0.3912088057346564,5.137881870916786,1.7057766159686991,2.3499265175248616,29.943644444359883,2.759289876393673,4.169755294197661,5.044516500412317,5.8616506999098075,7.834968846555116,1.6918954057121462,5.075678970161443,0.7785427227005831,0.3322624961149549,0.7008814052302982,0.2991185947697019,1.110805218815538,1.1881812078613278e+42,2.259315778472131,2.416694218872734e+42,1.38068377807927,1.4768588509712368e+42,5.367003322990408,1.0355476283587202e-29,1.4936797235662087,0.8045326789895569,1.636374537271065,3.2157175497754684,2.662224578186001,1.2079061909820579,4.43065956283303,7.22738339967282,2.7967238368397895,1.0958381415350595,-0.9767155520986313,1.597933372738627,-0.8728531941210591,1.6615259865840508,-0.8236623226071189,2.3769082868086087,0.9973661015396522,43.529100557792596,0.5945725591878089,25.225724624104803,42.660637953399274,28.705954545221346,0.9999999989344664,5.8569940414183925,3.7501979249135378,9.861160881703404,6.110962956789866,14.516893886989196,26.091282166358937,0.2624600147166908,0.19577277158144618,5.064089388851487e-31,3.7773784942510712e-31,1.3478986044663146,0.8613335982248735,1.661918041016731e-30,0.8707367300899851,0.9999998591782712,0.05847572768085572,0.7717623942013745,8.442608226559038e+55,1053.3181423559238,1.0,
validation_01,phase2_validation,-0.0166906968976708,-0.0177588310503958,-0.0167414382814477,3.0359522683218523,0.7322735404424437,24.563368748357654,2.379436546419164,0.094710565178513,1e-08,1e-08,2.195246843266748,0.0,4.2e-05,102270000000000.0,1.9294708164662168e-30,1.093938793855784e+56,1.069657567083e+42,12.635256521568374,5.999999999999998e-08,-0.0,1.072449076064223,24.857738326400852,0.0,5.999999999999998e-08,12.635256521568374,1.072449076064223,24.857738326400852,3.5546106005536493,0.0002449489742783178,1.0355911722606672,4.985753536467768,363530026118621.7,25050931599.44356,105909909187098.44,509893014174558.6,0.28132476728794,4082.4829046386308,0.9656320242833157,0.20057148687467313,5.4280792843123e-31,7.87703162322247e-27,1.863158810299855e-30,3.869968305399186e-31,500.0,5.942747614483936,1.1466358091770983e-29,1.7849967960179738,3.444099225402381e-30,5.272469686236926,1.017307639029694e-29,2.6551693134675123,5.123071703112205e-30,9.438092987916374,0.0006503809998691324,2.749669901884372,13.238019794541344,8.16496580927726,4.9253718904954376,5.963456810700446,2.4609519060435967,2.1070749800580915,1.0380849202050086,0.39096750438461647,5.22858624459923,1.7490612099048826,2.306745577553563,29.23165286018989,2.7772127330966225,4.230616715850716,5.137188324550055,5.981342313052822,7.987360166529225,1.7507255972021056,5.210147433432603,0.7765072482680396,0.32371736351748487,0.7057715669601929,0.294228433039807,1.1002246117855246,1.1768635814873424e+42,2.3099140283700335,2.4708170197571818e+42,1.379531227051572,1.4756260160430104e+42,5.452778486705092,1.0520976958752295e-29,1.5034914637841255,0.7975351265784678,1.6744195296738145,3.2400569024166606,2.685686757947666,1.206416531201364,4.514462897826149,7.385103575522358,2.8706406776962083,1.0811516475185914,-0.9115280668605297,1.4804737538696104,-0.8138762545733125,1.5419553503399948,-0.7644675144513393,2.230737814784889,0.9971073801459978,43.45848443110825,0.5830242585203251,24.889537590937337,42.54952537722054,28.41886985887855,0.9999999907938514,5.998166590274595,3.782574273928081,10.145310504693162,6.362736230765082,13.171481059600486,24.85773835640085,0.27553875652245463,0.2005714867536415,5.316439895154666e-31,3.8699683030639165e-31,1.2538392606199813,0.8930567713952333,1.7231269778546445e-30,0.8626810257327325,0.999999817253131,0.06542415100019768,0.7589880445804634,8.302864660393122e+55,1103.7096792643051,1.0,
validation_02,phase2_validation,-0.0122683900042898,0.010103876561482,0.0044575806308353,3.049407911528781,0.7529635655442194,25.089646645662924,2.319176487286364,0.105409638862924,1e-08,1e-08,2.3707798020031348,0.0,4.2e-05,102270000000000.0,1.9294708164662168e-30,1.093938793855784e+56,1.069657567083e+42,13.657724680981744,5.999999999999998e-08,-0.0,1.1339082620741274,25.502855629582022,0.0,5.999999999999998e-08,13.657724680981744,1.1339082620741274,25.502855629582022,3.695635896700559,0.0002449489742783178,1.0648512863654378,5.0500352107269535,377952683155566.2,25050931599.44356,108902341056593.33,516467101001045.56,0.27058942708419786,4082.4829046386308,0.9390982692176774,0.19801842131236344,5.2209440280327305e-31,7.87703162322247e-27,1.811962704249443e-30,3.820707650449172e-31,500.0,5.83511812992208,1.1258690142317579e-29,1.737880613987203,3.3531899271906985e-30,5.193716404850202,1.0021124232160303e-29,2.5637736056275693,4.9467263520847625e-30,9.474773767970667,0.0006279937149802975,2.730037621902274,12.947146980751624,8.16496580927726,4.856535688987041,5.859035793158048,2.3771909961920303,2.0551337967690237,1.0025001041710073,0.3910252067384132,5.163821599682771,1.7139964885549828,2.3506164550031943,29.94913196354772,2.7739650405821172,4.191226655145314,5.069719582696297,5.891024414856189,7.873813028455495,1.6997977597108749,5.099847987873378,0.7725879039003064,0.3304196617691124,0.7004375381880725,0.2995624618119275,1.1030075656694187,1.1798403891680928e+42,2.2422870080368362,2.3984792657185016e+42,1.3707540295613088,1.4662374203297683e+42,5.394177924843513,1.0407908884811856e-29,1.4828045720773992,0.8046721307267806,1.6358055199403279,3.2121705559091804,2.66055125905083,1.2073327078295588,4.453482730834165,7.259316942443461,2.8058342116092962,1.094415749288625,-0.9636303039746337,1.5720803776810608,-0.8604057252704029,1.634950101689328,-0.8138767815054372,2.337843277281702,0.9973691035455896,43.52993976817038,0.5961478138764447,25.271696203993088,42.6719044282693,28.750068053350276,0.9999999812167302,5.886453602233426,3.7700320846701945,9.920371682153425,6.15033959748323,14.224678812018807,25.50285565958202,0.265142145068874,0.1980184211958951,5.1158403112564445e-31,3.820707648201949e-31,1.327873175376329,0.8678041069650416,1.674402698798575e-30,0.8708657876158892,0.9999998428470788,0.05836707305245812,0.7623519553821956,8.339663785643976e+55,1061.7079836971143,1.0,
validation_03,phase2_validation,-0.0022073971764227,0.017230356477012,-0.0037629185249522,3.0802428375392807,0.75834871104569,24.884242645007703,2.314320622315864,0.1073719536821934,1e-08,1e-08,2.3851246618283866,0.0,4.2e-05,102270000000000.0,1.9294708164662168e-30,1.093938793855784e+56,1.069657567083e+42,13.735655203425658,5.999999999999998e-08,-0.0,1.150185535089319,25.549836694958177,0.0,5.999999999999998e-08,13.735655203425658,1.150185535089319,25.549836694958177,3.7061644868280816,0.0002449489742783178,1.0724670321689702,5.054684628634924,379029442067907.94,25050931599.44356,109681203379920.58,516942596970493.6,0.2698207280205875,4082.4829046386308,0.9324295945746583,0.1978362793071151,5.2061122039339195e-31,7.87703162322247e-27,1.7990956911412295e-30,3.8171932736133786e-31,500.0,5.79661652568857,1.118440242056189e-29,1.728412298427508,3.334921088637174e-30,5.158714946456103,9.953589939655132e-30,2.5441010036320733,4.908768640650498e-30,9.42885679056487,0.0006231749313001151,2.728464452903388,12.859628236753723,8.16496580927726,4.824159339972499,5.818492437184883,2.359987042770815,2.044141205939793,0.994333097212384,0.39083868753356465,5.130962284953674,1.702222824166871,2.3530622701831736,30.00028660405566,2.7582035486650662,4.165426186440115,5.03707151235231,5.852704983783969,7.822525726080598,1.687278797343854,5.064322177415532,0.7752110881773532,0.33249140927620213,0.699836905630753,0.300163094369247,1.1077024974535554,1.1848623584779331e+42,2.2482288066931346,2.404834955613295e+42,1.3759078754404082,1.4717502705739266e+42,5.360257570113587,1.0342460550276282e-29,1.4879155011265464,0.8050702501422895,1.6339966118541978,3.207994056986534,2.658104137629657,1.2068729782149308,4.425334631717932,7.207863480019406,2.7825288483014745,1.0937179162026236,-0.9743527659536134,1.5859849046658456,-0.8690699185553301,1.6494141187715652,-0.8243970733720674,2.356370721554807,0.9974172883482895,43.543475756175305,0.5982463757141036,25.332984795679632,42.69434779912394,28.80592238435393,0.9999999952954159,5.847076961540064,3.747864494353931,9.864369348722864,6.116504854368933,14.310747970970317,25.549836724958176,0.2643436201600503,0.19783627919096777,5.100433006178478e-31,3.8171932713723503e-31,1.3410327220707543,0.8635357313084742,1.6661669925355132e-30,0.8712987265662366,0.9999998284113123,0.058003198787248196,0.7700606868848199,8.423992590065364e+55,1045.721609590276,1.0,
validation_04,phase2_validation,0.010999625234478,0.0019447359453563,-0.0136949715867342,3.121193496627169,0.7468450248942589,24.63831433481211,2.365537593851447,0.099678449937803,1e-08,1e-08,2.2904495262162974,0.0,4.2e-05,102270000000000.0,1.9294708164662168e-30,1.093938793855784e+56,1.069657567083e+42,13.184919666088476,5.999999999999998e-08,-0.0,1.1155549824186126,25.633648793223845,0.0,5.999999999999998e-08,13.184919666088476,1.1155549824186126,25.633648793223845,3.6311044691785552,0.0002449489742783178,1.0561983631963328,5.0629683776638235,371353054062890.8,25050931599.44356,108017406604088.95,517789775983679.25,0.2753983005689243,4082.4829046386308,0.9467918478624964,0.19751259052133846,5.313729838521309e-31,7.87703162322247e-27,1.826807239718809e-30,3.8109477929556445e-31,500.0,5.839201633401391,1.1266569143109848e-29,1.7510850431184322,3.378667487847502e-30,5.184091003791824,1.000255230172138e-29,2.599101199556747,5.01488991358708e-30,9.437607981557846,0.0006366471728769705,2.745166432753461,13.15916718370392,8.16496580927726,4.843993499729155,5.859910829617901,2.409396891049149,2.067868476573164,1.0159173298887456,0.3908725562752236,5.144028264720173,1.717767352537251,2.31647907670516,29.412574029354573,2.7392116982568355,4.16514028047262,5.053247487174304,5.881011033075341,7.854846717472414,1.7158707526027204,5.115635019215579,0.7859290440554326,0.3295944753178318,0.7045383000951803,0.29546169990481974,1.1155235193732644,1.1932281737566719e+42,2.3251581248234863,2.487122982881961e+42,1.3958630874316647,1.4930955140831193e+42,5.3666514268594385,1.0354797310272068e-29,1.5187731365115853,0.7991639935301861,1.6657494175175085,3.2333709525662298,2.679879540732393,1.2065359294778493,4.440402599875159,7.257426188122724,2.817023588247565,1.083845288028024,-0.9476090607072447,1.5399216793980277,-0.8459008680531599,1.6033404858328568,-0.7962374512079075,2.313236802671197,0.9971785330581899,43.47757973574963,0.5862934362753691,24.98456487088378,42.580642443901475,28.501126326898724,0.999999991142771,5.892870536272344,3.729488728697029,9.966165256885702,6.236676528188673,13.742697157297782,25.633648823223844,0.26975158916937775,0.19751259040576033,5.2047781899769875e-31,3.8109477907255984e-31,1.3036878974704786,0.8758166214416707,1.689862611647744e-30,0.8645330856851805,0.999999820240768,0.0637979432508916,0.7802983516567925,8.53598637659088e+55,1064.6889253155034,1.0,
validation_05,phase2_validation,0.0195131290489759,0.0096082345211527,0.0162620183224917,3.147879222700822,0.7525904576179244,25.387570770073555,2.3574925180826822,0.1019099922735024,1e-08,1e-08,2.3965545099780527,0.0,4.2e-05,102270000000000.0,1.9294708164662168e-30,1.093938793855784e+56,1.069657567083e+42,13.812934662970758,5.999999999999998e-08,-0.0,1.1327847937951137,26.639002150653756,0.0,5.999999999999998e-08,13.812934662970758,1.1327847937951137,26.639002150653756,3.716575663560579,0.0002449489742783178,1.0643236320758427,5.1612984946284355,380094193112340.44,25050931599.44356,108848377852396.44,527845997045650.1,0.269064884055656,4082.4829046386308,0.939563841168887,0.19374969322947297,5.191528415212545e-31,7.87703162322247e-27,1.8128610117422673e-30,3.7383437878555025e-31,500.0,5.806825284386849,1.1204099922542565e-29,1.7305732374950296,3.339090557504119e-30,5.163381807575315,9.962594511989154e-30,2.5769122917486964,4.972077063522187e-30,9.577289510643324,0.0006312120226690324,2.7426686498948563,13.300213532192059,8.16496580927726,4.8247426976124,5.833659735822326,2.386270437607715,2.0443755734659455,1.0089170382099253,0.3915216833108715,5.122460194496365,1.7082075704802249,2.325591758424097,29.55824571460102,2.7336017464982225,4.149869421973233,5.031741193484802,5.852919719908718,7.82000337394924,1.7030502979354853,5.086401627451018,0.7907351511015919,0.33204728962590796,0.7042639093903535,0.2957360906096465,1.1227824407274998,1.2009927339120901e+42,2.324115943022781,2.4860082052325605e+42,1.4024248558258614,1.500114359299418e+42,5.346170408859148,1.0315279783748988e-29,1.5232653449967402,0.8006007851781224,1.657212458384555,3.2348929660426675,2.6776656896588222,1.20810188461385,4.419489744246417,7.229290901356629,2.809801157110212,1.0903751618195268,-0.9705745821186346,1.5895203834056906,-0.8686300216545852,1.6539387012543942,-0.8138202298970938,2.381873916002222,0.9971718355952656,43.47577217772637,0.5856040616917474,24.96451733123932,42.57097060221192,28.47501962331759,0.9999999960760404,5.85961915079795,3.7204466852785534,9.874869786241092,6.154423100962539,14.379327059868315,26.639002180653755,0.26371250191743434,0.1937496931203756,5.088255763869808e-31,3.7383437857505005e-31,1.340540760190603,0.8636941702404278,1.66647269583091e-30,0.8662519029321667,0.9999998660832412,0.06230397606104274,0.7869697831752056,8.608967754076323e+55,1057.4935894091082,1.0,
validation_06,phase2_validation,0.0074415802694216,-0.0109447115094505,0.0086197077368819,3.110107883072302,0.7372803791090815,25.194290563626883,2.3919662668354014,0.0950069227198506,1e-08,1e-08,2.2825286430135647,0.0,4.2e-05,102270000000000.0,1.9294708164662168e-30,1.093938793855784e+56,1.069657567083e+42,13.151589500662155,5.999999999999998e-08,-0.0,1.0871647148384613,26.1189872001167,0.0,5.999999999999998e-08,13.151589500662155,1.0871647148384613,26.1189872001167,3.6265120295763746,0.0002449489742783178,1.04267191140764,5.110673849906361,370883385264775.8,25050931599.44356,106634056379659.33,522668614629923.5,0.2757470516695938,4082.4829046386308,0.9590744596255293,0.19566891360487076,5.320458889230832e-31,7.87703162322247e-27,1.8505061806655655e-30,3.7753745849024765e-31,500.0,5.896370682111755,1.1376875154201631e-29,1.7642521413318455,3.404073019587827e-30,5.234551439643319,1.0099914240083004e-29,2.641235254686387,5.096186343339099e-30,9.578471424061403,0.000646967866463162,2.7539418114811,13.498491947576484,8.16496580927726,4.888620359181632,5.922621775907329,2.444791727616308,2.082084405888855,1.0340014167256966,0.39148402812322414,5.184946677657944,1.7365600416875397,2.301618041237274,29.156599146628835,2.7496746644918173,4.193136924340383,5.095272851960446,5.9333275473668605,7.923732861712431,1.7401906230264776,5.174058197220614,0.7894627717909805,0.3266752960294401,0.707316410533898,0.29268358946610185,1.1161380678204207,1.1938855301535118e+42,2.3521971061685787,2.516045433883955e+42,1.4011743478413319,1.4987767439710682e+42,5.406273123892685,1.0431246218396584e-29,1.528195700773235,0.7965732954931398,1.6787326358011088,3.251521550977934,2.69210718662925,1.2077979536353896,4.4760281110888105,7.338144699415735,2.8621165883269244,1.0836280423141498,-0.9327986167077142,1.525593195107224,-0.8352071479239338,1.5886626716580599,-0.7786597664178342,2.302835175437293,0.9970068397184444,43.43189725924048,0.5778341060853658,24.738888103389836,42.496823934562535,28.27843611949257,0.9999999969863551,5.951789657902412,3.7461144214342266,10.04411000913077,6.297995587696544,13.695171858081386,26.118987230116698,0.2702192328868969,0.19566891349249912,5.213801239031558e-31,3.775374582734298e-31,1.287838050104875,0.8811896220927394,1.700229659600835e-30,0.8616701400555994,0.9999998603074826,0.06631890593786226,0.7775269482680757,8.505668919787474e+55,1092.5866123389746,1.0,
validation_07,phase2_validation,-0.0096297463073575,-0.0069259474504271,-0.0097270843377641,3.057464837497719,0.7402492966919242,24.736270599284065,2.362124217002709,0.0982088312415702,1e-08,1e-08,2.2591183316227146,0.0,4.2e-05,102270000000000.0,1.9294708164662168e-30,1.093938793855784e+56,1.069657567083e+42,13.006740968483397,5.999999999999998e-08,-0.0,1.0959380425057765,25.210092492713223,0.0,5.999999999999998e-08,13.006740968483397,1.0959380425057765,25.210092492713223,3.606485958448112,0.0002449489742783178,1.0468705949188641,5.020965294912246,368835318970488.44,25050931599.44356,107063455742352.23,513494120710675.44,0.27727821805531294,4082.4829046386308,0.9552279000419371,0.199164889869544,5.350002297794824e-31,7.87703162322247e-27,1.843084356205226e-30,3.842828426679932e-31,500.0,5.894912288012,1.1374061225347248e-29,1.7660226615399353,3.4074891866593e-30,5.235134797283219,1.0101039811624756e-29,2.621210233603557,5.057548649560658e-30,9.453357901631724,0.000642062758089021,2.7440679166599704,13.16100561359228,8.16496580927726,4.891828826201092,5.916496520688362,2.4296691862539914,2.0857426942577035,1.0246676944872704,0.390913968422361,5.195104497842307,1.7340017766331148,2.319205106764823,29.439874460702633,2.7683521988193087,4.207286800561477,5.103228218197676,5.938351177536767,7.932009215329601,1.7310643769752891,5.163657016510292,0.777776701054515,0.32657370954949616,0.7042843408996601,0.2957156591003399,1.1043504106040112,1.1812767734137988e+42,2.29705889591752,2.4570664300534968e+42,1.3810931864616984,1.4772967777455284e+42,5.420542706536223,1.0458778961670443e-29,1.5019572091823183,0.799620490079536,1.663217890316646,3.232338361164156,2.6785794635230147,1.2067360349701208,4.484034610206262,7.3282464341147735,2.8442118239085117,1.085075812480092,-0.9317605286625215,1.5156642146993928,-0.8319625238355557,1.5778735368470742,-0.7830125682574033,2.2748726846526384,0.9971909476122689,43.48093592921999,0.5868202416489657,24.99988808613543,42.58524065372267,28.51331484546667,0.999999992978021,5.948872869702904,3.76857369057044,10.05148057064686,6.282906880076419,13.554709989736285,25.21009252271322,0.27161570965573434,0.19916488975104094,5.240745850745006e-31,3.84282842439345e-31,1.2824990555359406,0.8830218965161104,1.7037649796284868e-30,0.8650622797054388,0.9999998266566686,0.06333640771090814,0.7643661868744301,8.36169824533559e+55,1085.4780447732985,1.0,
validation_08,phase2_validation,0.0042447431931197,-0.0008398559478993,0.010928888105964,3.1001812502483137,0.7447682591069361,25.252535948477117,2.364135602578759,0.0992424671549075,1e-08,1e-08,2.334511762260797,0.0,4.2e-05,102270000000000.0,1.9294708164662168e-30,1.093938793855784e+56,1.069657567083e+42,13.452390813791604,5.999999999999998e-08,-0.0,1.109359519546352,26.09581279289675,0.0,5.999999999999998e-08,13.452390813791604,1.109359519546352,26.09581279289675,3.6677501024185934,0.0002449489742783178,1.053261372854028,5.108406091228138,375100802974349.56,25050931599.44356,107717040601781.45,522436690949901.7,0.27264671040171967,4082.4829046386308,0.9494319508654291,0.19575577629138424,5.2606387092563425e-31,7.87703162322247e-27,1.8319012414154324e-30,3.777050575089152e-31,500.0,5.861077544897704,1.1308778075925582e-29,1.749364870585655,3.375348465146222e-30,5.209175382307596,1.0050951878016755e-29,2.6060227716841875,5.0282448850110425e-30,9.558240287749866,0.0006383426048699805,2.7448231221929467,13.312622600750739,8.16496580927726,4.867327805325222,5.887036959873328,2.413417554302984,2.066139137808938,1.0197091545481056,0.39128942602796246,5.166739712984279,1.7245086561792273,2.320401878514621,29.462842983950118,2.753625603295141,4.184258881633332,5.075633867937851,5.905438974862277,7.889201945137764,1.721180093228945,5.135576341842624,0.7850991342708135,0.3288347344310945,0.7047986925702394,0.2952013074297606,1.113933868701908,1.191527791887037e+42,2.3146193364255754,2.475850088124249e+42,1.3928338237131648,1.489855239223936e+42,5.39129974043815,1.04023555119973e-29,1.5142001819538586,0.7997607824688407,1.6618058069949915,3.237380421721814,2.6803047147494503,1.2078404384049437,4.45842931054391,7.294796178214608,2.836366867670698,1.0883891340050136,-0.9496016964829191,1.5531949063686847,-0.8496558278998876,1.6165025056713396,-0.7958735652225594,2.331008184422766,0.9971420481459161,43.467758667107525,0.5844163061270805,24.929987902241937,42.55934655253636,28.44619017185695,0.9999999987345708,5.914746447768657,3.748447851993833,9.972873869744571,6.224426017750739,14.00707057356478,26.09581282289675,0.26719377852689524,0.19575577617886286,5.155425980089821e-31,3.7770505729180854e-31,1.3107844260748538,0.8734425877280132,1.685281982879935e-30,0.8652820639294676,0.999999859593383,0.06314513299476028,0.7750452900620785,8.478521097941164e+55,1077.083786411887,1.0,
corridor_x_m3p0pct,corridor,-0.03,0.0,0.0,2.995813560993806,0.7453940198968323,24.97805641873278,2.322049571921505,0.1030454533953516,1e-08,1e-08,2.313019,0.0,4.2e-05,102270000000000.0,1.9294708164662168e-30,1.093938793855784e+56,1.069657567083e+42,13.322501755102039,5.999999999999998e-08,-0.0,1.1112244897959176,24.943200018836023,0.0,5.999999999999998e-08,13.322501755102039,1.1112244897959176,24.943200018836023,3.6500002404249288,0.0002449489742783178,1.0541463322499005,4.994316771975525,373285524588257.44,25050931599.44356,107807545399197.33,510768776269936.94,0.27397258469319474,4082.4829046386308,0.9486348995453656,0.2002275878076603,5.286221066773382e-31,7.87703162322247e-27,1.8303633541541442e-30,3.8633328732630748e-31,500.0,5.89112046335264,1.1366745010325855e-29,1.7563763573729476,3.388876924282341e-30,5.242135088962041,1.0114546670125792e-29,2.5907076682324126,4.998694839849682e-30,9.456083611919013,0.0006345911859885018,2.73098498639889,12.938814758738742,8.16496580927726,4.901454227259469,5.914163090128755,2.4024619700603056,2.0767914276722363,1.0127088628692862,0.39090047684161794,5.211408584842796,1.73052135454659,2.3479835480969853,29.893371536213046,2.797764061540799,4.229158360977199,5.11661005127149,5.946274881846023,7.947079054536434,1.7171165208688235,5.1493149929956346,0.7657810263407412,0.3271863481391832,0.7006439937927049,0.299356006207295,1.0929673744799244,1.1691008226872902e+42,2.226130142398806,2.3811969521284393e+42,1.3589439669467758,1.453604697486409e+42,5.443372146247692,1.0502827699349998e-29,1.4707248369465933,0.8042769982161682,1.6381324002640016,3.2128671314479904,2.6616272432921217,1.2071063442655665,4.4949771665515055,7.3270113802618075,2.832034213710302,1.0931508206954672,-0.9433310194695674,1.5372466154663784,-0.8419180154724293,1.598864037196781,-0.7969285008596453,2.2872408179095327,0.9973749131210383,43.53156519163135,0.5960733494419922,25.26952241751015,42.672114024893574,28.748087215546533,0.9999999900463434,5.942747614483936,3.802700112504688,10.0171308269348,6.214430714430112,13.878113999999998,24.943200048836022,0.26843230131837004,0.2002275876872502,5.179322915906609e-31,3.863332870939797e-31,1.2991861048115787,0.8773326995611782,1.6927878401348168e-30,0.8703998206818391,0.9999998361263546,0.05875977474923782,0.7489533677484518,8.193091437689689e+55,1081.621670092219,1.0,
corridor_x_m5p0pct,corridor,-0.05,0.0,0.0,2.936492477960515,0.7453940198968323,24.97805641873278,2.298944792638213,0.1051271096376024,1e-08,1e-08,2.313019,0.0,4.2e-05,102270000000000.0,1.9294708164662168e-30,1.093938793855784e+56,1.069657567083e+42,13.322501755102039,5.999999999999998e-08,-0.0,1.1112244897959185,24.449291565894065,0.0,5.999999999999998e-08,13.322501755102039,1.1112244897959185,24.449291565894065,3.6500002404249288,0.0002449489742783178,1.054146332249901,4.94462248972498,373285524588257.44,25050931599.44356,107807545399197.38,505686542024173.75,0.27397258469319474,4082.4829046386308,0.9486348995453653,0.20223990852244414,5.286221066773382e-31,7.87703162322247e-27,1.8303633541541435e-30,3.902160014188533e-31,500.0,5.912121338389099,1.1407265585828957e-29,1.7594943589276202,3.394893017287778e-30,5.265469394558107,1.0159569531795906e-29,2.583531175815447,4.984848007166555e-30,9.42988941287168,0.00063283331153205,2.7234199132391272,12.77458635484268,8.16496580927726,4.925080211675486,5.934872286345264,2.3969539185887068,2.0818592602646815,1.009792074669778,0.3908573212208498,5.240830573492075,1.7351773496451992,2.364393884704373,30.14656580575346,2.8254738508669415,4.257987656911652,5.143856509068437,5.973827011076209,7.986206776067488,1.7158393541645571,5.160732925200547,0.7552492861288769,0.32615784111527857,0.6983949588473166,0.30160504115268333,1.0814071272441554,1.1567353167541995e+42,2.177303141164517,2.3289687807802113e+42,1.3403101414610876,1.4336728850519385e+42,5.477188282004602,1.0568074946418614e-29,1.446741608906544,0.8068335035242672,1.6244771070604702,3.2003710925483557,2.6514981610534543,1.2070048320443985,4.518883123206609,7.352697556320503,2.8338144331138935,1.096876422332875,-0.9407588229381477,1.5323544622104683,-0.8388821564129668,1.593020744257129,-0.7976199238536281,2.2689957190211434,0.9974974915939465,43.56628868329369,0.6018661722447434,25.438825440613556,42.73088179552246,28.898328654865626,0.9999999796771573,5.9625817742405935,3.836534855618984,10.041654356530966,6.205119500911982,13.878113999999998,24.449291595894064,0.26843230131837004,0.202239908398367,5.179322915906609e-31,3.902160011794501e-31,1.295081787996883,0.8787218021571074,1.6954680730547393e-30,0.873337528795257,0.9999998320473567,0.056302540821317686,0.734123096990129,8.030857352630545e+55,1086.7960829640951,1.0,
corridor_x_m8p0pct,corridor,-0.08,0.0,0.0,2.849706009535573,0.7453940198968323,24.97805641873278,2.2647179637161905,0.1083287067674958,1e-08,1e-08,2.313019,0.0,4.2e-05,102270000000000.0,1.9294708164662168e-30,1.093938793855784e+56,1.069657567083e+42,13.322501755102039,5.999999999999998e-08,-0.0,1.1112244897959178,23.72670579766047,0.0,5.999999999999998e-08,13.322501755102039,1.1112244897959178,23.72670579766047,3.6500002404249288,0.0002449489742783178,1.0541463322499005,4.871006651366889,373285524588257.44,25050931599.44356,107807545399197.33,498157850235291.75,0.27397258469319474,4082.4829046386308,0.9486348995453656,0.20529637333165676,5.286221066773382e-31,7.87703162322247e-27,1.8303633541541442e-30,3.9611336106978505e-31,500.0,5.943914329763739,1.1468609234854488e-29,1.764263623638703,3.404095174363815e-30,5.300762531772158,1.0227666610071955e-29,2.572911515602484,4.9643576827048564e-30,9.391127650541135,0.0006302320366557005,2.7122252373758915,12.532669105878163,8.16496580927726,4.961248385349389,5.966081920080003,2.388755550959475,2.0895828934740086,1.004833534730614,0.3905433702780556,5.285635090076516,1.7422812434410395,2.389434093844078,30.53217466935316,2.867812039897147,4.30182405935014,5.185277781846035,6.0157952426979024,8.045854326554565,1.7139711833477627,5.178042286657417,0.7395900334112019,0.3246014308130691,0.6949783551875384,0.3050216448124617,1.064191464224271,1.138320452532629e+42,2.10611480313826,2.252821636322363e+42,1.312875082587346,1.4043267667242734e+42,5.5284655455310014,1.066701292994105e-29,1.4115339875616704,0.8105808986236661,1.6042004537001635,3.181606673621894,2.636331883662091,1.206830859702827,4.555317002318734,7.391885374783118,2.8365683724643835,1.1024741252324646,-0.9368596906977242,1.5249505334476363,-0.834450434877702,1.5843022691856545,-0.7984167739158875,2.2422985914654934,0.9976551151246122,43.61221153308795,0.610286474223357,25.685671807934103,42.81480437692252,29.11945067119072,0.9999999832712906,5.99291637151548,3.887286970290429,10.08101694301658,6.1937299727261514,13.878113999999998,23.726705827660467,0.26843230131837004,0.2052963732018686,5.179322915906609e-31,3.961133608193626e-31,1.2888725355615165,0.8808359172804291,1.6995471964878384e-30,0.8776741494641536,0.9999998256990406,0.05275661914352524,0.7124264798838932,7.793509641151081e+55,1094.7298937888536,1.0,
corridor_x_p3p0pct,corridor,0.03,0.0,0.0,3.1810643256994195,0.7453940198968323,24.97805641873278,2.392766509451338,0.0970445533548508,1e-08,1e-08,2.313019,0.0,4.2e-05,102270000000000.0,1.9294708164662168e-30,1.093938793855784e+56,1.069657567083e+42,13.322501755102039,5.999999999999998e-08,-0.0,1.1112244897959183,26.485601369646087,0.0,5.999999999999998e-08,13.322501755102039,1.1112244897959183,26.485601369646087,3.6500002404249288,0.0002449489742783178,1.0541463322499007,5.146416361862504,373285524588257.44,25050931599.44356,107807545399197.34,526324001327678.25,0.27397258469319474,4082.4829046386308,0.9486348995453654,0.19430996827433078,5.286221066773382e-31,7.87703162322247e-27,1.830363354154144e-30,3.749154131337977e-31,500.0,5.829867911162965,1.1248559998441804e-29,1.747310553276483,3.3713847198504124e-30,5.173590566273594,9.982292013969829e-30,2.612658114906611,5.0410475861159456e-30,9.53620274755727,0.0006399679253862977,2.7541239692517436,13.445826470508228,8.16496580927726,4.83174298929122,5.854077253218884,2.4191670737868263,2.0619716581710446,1.0223342639276645,0.391300437701627,5.125263541898446,1.7169239700074517,2.3001265094182597,29.15265043467422,2.7170826924860294,4.144558221012275,5.036613379916719,5.865630735946452,7.832706313499133,1.7210725149341766,5.115623621013103,0.7978020662384142,0.330227566555396,0.7072527556412541,0.29274724435874594,1.1280296327938102,1.206605432611757e+42,2.380120352627601,2.545913745756372e+42,1.4165427232419436,1.515215643012105e+42,5.343655902366859,1.0310428116854301e-29,1.5454320259210157,0.7963258815181843,1.6802319574099283,3.2502682622556103,2.692080411607344,1.2073444196694676,4.425070836662424,7.25201974153716,2.8269489048747367,1.0820202186981458,-0.9509163406089508,1.5517098693589284,-0.850834857522178,1.6161589297871979,-0.794475538062386,2.343149809870392,0.9970047161951953,43.43134054948872,0.5784240895576492,24.756000085374406,42.500708208439654,28.295818266587904,0.9999999893160967,5.884703529313722,3.702070919621651,9.945456060669194,6.243385141047543,13.878113999999998,26.485601399646086,0.26843230131837004,0.19430996816428425,5.179322915906609e-31,3.7491541292146613e-31,1.311327294630283,0.8732617733721745,1.684933106857146e-30,0.8613658550794191,0.9999998476660784,0.06658921794339491,0.7952660589248549,8.699723932946987e+55,1066.6326681534988,1.0,
corridor_x_p5p0pct,corridor,0.05,0.0,0.0,3.245326087789856,0.7453940198968323,24.97805641873278,2.4168142126647254,0.0951229424500713,1e-08,1e-08,2.313019,0.0,4.2e-05,102270000000000.0,1.9294708164662168e-30,1.093938793855784e+56,1.069657567083e+42,13.32250175510204,5.999999999999998e-08,-0.0,1.1112244897959176,27.020646009333458,0.0,5.999999999999998e-08,13.32250175510204,1.1112244897959176,27.020646009333458,3.650000240424929,0.0002449489742783178,1.0541463322499005,5.198138706242212,373285524588257.5,25050931599.44356,107807545399197.33,531613645487391.06,0.27397258469319474,4082.4829046386308,0.9486348995453656,0.19237655178364993,5.286221066773381e-31,7.87703162322247e-27,1.8303633541541442e-30,3.7118494243895444e-31,500.0,5.8100337514063085,1.1210290566022207e-29,1.74438261359313,3.36573534567901e-30,5.151131297137381,9.938957509612345e-30,2.6201019987870224,5.0554103428243625e-30,9.56337292551047,0.0006417912971074513,2.761970912141973,13.619653614197407,8.16496580927726,4.808992041335055,5.834534772282178,2.4247885485585594,2.057157713008653,1.025542730947123,0.39141328521633834,5.097247043286922,1.7125112461903347,2.2846354591163833,28.912088391529668,2.6909962122184594,4.116984808313539,5.010522129963646,5.83940939243624,7.795570929277816,1.7224245841227006,5.104574717059357,0.8086122793765612,0.331226359622541,0.7094094301686488,0.2905905698313513,1.1398386389991022,1.2192370254589777e+42,2.4340672829527397,2.603618487999556e+42,1.4363226961977107,1.5363734407609383e+42,5.31098335455685,1.0247387389355292e-29,1.571287798456285,0.7935811653025656,1.6946521066584113,3.262699720370122,2.7022468745890023,1.2074025327039601,4.40236404224202,7.227699386623728,2.825335344381708,1.07833028854972,-0.953400869507046,1.5564590193661556,-0.8537363760923908,1.6218387926952962,-0.7934691482819597,2.362365774962788,0.9968821089855046,43.39952446129953,0.5723587937345569,24.580231412790766,42.44542224136775,28.142609515764395,0.9999999966742573,5.866036084836868,3.668527855327305,9.921830076253176,6.253302220925871,13.878113999999998,27.020646039333457,0.26843230131837004,0.19237655167685572,5.179322915906609e-31,3.7118494223289814e-31,1.315316343558666,0.8719365677969745,1.6823761613739792e-30,0.8582819090523343,0.999999851291312,0.06935436452023394,0.8113314994474641,8.875470019227637e+55,1061.8094681574607,1.0,
corridor_x_p8p0pct,corridor,0.08,0.0,0.0,3.3441609813206865,0.7453940198968323,24.97805641873278,2.453339682024916,0.0923116346386635,1e-08,1e-08,2.313019,0.0,4.2e-05,102270000000000.0,1.9294708164662168e-30,1.093938793855784e+56,1.069657567083e+42,13.322501755102039,5.999999999999998e-08,-0.0,1.1112244897959183,27.84354719158431,0.0,5.999999999999998e-08,13.322501755102039,1.1112244897959183,27.84354719158431,3.6500002404249288,0.0002449489742783178,1.0541463322499007,5.276698512477694,373285524588257.44,25050931599.44356,107807545399197.34,539647956871093.75,0.27397258469319474,4082.4829046386308,0.9486348995453654,0.18951243805863113,5.286221066773382e-31,7.87703162322247e-27,1.830363354154144e-30,3.6565871859149037e-31,500.0,5.780865869411225,1.1154011988934563e-29,1.7400767495505771,3.357427306669233e-30,5.118171590482937,9.875362717503306e-30,2.6313732219265655,5.07715783893799e-30,9.604512892679683,0.0006445521716543446,2.773852430674493,13.884963165913545,8.16496580927726,4.775157298220759,5.805950247926997,2.433262949454629,2.050052952360706,1.030792949706238,0.39173194479479456,5.055868445483875,1.7060006714283205,2.2618335578533864,28.557236851321466,2.6526138531568098,4.0762093096753365,4.971917046927853,5.800685318870641,7.740779970809286,1.7244760091953042,5.088166117652476,0.8249497437953168,0.3327103630564291,0.7126009948107875,0.28739900518921235,1.157660106851746,1.2382998934040846e+42,2.5175936868111632,2.6929631379379492e+42,1.4665522274666332,1.5687086876321134e+42,5.262494031095942,1.015382865482728e-29,1.611012129871298,0.7893753015884905,1.7166750966381408,3.281306787211971,2.7175042266697784,1.207470720747734,4.368853196834119,7.191841083172659,2.82298788633854,1.0728192651712414,-0.9570863995393617,1.5635144842406294,-0.8579898698437435,1.630254006892165,-0.7920582606467673,2.390982559337168,0.9967048437671514,43.354607770090766,0.5635004474488535,24.3240799143683,42.36525545974721,27.918773101333105,0.9999999879361151,5.838326596941539,3.6180674194758113,9.887120296679027,6.269052877203216,13.878113999999998,27.84354722158431,0.26843230131837004,0.18951243795653613,5.179322915906609e-31,3.6565871839450104e-31,1.3212447650785715,0.8699781800516397,1.6785975093720306e-30,0.8535890157946104,0.9999998565326046,0.07365025014463833,0.8360402228301715,9.145768329777588e+55,1054.732023987645,1.0,
corridor_y_m3p0pct,corridor,0.0,-0.03,0.0,3.0870496668054983,0.7233642973426487,24.97805641873278,2.428928544319004,0.0886920436717157,1e-08,1e-08,2.1783192597065058,0.0,4.2e-05,102270000000000.0,1.9294708164662168e-30,1.093938793855784e+56,1.069657567083e+42,12.546659651569009,5.999999999999998e-08,-0.0,1.0465118133400473,25.702833551632658,0.0,5.999999999999998e-08,12.546659651569009,1.0465118133400473,25.702833551632658,3.5421264307713534,0.0002449489742783178,1.0229915998384578,5.0697962041518645,362253270074986.3,25050931599.44356,104621350915479.08,518488057798611.2,0.2823162920760664,4082.4829046386308,0.9775251333030609,0.19724658738374115,5.4472104657372274e-31,7.87703162322247e-27,1.8861062170705042e-30,3.8058153400448205e-31,500.0,5.9768740364181845,1.1532204026963528e-29,1.7960161617465795,3.4653607699916934e-30,5.2966790282928455,1.0219787609279685e-29,2.703753317389371,5.216813120826512e-30,9.577036087810619,0.0006622816017961254,2.76591693172469,13.707478305463646,8.16496580927726,4.94374765615234,6.002250093753906,2.5015394553536514,2.1173511752603433,1.0585024376015664,0.3914937175642973,5.238180846933945,1.762413391029129,2.276804421384586,28.744291363663766,2.7596641150233703,4.228280587472473,5.14978303550564,6.003862491418527,8.014037960427947,1.7755819039460539,5.254373845404577,0.7899836437607588,0.32191918136667663,0.71047903279697,0.28952096720303,1.1119028251274354,1.189355270758527e+42,2.388807914309106,2.555206461848494e+42,1.4035788356587222,1.5013487225598988e+42,5.456001145706857,1.0527194985247623e-29,1.5375755387287107,0.7921912163954805,1.7019406773742067,3.268896930191616,2.707325076709516,1.207426828168206,4.524851095955175,7.4353902595987185,2.910539163643543,1.0764810328383936,-0.8990413694639594,1.4680417204319545,-0.805368783725565,1.5300471839831888,-0.7468675563401554,2.2336306121336618,0.9968216917913126,43.38407587908053,0.5694714576020394,24.49667048311523,42.41825233168724,28.069186768395046,0.9999999889332181,6.034918121588399,3.762740114171424,10.200032915807007,6.437292801635584,13.069915558239032,25.702833581632657,0.276607281953091,0.19724658726862937,5.337056781505314e-31,3.805815337823772e-31,1.240586483397014,0.8978142154223238,1.732306327265887e-30,0.8567265969255918,0.9999998530649115,0.07076639672565342,0.7717623942013746,8.442608226559039e+55,1124.9414498802196,1.0,
corridor_y_m5p0pct,corridor,0.0,-0.05,0.0,3.0870496668054983,0.7090407245727376,24.97805641873278,2.4779961557434853,0.0818730753077982,1e-08,1e-08,2.092906139828117,0.0,4.2e-05,102270000000000.0,1.9294708164662168e-30,1.093938793855784e+56,1.069657567083e+42,12.054698089866065,5.999999999999998e-08,-0.0,1.0054774982052654,25.702833551632654,0.0,5.999999999999998e-08,12.054698089866065,1.0054774982052654,25.702833551632654,3.4719876281268722,0.0002449489742783178,1.0027350089656117,5.0697962041518645,355080174728535.25,25050931599.44356,102549709366913.11,518488057798611.2,0.288019459487388,4082.4829046386308,0.9972724509056156,0.19724658738374115,5.5572514165528895e-31,7.87703162322247e-27,1.924208090088123e-30,3.8058153400448205e-31,500.0,6.057085711904662,1.1686970113954544e-29,1.8263338735641748,3.5238579101657764e-30,5.357639901662569,1.0337409835392859e-29,2.7742533132597265,5.352840805419351e-30,9.632173180927754,0.0006795505034711947,2.78184092094437,14.064898916919894,8.16496580927726,4.99654152256344,6.0836284845201885,2.5639840852756666,2.1502624529040766,1.0870869619567483,0.39184848649578774,5.286538744207931,1.7889798396898846,2.246638440576052,28.24482713042155,2.762236868480889,4.257033488201771,5.2001477075482825,6.071375916428495,8.099892746610696,1.8143424282267233,5.337655878129807,0.7951522307796139,0.3174161600810158,0.7146996421177508,0.2853003578822493,1.1125683908606296,1.1900671981814293e+42,2.4493810915963024,2.6199990192960036e+42,1.4145592670226028,1.513094024058109e+42,5.498684352791245,1.0609550987670135e-29,1.5582103236341602,0.7865123906772669,1.731550701832251,3.2936638928343327,2.727666694796043,1.207502331248214,4.569745427314621,7.535834067294317,2.966088639979696,1.0691484536769156,-0.8682059786288547,1.4189415320522003,-0.7789274946924196,1.4801838033616737,-0.7156698583531113,2.1812156222502903,0.9965768258046577,43.322914416137856,0.5573896952274818,24.14772519902562,42.310822935540095,27.766079480868044,0.9999999925331234,6.118338264094337,3.76857369057044,10.350780738449052,6.582207047878612,12.557436838968698,25.702833581632653,0.2821951197097022,0.19724658726862937,5.444872480290608e-31,3.805815337823772e-31,1.199054671001664,0.913230709825783,1.7620520033095762e-30,0.8504164485889842,0.9999998599013028,0.07661373819390897,0.7717623942013748,8.442608226559042e+55,1160.5591185983194,1.0,
corridor_y_m8p0pct,corridor,0.0,-0.08,0.0,3.0870496668054983,0.6880854042656112,24.97805641873278,2.5534623738052598,0.0726149037073691,1e-08,1e-08,1.9710247746108371,0.0,4.2e-05,102270000000000.0,1.9294708164662168e-30,1.093938793855784e+56,1.069657567083e+42,11.352687124101653,5.999999999999998e-08,-0.0,0.9469230471267394,25.702833551632658,0.0,5.999999999999998e-08,11.352687124101653,0.9469230471267394,25.702833551632658,3.3693748862514026,0.0002449489742783178,0.9730997107834014,5.0697962041518645,344585969616930.94,25050931599.44356,99518907421818.47,518488057798611.2,0.29679095789562016,4082.4829046386308,1.0276439186226274,0.19724658738374115,5.726494918506528e-31,7.87703162322247e-27,1.9828089507013432e-30,3.8058153400448205e-31,500.0,6.180757531563815,1.1925591280806152e-29,1.8730950659905536,3.614082266295636e-30,5.451560481686737,1.051862685361507e-29,2.88365744638825,5.563932887491622e-30,9.71612298041242,0.000706348933662835,2.806086227078808,14.619555575773408,8.16496580927726,5.078211592149673,6.209342055918997,2.6606121984985016,2.200995067853972,1.131130463769324,0.3922554897032076,5.361467352539617,1.8299428290656068,2.2031351430498898,27.521562030105155,2.767338562673478,4.301608089875935,5.277826582603547,6.175729160214651,8.23289743502107,1.8741210703387159,5.465558872347591,0.8023636555617379,0.31070602028207756,0.7208566300698723,0.2791433699301277,1.1130696758438154,1.1906034014569591e+42,2.5438237077978574,2.7210202783711126e+42,1.4313460156248838,1.531050096727259e+42,5.563937915526648,1.0735455832638543e-29,1.5900254101792892,0.7776384352164363,1.7772248499167396,3.330614807985177,2.758170313095869,1.2075450135081673,4.639344960766467,7.691039563107751,3.051694602341284,1.0582722320792641,-0.823743344050623,1.3480270270396866,-0.7408193389006871,1.4081688103154324,-0.6709592430984365,2.105099922861441,0.9961716034480176,43.22630642294931,0.5390659613105876,23.62029915976906,42.14812988078786,27.311243981111684,0.9999999998956395,6.247260302512604,3.774698945789408,10.583677671861132,6.808978726071723,11.826148647665022,25.702833581632657,0.290789240564418,0.19724658726862937,5.610693534114188e-31,3.805815337823772e-31,1.1390828673356514,0.9369627817891875,1.8078423435772414e-30,0.8406905953513512,0.9999998694291462,0.08598930299522815,0.7717623942013745,8.442608226559038e+55,1216.6375299370577,1.0,
corridor_y_p3p0pct,corridor,0.0,0.03,0.0,3.0870496668054983,0.7680946473845288,24.97805641873278,2.287478757650055,0.1127496851579375,1e-08,1e-08,2.4560481070538014,0.0,4.2e-05,102270000000000.0,1.9294708164662168e-30,1.093938793855784e+56,1.069657567083e+42,14.146319254982043,5.999999999999998e-08,-0.0,1.1799387746815264,25.702833551632654,0.0,5.999999999999998e-08,14.146319254982043,1.1799387746815264,25.702833551632654,3.761159296677295,0.0002449489742783178,1.0862498675173804,5.0697962041518645,384653761271186.94,25050931599.44356,111090773951002.5,518488057798611.2,0.2658754711302512,4082.4829046386308,0.9205985012320378,0.19724658738374115,5.129989623600258e-31,7.87703162322247e-27,1.7762679418097553e-30,3.8058153400448205e-31,500.0,5.747614483936831,1.108985441105465e-29,1.7090242397097055,3.297512395153241e-30,5.121088378682445,9.880990575212071e-30,2.503721953546212,4.830858441913201e-30,9.416897101875373,0.0006132841243992506,2.7196676403399294,12.693360056340275,8.16496580927726,4.791199633318055,5.769490395433143,2.323452892218058,2.0228136636940377,0.9782907621150887,0.3907345864541632,5.100345980392468,1.6861779448794425,2.3728631727792853,30.325649436907916,2.7555628766433733,4.1462477477771476,5.0051591190350395,5.810765627321436,7.769348188221923,1.664517879544288,5.01378531157855,0.7728519683153361,0.3355579383562043,0.6972618736656225,0.3027381263343774,1.1084099066715405,1.1856190441009752e+42,2.218859974012035,2.3734203614995624e+42,1.3716346857501929,1.4671794208862067e+42,5.331827630068336,1.0287605810645085e-29,1.4785975716898616,0.8080941071166584,1.6176756078448589,3.1941293186699364,2.646445707998611,1.2069506315644445,4.397040210205428,7.148005533339467,2.7509653231340394,1.098750330178492,-0.9975576868856921,1.6244982965661756,-0.889186952120704,1.6884463089669133,-0.8471501793814301,2.400042887195886,0.9975511462399589,43.581754300059714,0.6045564963207251,25.517594105421875,42.758901808926616,28.969454353971987,0.9999999924379639,5.79632484686862,3.739697487395308,9.768407016959038,6.028709529563731,14.736288642322807,25.702833581632653,0.2604989278745595,0.19724658726862937,5.026250790547005e-31,3.805815337823772e-31,1.3729746774169715,0.8534316331763148,1.646671430062801e-30,0.8747923361537251,0.9999998299615793,0.05510210330369369,0.7717623942013744,8.442608226559037e+55,1025.9743690717553,1.0,
corridor_y_p5p0pct,corridor,0.0,0.05,0.0,3.0870496668054983,0.7836111885290749,24.97805641873278,2.2421836434659688,0.122140275816017,1e-08,1e-08,2.556281331756417,0.0,4.2e-05,102270000000000.0,1.9294708164662168e-30,1.093938793855784e+56,1.069657567083e+42,14.723641495750549,5.999999999999998e-08,-0.0,1.2280929895758983,25.702833551632658,0.0,5.999999999999998e-08,14.723641495750549,1.2280929895758983,25.702833551632658,3.8371397545242667,0.0002449489742783178,1.1081935704451178,5.0697962041518645,392424282695196.75,25050931599.44356,113334956449422.2,518488057798611.2,0.26061078406668076,4082.4829046386308,0.9023694295558305,0.19724658738374115,5.028409023130394e-31,7.87703162322247e-27,1.7410954799992424e-30,3.8058153400448205e-31,500.0,5.674694778949123,1.0949157968335541e-29,1.6813033504036907,3.244025748230795e-30,5.065086045251885,9.772935707203796e-30,2.4407923313473265,4.7094375723892066e-30,9.365661287150793,0.0005978695779899116,2.7048703683908566,12.374319696587657,8.16496580927726,4.742489270386266,5.695403975165632,2.2670991439952353,1.9926488675916252,0.9529147047793654,0.3904120365100266,5.056692458546728,1.6618927548678044,2.4067105447157138,30.88017550157935,2.755288082124241,4.120195815159752,4.959007489010368,5.749424797381889,7.691889505141258,1.6292289822221369,4.936601423017017,0.7666338077737792,0.34014356604121715,0.692672100018848,0.30732789998115184,1.1067773738149964,1.1838727929774612e+42,2.165848390426236,2.316716119973959e+42,1.3613146112826733,1.4561404751391643e+42,5.2917113667790385,1.0210202651362711e-29,1.459838676321272,0.8130210053149698,1.5909976815612854,3.1691039174405864,2.626253587083787,1.2067014141462191,4.356623200852919,7.056688942143531,2.7000657412906115,1.1062251001912011,-1.0324871112665668,1.679827369254843,-0.9187820513272857,1.7443700920356302,-0.8830191526656803,2.458358627072558,0.9977746346321384,43.64806905729796,0.6160223072498163,25.854369173490827,42.87521636487068,29.27030604201339,0.9999999848266293,5.720196674861453,3.7300720863369303,9.630151256302344,5.900079169965414,15.337687990538498,25.702833581632657,0.25534070350047533,0.19724658726862937,4.926724356601204e-31,3.805815337823772e-31,1.419810709713121,0.839237296593554,1.6192838718672652e-30,0.8805181027332832,0.9999998213070268,0.05048464073927224,0.7717623942013747,8.44260822655904e+55,995.4436925929836,1.0,
corridor_y_p8p0pct,corridor,0.0,0.08,0.0,3.0870496668054983,0.8074757020764892,24.97805641873278,2.17591710219707,0.1377127764335957,1e-08,1e-08,2.7143529413106062,0.0,4.2e-05,102270000000000.0,1.9294708164662168e-30,1.093938793855784e+56,1.069657567083e+42,15.634100638419715,5.999999999999998e-08,-0.0,1.3040340188878383,25.702833551632658,0.0,5.999999999999998e-08,15.634100638419715,1.3040340188878383,25.702833551632658,3.9539980574628153,0.0002449489742783178,1.1419430891633078,5.0697962041518645,404375381336722.1,25050931599.44356,116786519728731.48,518488057798611.2,0.25290857139208506,4082.4829046386308,0.8757003825231708,0.19724658738374115,4.879797077351908e-31,7.87703162322247e-27,1.689638332046761e-30,3.8058153400448205e-31,500.0,5.568815367306971,1.0744866733507397e-29,1.6408746242706371,3.166019701010163e-30,4.983415975665652,9.615355691358394e-30,2.34982561172073,4.533919941600024e-30,9.291205904120138,0.0005755873733239135,2.6833671180434298,11.913136966720591,8.16496580927726,4.671611317138214,5.587774490603775,2.1853079243921054,1.9486141803843147,0.9161631734655611,0.3898856021041805,4.9932395930048195,1.6264940687910319,2.4591481386285663,31.737123397790114,2.7557784497464306,4.0822150543786995,4.891610728292564,5.660127504109555,7.579363291016628,1.5779124497308556,4.823584841270198,0.7568678093225669,0.3470548432979991,0.6856167028784698,0.3143832971215301,1.103922652620566,1.1808192188499266e+42,2.0898441357993143,2.2354175938817692e+42,1.3461373803154428,1.4399060351876998e+42,5.232714331883595,1.0096369594273914e-29,1.4326007602460784,0.8200668585266401,1.5524746332425574,3.131524072845787,2.5961137147333897,1.206235325931161,4.2979435294710955,6.92374200316775,2.625798473696655,1.1174439756718098,-1.086933546572832,1.765931459675433,-0.9644907051594854,1.8311237581180873,-0.9392508456118787,2.548523008427451,0.9981229129067074,43.75843114349109,0.6330287921146269,26.357451022896598,43.06044533934797,29.723350853769343,0.9999999939148627,5.609650402100087,3.714029751239635,9.42801783407642,5.713988082836784,16.286117647863634,25.702833581632657,0.24779424524517024,0.19724658726862937,4.7811176468882855e-31,3.805815337823772e-31,1.4927179917387732,0.8184857380098809,1.5792443451838788e-30,0.8888224360375135,0.9999998073318536,0.04409776573788854,0.7717623942013745,8.442608226559038e+55,951.7879717561212,1.0,
corridor_z_m3p0pct,corridor,0.0,0.0,-0.03,3.0870496668054983,0.7453940198968323,24.23984328828187,2.357142857142857,0.0999999999999999,1e-08,1e-08,2.244658957562837,0.0,4.2e-05,102270000000000.0,1.9294708164662168e-30,1.093938793855784e+56,1.069657567083e+42,12.91234150047906,5.999999999999998e-08,-0.0,1.1112244897959171,24.943200018836016,0.0,5.999999999999998e-08,12.91234150047906,1.1112244897959171,24.943200018836016,3.5933746674232374,0.0002449489742783178,1.0541463322499003,4.994316771975524,367494427237374.5,25050931599.44356,107807545399197.3,510768776269936.8,0.2782899342686932,4082.4829046386308,0.9486348995453658,0.20022758780766034,5.369523066877453e-31,7.87703162322247e-27,1.8303633541541445e-30,3.863332873263075e-31,500.0,5.854660610858786,1.12963967889663e-29,1.7600887413334982,3.396039860793741e-30,5.196049835409809,1.0025626518327316e-29,2.601556653268284,5.019627639864674e-30,9.34836777372063,0.0006372486337449994,2.742421404183087,12.992998026662303,8.16496580927726,4.855952331347139,5.871869661235884,2.4137332138547594,2.078842004472002,1.0159173298887447,0.39050363504960306,5.159753359710219,1.721599691399069,2.3201026016562105,29.46953541240139,2.7505895723244285,4.179323183325588,5.0680361555352285,5.897685912045656,7.87683944763333,1.7183627287200682,5.126249875308901,0.7792876327887206,0.3284490836495716,0.7034953533853833,0.29650464661461656,1.1077367164382923,1.1848989610738948e+42,2.302820465675219,2.4632293367430958e+42,1.3849867857737161,1.4814615957128174e+42,5.383730003611711,1.0387749925702356e-29,1.5061356300909525,0.7998175345907438,1.6627021205756556,3.2257863143038428,2.6755918787925905,1.2056346634448365,4.454447255239007,7.269962286732329,2.815515031493322,1.0822424443289547,-0.9381726365304432,1.517743174453118,-0.8360542026554942,1.5804976894445917,-0.7907270123114243,2.2770483693040835,0.9972266803870116,43.49063754697949,0.5897919583650442,25.08638126919175,42.612251137900344,28.59581149388766,0.9999999862890948,5.908329513729738,3.7440726696945705,10.007338192741203,6.263265523046632,13.467953745377018,24.943200048836015,0.27248913603314073,0.20022758768725024,5.257598357800381e-31,3.8633328709397972e-31,1.2876407179434102,0.8812571410787371,1.7003599355138748e-30,0.8652272823713582,0.9999997866687885,0.06319278599673539,0.7717623942013745,8.442608226559038e+55,1066.510645179755,1.0,
corridor_z_m5p0pct,corridor,0.0,0.0,-0.05,3.0870496668054983,0.7453940198968323,23.75986223233755,2.357142857142857,0.0999999999999999,1e-08,1e-08,2.200211732229217,0.0,4.2e-05,102270000000000.0,1.9294708164662168e-30,1.093938793855784e+56,1.069657567083e+42,12.645658148477343,5.999999999999998e-08,-0.0,1.1112244897959171,24.44929156589406,0.0,5.999999999999998e-08,12.645658148477343,1.1112244897959171,24.44929156589406,3.5560734171944963,0.0002449489742783178,1.0541463322499003,4.94462248972498,363679628376481.1,25050931599.44356,107807545399197.3,505686542024173.75,0.281209042300632,4082.4829046386308,0.9486348995453658,0.20223990852244414,5.425846404454833e-31,7.87703162322247e-27,1.8303633541541445e-30,3.902160014188533e-31,500.0,5.851160465019376,1.1289643359715784e-29,1.7656674006578692,3.406803721155122e-30,5.188174507271136,1.0010431302513652e-29,2.601586209676225,5.019684668091236e-30,9.251431562769412,0.0006372558735568079,2.7424525609621124,12.863861681323431,8.16496580927726,4.848952039668319,5.863702654277262,2.4157574686813494,2.0852545067557022,1.0147506146089427,0.3900507355223225,5.15424551100502,1.7202284379205428,2.3176052566904195,29.435490195246196,2.746297093460281,4.174475169360266,5.062478606431597,5.892383277614237,7.868463655719118,1.7179081082539707,5.122166562258837,0.7776535142522238,0.3282682553807377,0.7031722637219766,0.29682773627802345,1.1059217696329615,1.1829575894897197e+42,2.3037490752063885,2.4642226309549768e+42,1.3833491667743905,1.47970990415819e+42,5.377364239958428,1.0375467370508826e-29,1.5052352031132603,0.7994523697958937,1.665341715987823,3.221885903002134,2.674745400681262,1.204557974819403,4.450923852793403,7.257086347881772,2.806162495088369,1.0786352128756111,-0.932254694716538,1.5001064332096032,-0.82909978249239,1.5626002451414112,-0.7872864703270639,2.2523462773915504,0.9972677618637136,43.50186870722202,0.5913221565882995,25.130955401793404,42.63381321411071,28.642315608045354,0.9999999822047877,5.904537689070377,3.7385307721155048,10.024481590606989,6.285950818491484,13.201270393375301,24.44929159589406,0.27522769737889435,0.202239908398367,5.3104380997577215e-31,3.902160011794501e-31,1.2760198248670869,0.8852609127425961,1.708085096095085e-30,0.8647559078434861,0.9999997400593564,0.06360343955666126,0.7717623942013745,8.442608226559038e+55,1061.4753831123687,1.0,
corridor_z_m8p0pct,corridor,0.0,0.0,-0.08,3.0870496668054983,0.7453940198968323,23.05765218109986,2.357142857142857,0.0999999999999999,1e-08,1e-08,2.13518564840287,0.0,4.2e-05,102270000000000.0,1.9294708164662168e-30,1.093938793855784e+56,1.069657567083e+42,12.25550164551926,5.999999999999998e-08,-0.0,1.1112244897959171,23.726705797660465,0.0,5.999999999999998e-08,12.25550164551926,1.1112244897959171,23.726705797660465,3.5007858611345055,0.0002449489742783178,1.0541463322499003,4.871006651366888,358025370018225.9,25050931599.44356,107807545399197.3,498157850235291.6,0.28565014818585,4082.4829046386308,0.9486348995453658,0.2052963733316568,5.511536246438478e-31,7.87703162322247e-27,1.8303633541541445e-30,3.9611336106978505e-31,500.0,5.84561856744031,1.1278950430069132e-29,1.7741057610310875,3.423085291234071e-30,5.176507354473102,9.987919871678592e-30,2.6017291998102583,5.0199605633818956e-30,9.108096797196543,0.0006372908988434713,2.7426032934874516,12.67304023733122,8.16496580927726,4.838451602150089,5.851452143839326,2.4188812143901255,2.0949618217442714,1.0130005416892374,0.38935664086912447,5.1459083417665745,1.7181696075865909,2.313805805489569,29.38324386261298,2.7397963064704247,4.167110952879741,5.054055583073649,5.884367344422202,7.855829689259949,1.7172563915424606,5.116033382789524,0.7751762737202703,0.3279918587225881,0.7026818949199684,0.2973181050800317,1.1031681324428584,1.1800121406323247e+42,2.3049793166363868,2.4655385680099137e+42,1.3808702327710807,1.4770582936432502e+42,5.36772811092985,1.0356874740764481e-29,1.5038095270652476,0.7988934124744367,1.6692222498060787,3.215983468137761,2.673456966640284,1.2029307029315182,4.445592715827736,7.237625797850853,2.792033082023117,1.073145153702675,-0.9234749464026066,1.4739670757336998,-0.8189658591313747,1.5362103120475472,-0.7822997478301124,2.215378458489579,0.9972988152178826,43.51041429421366,0.5938574944067955,25.204865874214892,42.65988576399412,28.71724029641641,0.9999999933729687,5.899287470311263,3.72978040751698,10.05148057064686,6.321700163129879,12.811113890417218,23.726705827660464,0.27938723135341714,0.2052963732018686,5.390695093897136e-31,3.961133608193626e-31,1.2588027444128729,0.8912943622348791,1.7197264608130683e-30,0.864038230344973,0.9999996517472771,0.06423078953532098,0.7717623942013745,8.442608226559038e+55,1053.887239783835,1.0,
corridor_z_p3p0pct,corridor,0.0,0.0,0.03,3.0870496668054983,0.7453940198968323,25.73875148602994,2.357142857142857,0.0999999999999999,1e-08,1e-08,2.38346091567063,0.0,4.2e-05,102270000000000.0,1.9294708164662168e-30,1.093938793855784e+56,1.069657567083e+42,13.745153249125819,5.999999999999998e-08,-0.0,1.1112244897959171,26.485601369646083,0.0,5.999999999999998e-08,13.745153249125819,1.1112244897959171,26.485601369646083,3.707445650191762,0.0002449489742783178,1.0541463322499003,5.146416361862503,379160466645111.5,25050931599.44356,107807545399197.3,526324001327678.2,0.2697274874274358,4082.4829046386308,0.9486348995453658,0.19430996827433084,5.204313153899957e-31,7.87703162322247e-27,1.8303633541541445e-30,3.749154131337978e-31,500.0,5.865744406016917,1.1317782648259605e-29,1.7435729605630597,3.364173143786025e-30,5.218800783365973,1.0069523808455675e-29,2.6017692727456536,5.020037882941271e-30,9.645918173043457,0.0006373007146678927,2.742645536225321,13.389787955049337,8.16496580927726,4.876369848743698,5.895787324471852,2.407933012137946,2.0598807844563884,1.0194174757281544,0.39181701713786504,5.17604016540043,1.7257056437746778,2.3274287338705406,29.568038038813363,2.7632717347033044,4.193581146519639,5.084435978159962,5.913398403817685,7.901739751193477,1.719817257298046,5.138468016490172,0.7841085451868443,0.3289757009832962,0.7044467190015278,0.2955532809984723,1.1130842461701405,1.1906189867167676e+42,2.300679471671892,2.4609392063063577e+42,1.3898290280149925,1.4866411367678476e+42,5.402552800411574,1.0424067962811966e-29,1.5089869821869784,0.8008785424203511,1.6553687002478363,3.237325008504426,2.6780733060703557,1.208826136747796,4.464871987390783,7.308129104246883,2.8432571168561003,1.0928167791971821,-0.9562445485870448,1.5716832013896354,-0.8568457525484772,1.6349815530525067,-0.800663090718137,2.354001946158899,0.9971596845887001,43.472498219284894,0.5845482411620255,24.933822698799432,42.56030814527923,28.44371272392104,0.9999999992518955,5.918829951247968,3.760406683611817,9.955664819367474,6.195258135755656,14.300765494023777,26.485601399646082,0.26443586500385324,0.19430996816428425,5.10221284351935e-31,3.7491541292146613e-31,1.3232014174531312,0.8693347123967898,1.677355957310658e-30,0.8666085187995911,0.9999998835818746,0.061995860136258484,0.7717623942013745,8.442608226559038e+55,1081.5041442470877,1.0,
corridor_z_p5p0pct,corridor,0.0,0.0,0.05,3.0870496668054983,0.7453940198968323,26.258708756663395,2.357142857142857,0.0999999999999999,1e-08,1e-08,2.431610020068575,0.0,4.2e-05,102270000000000.0,1.9294708164662168e-30,1.093938793855784e+56,1.069657567083e+42,14.034047875513489,5.999999999999998e-08,-0.0,1.1112244897959171,27.020646009333454,0.0,5.999999999999998e-08,14.034047875513489,1.1112244897959171,27.020646009333454,3.7462044625878987,0.0002449489742783178,1.0541463322499003,5.1981387062422115,383124330388864.4,25050931599.44356,107807545399197.3,531613645487391.0,0.2669368450085062,4082.4829046386308,0.9486348995453658,0.19237655178364996,5.150468522834783e-31,7.87703162322247e-27,1.8303633541541445e-30,3.7118494243895453e-31,500.0,5.869244551856327,1.1324536077510121e-29,1.7381395476243284,3.3536895320869335e-30,5.226384432684695,1.0084156238498463e-29,2.6019363787462146,5.0203603090926106e-30,9.747385673428866,0.0006373416471113258,2.7428216904029097,13.525226201540393,8.16496580927726,4.883370140422517,5.903662652610525,2.4060883634473402,2.0536504855902544,1.020292512188008,0.39212815521632877,5.181391526543816,1.7270712444029939,2.329816962941859,29.599701618621715,2.7674352249607104,4.198241083377035,5.089813010086507,5.918571633353758,7.909963584311967,1.7203305499767225,5.142528359351257,0.7856889425639175,0.32914613276724547,0.7047580040756503,0.29524199592434985,1.1148350753311629,1.1924917743775248e+42,2.299879097254275,2.4600830797540545e+42,1.391419983638519,1.488342914489446e+42,5.408737173874756,1.0436000530927303e-29,1.5098874091646708,0.8012211183110254,1.6529007232166986,3.2411180231670924,2.678881661720038,1.209877266876379,4.46829896388619,7.320700141434049,2.8524011775478586,1.0962609235366219,-0.9623767226289214,1.5900123620041822,-0.8640202376660253,1.6535924578270376,-0.8040515572094088,2.380060117046871,0.9971159060914244,43.4607600943123,0.5828902163517642,24.885643595446833,42.53875694644216,28.395121206369666,0.9999999930755495,5.922330097087379,3.765948581190883,9.938455768990371,6.172507187799488,14.589660120411446,27.020646039333453,0.26180468418438235,0.19237655167685577,5.0514449774792025e-31,3.7118494223289827e-31,1.3352915019081821,0.8653901694912574,1.669745076890134e-30,0.8670582840044729,0.9999999052776748,0.061608172209037554,0.7717623942013745,8.442608226559038e+55,1086.4647019965362,1.0,
corridor_z_p8p0pct,corridor,0.0,0.0,0.08,3.0870496668054983,0.7453940198968323,27.05840549406871,2.357142857142857,0.0999999999999999,1e-08,1e-08,2.505663569986465,0.0,4.2e-05,102270000000000.0,1.9294708164662168e-30,1.093938793855784e+56,1.069657567083e+42,14.478369175020829,5.999999999999998e-08,-0.0,1.1112244897959171,27.843547191584292,0.0,5.999999999999998e-08,14.478369175020829,1.1112244897959171,27.843547191584292,3.8050452264093826,0.0002449489742783178,1.0541463322499003,5.276698512477693,389141975304887.56,25050931599.44356,107807545399197.3,539647956871093.6,0.26280896559635547,4082.4829046386308,0.9486348995453658,0.18951243805863116,5.070822294238419e-31,7.87703162322247e-27,1.8303633541541445e-30,3.656587185914904e-31,500.0,5.874786449435393,1.1335229007156775e-29,1.730055277945711,3.338091169669599e-30,5.237759906662777,1.0106104883562645e-29,2.6022729928413133,5.021009796165514e-30,9.901766429224896,0.0006374241003886478,2.7431765309166414,13.731410030386632,8.16496580927726,4.893287220300846,5.915329805408558,2.403402457828468,2.0443874948943757,1.0220425851077124,0.3927499489558883,5.189347191200271,1.7291163512411136,2.333350333045816,29.64613967722316,2.773622389623236,4.205146711088623,5.097795956409354,5.926272129213371,7.922227327399031,1.721125418124748,5.148604937775795,0.7880351996794158,0.3293971720880369,0.7052195905448608,0.29478040945513906,1.1174323717674528,1.19526999216456e+42,2.2989615369049496,2.459101604383143e+42,1.393785153059966,1.4908728358585302e+42,5.417931076451057,1.0453739897637711e-29,1.5113130852126837,0.8017249784259802,1.6494375276259234,3.2467586181316914,2.68007712640608,1.2114422328157093,4.473395062225639,7.339417335389342,2.8660222731637033,1.101353424889682,-0.9716787669086737,1.617839641325579,-0.8746832418875865,1.6817113370296086,-0.8092099585775103,2.4195264722707748,0.9970804604135001,43.45132113758169,0.5804900543857706,24.81594745135309,42.513015276696194,28.32425957804163,0.9999999832591808,5.927871994666445,3.7738239093295554,9.9127880328347,6.1389641235051435,15.033981419918787,27.84354722158429,0.25790692023404416,0.1895124379565362,4.976238759562686e-31,3.6565871839450113e-31,1.353652351657332,0.8595010844003586,1.6583822590715587e-30,0.8677232630889018,0.9999999307700401,0.061036836268722805,0.7717623942013745,8.442608226559038e+55,1093.8707549146754,1.0,
