wall_scale,width_dimless,p_dimless,m_over_p,modulus_mass_dimless,locking_response_m2_over_m2_plus_p2,max_error_pct,rms_error_pct,below_1pct
action_FWHM,1.7517900037359464,0.5708446776539168,0.1,0.05708446776539168,0.009900990099009903,2.973057312761118,1.534687686409705,False
action_FWHM,1.7517900037359464,0.5708446776539168,0.11,0.06279291454193085,0.011955340381385238,2.9671992764461086,1.5316718137061904,False
action_FWHM,1.7517900037359464,0.5708446776539168,0.12000000000000001,0.06850136131847002,0.014195583596214515,2.960811379868944,1.528383517061715,False
action_FWHM,1.7517900037359464,0.5708446776539168,0.13,0.07420980809500918,0.01661913659160193,2.953901045055396,1.5248267123232997,False
action_FWHM,1.7517900037359464,0.5708446776539168,0.14,0.07991825487154836,0.01922322479403688,2.946476243277618,1.5210056052098413,False
action_FWHM,1.7517900037359464,0.5708446776539168,0.15000000000000002,0.08562670164808753,0.02200488997555013,2.9385454725729954,1.5169246808991759,False
action_FWHM,1.7517900037359464,0.5708446776539168,0.16,0.09133514842462669,0.0249609984399376,2.930117734107762,1.512588689496974,False
action_FWHM,1.7517900037359464,0.5708446776539168,0.17,0.09704359520116586,0.028088249586937515,2.9212025073594994,1.508002633043952,False
action_FWHM,1.7517900037359464,0.5708446776539168,0.18,0.10275204197770502,0.031383184812088336,2.9118097243472807,1.5031717539342575,False
action_FWHM,1.7517900037359464,0.5708446776539168,0.19,0.10846048875424419,0.03484219669916031,2.9019497431303387,1.4981015162166538,False
action_FWHM,1.7517900037359464,0.5708446776539168,0.2,0.11416893553078336,0.03846153846153847,2.8916333204243694,1.4927975997613816,False
action_FWHM,1.7517900037359464,0.5708446776539168,0.21000000000000002,0.11987738230732253,0.042237333588736714,2.8808715838283705,1.48726587390807,False
action_FWHM,1.7517900037359464,0.5708446776539168,0.22,0.1255858290838617,0.046165585654330404,2.8696760033674273,1.4815123922694335,False
action_FWHM,1.7517900037359464,0.5708446776539168,0.23,0.13129427586040088,0.050242188241998297,2.8580583629292944,1.4755433765128647,False
action_FWHM,1.7517900037359464,0.5708446776539168,0.24000000000000002,0.13700272263694005,0.05446293494704993,2.8460307312783373,1.469365190200895,False
action_FWHM,1.7517900037359464,0.5708446776539168,0.25,0.1427111694134792,0.058823529411764705,2.8336054332374294,1.4629843417591042,False
action_FWHM,1.7517900037359464,0.5708446776539168,0.26,0.14841961619001837,0.0633195953540652,2.8207950205780374,1.4564074535260252,False
action_FWHM,1.7517900037359464,0.5708446776539168,0.27,0.15412806296655754,0.06794668655047069,2.8076122433617456,1.4496412550304527,False
action_FWHM,1.7517900037359464,0.5708446776539168,0.28,0.1598365097430967,0.07270029673590506,2.7940700213474834,1.442692562145541,False
action_FWHM,1.7517900037359464,0.5708446776539168,0.29000000000000004,0.16554495651963588,0.07757586938474312,2.780181415789973,1.435568269174901,False
action_FWHM,1.7517900037359464,0.5708446776539168,0.30000000000000004,0.17125340329617506,0.08256880733944956,2.765959601706447,1.4282753270362998,False
action_FWHM,1.7517900037359464,0.5708446776539168,0.31,0.1769618500727142,0.08767448225526868,2.751417840767023,1.4208207365945762,False
action_FWHM,1.7517900037359464,0.5708446776539168,0.32,0.18267029684925337,0.09288824383164006,2.736569454559312,1.4132115253712745,False
action_FWHM,1.7517900037359464,0.5708446776539168,0.33,0.18837874362579254,0.09820542880331862,2.7214277988822255,1.405454742845201,False
action_FWHM,1.7517900037359464,0.5708446776539168,0.33999999999999997,0.1940871904023317,0.10362136966654714,2.706006238581926,1.3975574389737,False
action_FWHM,1.7517900037359464,0.5708446776539168,0.35,0.19979563717887086,0.10913140311804007,2.6903181233335793,1.3895266594880127,False
action_FWHM,1.7517900037359464,0.5708446776539168,0.36,0.20550408395541003,0.11473087818696884,2.6743767642623872,1.3813694281921876,False
action_FWHM,1.7517900037359464,0.5708446776539168,0.37,0.2112125307319492,0.1204151640425719,2.658195411632591,1.373092735041521,False
action_FWHM,1.7517900037359464,0.5708446776539168,0.38,0.21692097750848838,0.1261796574624257,2.6417872332619607,1.3647035278609438,False
action_FWHM,1.7517900037359464,0.5708446776539168,0.39,0.22262942428502755,0.13201978994878918,2.625165294285692,1.3562086993620235,False
action_FWHM,1.7517900037359464,0.5708446776539168,0.4,0.22833787106156672,0.13793103448275862,2.6083425377645186,1.3476150794043023,False
action_FWHM,1.7517900037359464,0.5708446776539168,0.41000000000000003,0.2340463178381059,0.14390891190822708,2.5913317664212343,1.3389294205831423,False
action_FWHM,1.7517900037359464,0.5708446776539168,0.42000000000000004,0.23975476461464507,0.1499489969398164,2.574145625448576,1.330158392068957,False
action_FWHM,1.7517900037359464,0.5708446776539168,0.43000000000000005,0.24546321139118424,0.15604692379103724,2.556796586499588,1.3213085740762498,False
action_FWHM,1.7517900037359464,0.5708446776539168,0.44000000000000006,0.2511716581677234,0.16219839142091158,2.539296932681445,1.3123864434158905,False
action_FWHM,1.7517900037359464,0.5708446776539168,0.45000000000000007,0.2568801049442626,0.16839916839916844,2.521658744691657,1.3033983719218847,False
action_FWHM,1.7517900037359464,0.5708446776539168,0.45999999999999996,0.2625885517208017,0.17464509739187847,2.503893888101505,1.294350617051156,False
action_FWHM,1.7517900037359464,0.5708446776539168,0.47,0.26829699849734084,0.18093209927102957,2.4860140016059296,1.2852493148263089,False
action_FWHM,1.7517900037359464,0.5708446776539168,0.48,0.27400544527388004,0.18725617685305593,2.4680304865207114,1.276100476237168,False
action_FWHM,1.7517900037359464,0.5708446776539168,0.49,0.2797138920504192,0.19361341827271994,2.4499544971713805,1.266909981962925,False
action_FWHM,1.7517900037359464,0.5708446776539168,0.5,0.2854223388269584,0.2,2.4317969324065825,1.2576835734334038,False
action_FWHM,1.7517900037359464,0.5708446776539168,0.51,0.2911307856034976,0.20641218950876913,2.413568428059887,1.2484268592154,False
action_FWHM,1.7517900037359464,0.5708446776539168,0.52,0.29683923238003673,0.21284634760705293,2.395279350413948,1.2391452983247648,False
action_FWHM,1.7517900037359464,0.5708446776539168,0.53,0.30254767915657593,0.21929893043953474,2.376939790645327,1.2298442096612663,False
action_FWHM,1.7517900037359464,0.5708446776539168,0.54,0.3082561259331151,0.225766491173738,2.358559560083262,1.2205287581672477,False
action_FWHM,1.7517900037359464,0.5708446776539168,0.55,0.3139645727096543,0.2322456813819578,2.340148186443325,1.2112039614594898,False
action_FWHM,1.7517900037359464,0.5708446776539168,0.56,0.3196730194861934,0.23873325213154692,2.3217149108037516,1.2018746863242842,False
action_FWHM,1.7517900037359464,0.5708446776539168,0.5700000000000001,0.3253814662627326,0.2452260547965885,2.3032686855331663,1.1925456412125066,False
action_FWHM,1.7517900037359464,0.5708446776539168,0.58,0.3310899130392717,0.2517210416043101,2.284818172695746,1.1832213853083478,False
action_FWHM,1.7517900037359464,0.5708446776539168,0.59,0.33679835981581085,0.25821526592982713,2.2663717436005815,1.1739063206033864,False
action_FWHM,1.7517900037359464,0.5708446776539168,0.6,0.34250680659235005,0.2647058823529412,2.2479374785293826,1.164604698699652,False
action_FWHM,1.7517900037359464,0.5708446776539168,0.61,0.3482152533688892,0.27119014649078055,2.229523167574543,1.1553206087539984,False
action_FWHM,1.7517900037359464,0.5708446776539168,0.62,0.3539237001454284,0.277665414620052,2.2111363117796268,1.1460579974518763,False
action_FWHM,1.7517900037359464,0.5708446776539168,0.63,0.3596321469219676,0.2841291431025843,2.192784124846514,1.136820648015213,False
action_FWHM,1.7517900037359464,0.5708446776539168,0.64,0.36534059369850674,0.29057888762769585,2.174473535644106,1.1276121991742873,False
action_FWHM,1.7517900037359464,0.5708446776539168,0.65,0.37104904047504594,0.29701230228471004,2.1562111908213444,1.1184361376912988,False
action_FWHM,1.7517900037359464,0.5708446776539168,0.66,0.3767574872515851,0.3034271384786849,2.138003458113147,1.1092958016623473,False
action_FWHM,1.7517900037359464,0.5708446776539168,0.67,0.3824659340281243,0.3098212437021189,2.119856429982603,1.1001943823538354,False
action_FWHM,1.7517900037359464,0.5708446776539168,0.6799999999999999,0.3881743808046634,0.31619256017505465,2.101775927666849,1.0911349278347502,False
action_FWHM,1.7517900037359464,0.5708446776539168,0.69,0.3938828275812025,0.32253912336562557,2.083767505473477,1.0821203429830721,False
action_FWHM,1.7517900037359464,0.5708446776539168,0.7,0.3995912743577417,0.32885906040268453,2.0658364555065534,1.0731533948718384,False
action_FWHM,1.7517900037359464,0.5708446776539168,0.71,0.40529972113428087,0.3351505883917293,2.0479878124867845,1.0642367102372634,False
action_FWHM,1.7517900037359464,0.5708446776539168,0.72,0.41100816791082007,0.34141201264488935,2.0302263591014835,1.0553727870447744,False
action_FWHM,1.7517900037359464,0.5708446776539168,0.73,0.4167166146873592,0.3476417248352795,2.0125566312344523,1.0465639847148835,False
action_FWHM,1.7517900037359464,0.5708446776539168,0.74,0.4224250614638984,0.3538382010855518,1.9949829235838878,1.0378125402659875,False
action_FWHM,1.7517900037359464,0.5708446776539168,0.75,0.4281335082404376,0.36,1.9775092954013695,1.0291205622941142,False
action_FWHM,1.7517900037359464,0.5708446776539168,0.76,0.43384195501697675,0.36612576064908725,1.960139576285047,1.0204900362274703,False
action_FWHM,1.7517900037359464,0.5708446776539168,0.77,0.43955040179351595,0.3722142005147843,1.942877372274987,1.0119228319969722,False
action_FWHM,1.7517900037359464,0.5708446776539168,0.78,0.4452588485700551,0.37826411340462573,1.925726071707179,1.0034206983069596,False
action_FWHM,1.7517900037359464,0.5708446776539168,0.79,0.4509672953465943,0.3842743673419125,1.9086888514456168,0.9949852746037007,False
action_FWHM,1.7517900037359464,0.5708446776539168,0.8,0.45667574212313344,0.39024390243902446,1.8917686830600466,0.9866180885907494,False
action_FWHM,1.7517900037359464,0.5708446776539168,0.8099999999999999,0.46238418889967253,0.3961717287603405,1.8749683388433303,0.9783205627646611,False
action_FWHM,1.7517900037359464,0.5708446776539168,0.82,0.46809263567621173,0.40205692418081795,1.8582903982013788,0.9700940162558574,False
action_FWHM,1.7517900037359464,0.5708446776539168,0.83,0.4738010824527509,0.4078986322458405,1.8417372537012255,0.9619396690108906,False
action_FWHM,1.7517900037359464,0.5708446776539168,0.84,0.4795095292292901,0.4136960600375234,1.8253111171235847,0.9538586427522947,False
action_FWHM,1.7517900037359464,0.5708446776539168,0.85,0.4852179760058292,0.4194484760522496,1.809014025857536,0.9458519670182619,False
action_FWHM,1.7517900037359464,0.5708446776539168,0.86,0.4909264227823684,0.4251552080938147,1.792847848678214,0.9379205806102946,False
action_FWHM,1.7517900037359464,0.5708446776539168,0.87,0.49663486955890757,0.4308156411861802,1.7768142919369234,0.9300653341999506,False
action_FWHM,1.7517900037359464,0.5708446776539168,0.88,0.5023433163354468,0.436429215509468,1.7609149053779527,0.9222869980560088,False
action_FWHM,1.7517900037359464,0.5708446776539168,0.89,0.508051763111986,0.4419954243624798,1.7451510880649224,0.9145862573500634,False
action_FWHM,1.7517900037359464,0.5708446776539168,0.9,0.5137602098885251,0.44751381215469616,1.7295240941621826,0.9069637226876843,False
action_FWHM,1.7517900037359464,0.5708446776539168,0.91,0.5194686566650643,0.45298397243039223,1.714035038514683,0.8994199292090281,False
action_FWHM,1.7517900037359464,0.5708446776539168,0.92,0.5251771034416035,0.4584055459272097,1.698684902240677,0.8919553375097339,False
action_FWHM,1.7517900037359464,0.5708446776539168,0.93,0.5308855502181427,0.46377821867124247,1.6834745382920069,0.8845703439503372,False
action_FWHM,1.7517900037359464,0.5708446776539168,0.94,0.5365939969946817,0.46910172011042683,1.6684046766677563,0.8772652761234848,False
action_FWHM,1.7517900037359464,0.5708446776539168,0.95,0.5423024437712209,0.4743758212877793,1.6534759296961576,0.8700403977761308,False
action_FWHM,1.7517900037359464,0.5708446776539168,0.96,0.5480108905477601,0.47960033305578686,1.6386887971701292,0.8628959141624022,False
action_FWHM,1.7517900037359464,0.5708446776539168,0.97,0.5537193373242992,0.48477510433304133,1.6240436713178763,0.8558319701592239,False
action_FWHM,1.7517900037359464,0.5708446776539168,0.98,0.5594277841008384,0.48990002040399916,1.6095408416295642,0.8488486576179545,False
action_FWHM,1.7517900037359464,0.5708446776539168,0.99,0.5651362308773776,0.4949750012625625,1.5951804996194863,0.8419460146308422,False
action_FWHM,1.7517900037359464,0.5708446776539168,1.0,0.5708446776539168,0.5,1.580962743429959,0.8351240271343845,False
action_FWHM,1.7517900037359464,0.5708446776539168,1.01,0.5765531244304559,0.5049750012375624,1.5668875823190653,0.8283826364131268,False
action_FWHM,1.7517900037359464,0.5708446776539168,1.02,0.5822615712069952,0.5099000196039992,1.5529549409522225,0.8217217354335471,False
action_FWHM,1.7517900037359464,0.5708446776539168,1.03,0.5879700179835343,0.5147750982580426,1.53916466365851,0.8151411752494407,False
action_FWHM,1.7517900037359464,0.5708446776539168,1.04,0.5936784647600735,0.5196003074558033,1.5255165185143138,0.8086407654984753,False
action_FWHM,1.7517900037359464,0.5708446776539168,1.05,0.5993869115366126,0.5243757431629014,1.5120102012594838,0.8022202749864468,False
action_FWHM,1.7517900037359464,0.5708446776539168,1.06,0.6050953583131519,0.5291015257110567,1.498645339166882,0.7958794367259674,False
action_FWHM,1.7517900037359464,0.5708446776539168,1.07,0.610803805089691,0.5337777984987646,1.4854214947606748,0.7896179485969195,False
action_FWHM,1.7517900037359464,0.5708446776539168,1.08,0.6165122518662302,0.5384047267355982,1.4723381692672843,0.7834354758666934,False
action_FWHM,1.7517900037359464,0.5708446776539168,1.09,0.6222206986427693,0.5429824962296056,1.4593948061892403,0.7773316505044382,False
action_FWHM,1.7517900037359464,0.5708446776539168,1.1,0.6279291454193086,0.5475113122171946,1.4465907946224155,0.7713060755349503,False
action_FWHM,1.7517900037359464,0.5708446776539168,1.11,0.6336375921958477,0.5519913982348462,1.4339254723569006,0.7653583288214056,False
action_FWHM,1.7517900037359464,0.5708446776539168,1.12,0.6393460389723868,0.5564229950319375,1.4213981290745803,0.759487958381791,False
action_FWHM,1.7517900037359464,0.5708446776539168,1.1300000000000001,0.645054485748926,0.5608063595239141,1.409008009281254,0.7536944874516465,False
action_FWHM,1.7517900037359464,0.5708446776539168,1.1400000000000001,0.6507629325254652,0.5651417637850061,1.396754315126758,0.7479774191278221,False
action_FWHM,1.7517900037359464,0.5708446776539168,1.1500000000000001,0.6564713793020044,0.5694294940796556,1.3846362092349684,0.7423362337855891,False
action_FWHM,1.7517900037359464,0.5708446776539168,1.1600000000000001,0.6621798260785435,0.5736698499317873,1.3726528172694819,0.736770390097159,False
action_FWHM,1.7517900037359464,0.5708446776539168,1.1700000000000002,0.6678882728550827,0.5778631432310356,1.3608032304824658,0.7312793286807002,False
action_FWHM,1.7517900037359464,0.5708446776539168,1.1800000000000002,0.6735967196316219,0.582009697375021,1.3490865081677628,0.7258624753449032,False
action_FWHM,1.7517900037359464,0.5708446776539168,1.1900000000000002,0.6793051664081611,0.5861098464467531,1.3375016799399342,0.7205192327844675,False
action_FWHM,1.7517900037359464,0.5708446776539168,1.2000000000000002,0.6850136131847002,0.5901639344262296,1.3260477480467436,0.7152489977810979,False
action_FWHM,1.7517900037359464,0.5708446776539168,1.2100000000000002,0.6907220599612394,0.594172314435291,1.3147236894169634,0.710051145028006,False
action_FWHM,1.7517900037359464,0.5708446776539168,1.2200000000000002,0.6964305067377786,0.5981353480147887,1.3035284577637585,0.7049250411538422,False
action_FWHM,1.7517900037359464,0.5708446776539168,1.2300000000000002,0.7021389535143178,0.6020534044331252,1.2924609854888747,0.6998700388417602,False
action_FWHM,1.7517900037359464,0.5708446776539168,1.2400000000000002,0.7078474002908569,0.6059268600252208,1.2815201855743696,0.6948854815537664,False
action_FWHM,1.7517900037359464,0.5708446776539168,1.2500000000000002,0.713555847067396,0.6097560975609757,1.270704953443924,0.6899707018947809,False
action_FWHM,1.7517900037359464,0.5708446776539168,1.26,0.7192642938439352,0.613541505642294,1.260014168468171,0.6851250247837397,False
action_FWHM,1.7517900037359464,0.5708446776539168,1.27,0.7249727406204743,0.6172834781277509,1.2494466957701178,0.680347765794453,False
action_FWHM,1.7517900037359464,0.5708446776539168,1.28,0.7306811873970135,0.6209824135839903,1.2390013877055628,0.6756382340924098,False
action_FWHM,1.7517900037359464,0.5708446776539168,1.29,0.7363896341735526,0.6246387147629593,1.2286770853091378,0.6709957330741543,False
action_FWHM,1.7517900037359464,0.5708446776539168,1.3,0.7420980809500919,0.6282527881040892,1.2184726197645102,0.6664195603971821,False
action_FWHM,1.7517900037359464,0.5708446776539168,1.31,0.747806527726631,0.6318250432605574,1.208386813631246,0.6619090076481636,False
action_FWHM,1.7517900037359464,0.5708446776539168,1.32,0.7535149745031702,0.6353558926487749,1.1984184822332988,0.6574633627839903,False
action_FWHM,1.7517900037359464,0.5708446776539168,1.33,0.7592234212797093,0.6388457510202608,1.1885664347816682,0.6530819133245853,False
action_FWHM,1.7517900037359464,0.5708446776539168,1.34,0.7649318680562486,0.6422950350550866,1.1788294755194606,0.6487639396188647,False
action_FWHM,1.7517900037359464,0.5708446776539168,1.35,0.7706403148327877,0.645704162976085,1.1692064048566708,0.6445087231206611,False
action_FWHM,1.7517900037359464,0.5708446776539168,1.36,0.7763487616093269,0.6490735541830432,1.1596960203170692,0.6403155406814807,False
action_FWHM,1.7517900037359464,0.5708446776539168,1.37,0.782057208385866,0.6524036289061143,1.1502971176076127,0.6361836705039814,False
action_FWHM,1.7517900037359464,0.5708446776539168,1.3800000000000001,0.7877656551624053,0.6556948078777028,1.1410084914633467,0.6321123914467468,False
action_FWHM,1.7517900037359464,0.5708446776539168,1.3900000000000001,0.7934741019389444,0.6589475120221003,1.1318289365289003,0.628100977208007,False
action_FWHM,1.7517900037359464,0.5708446776539168,1.4000000000000001,0.7991825487154836,0.6621621621621622,1.1227572481662396,0.6241487078577431,False
action_FWHM,1.7517900037359464,0.5708446776539168,1.4100000000000001,0.8048909954920227,0.6653391787423447,1.1137922233122488,0.6202548607385199,False
action_FWHM,1.7517900037359464,0.5708446776539168,1.4200000000000002,0.810599442268562,0.6684789815674315,1.10493266109839,0.6164187143658407,False
action_FWHM,1.7517900037359464,0.5708446776539168,1.4300000000000002,0.8163078890451011,0.6715819895563073,1.0961773635792982,0.6126395510848106,False
action_FWHM,1.7517900037359464,0.5708446776539168,1.4400000000000002,0.8220163358216402,0.674648620510151,1.0875251364214522,0.6089166540548384,False
action_FWHM,1.7517900037359464,0.5708446776539168,1.4500000000000002,0.8277247825981794,0.67767929089444,1.078974789466769,0.6052493074716542,False
action_FWHM,1.7517900037359464,0.5708446776539168,1.4600000000000002,0.8334332293747186,0.6806744156341806,1.0705251373082758,0.6016368024411037,False
action_FWHM,1.7517900037359464,0.5708446776539168,1.4700000000000002,0.8391416761512578,0.6836344079217945,1.062174999791532,0.5980784280618292,False
action_FWHM,1.7517900037359464,0.5708446776539168,1.4800000000000002,0.8448501229277969,0.6865596790371115,1.0539232026071543,0.5945734791143973,False
action_FWHM,1.7517900037359464,0.5708446776539168,1.4900000000000002,0.8505585697043361,0.6894506381789386,1.0457685776549708,0.5911212548999968,False
action_FWHM,1.7517900037359464,0.5708446776539168,1.5000000000000002,0.8562670164808753,0.6923076923076924,1.0377099635543008,0.5877210561952948,False
action_FWHM,1.7517900037359464,0.5708446776539168,1.51,0.8619754632574144,0.6951312459985977,1.0297462059930096,0.5843721909819563,False
action_FWHM,1.7517900037359464,0.5708446776539168,1.52,0.8676839100339535,0.6979217013049782,1.0218761581551217,0.5810739683260615,False
action_FWHM,1.7517900037359464,0.5708446776539168,1.53,0.8733923568104927,0.7006794576311772,1.01409868106761,0.5778257037321479,False
action_FWHM,1.7517900037359464,0.5708446776539168,1.54,0.8791008035870319,0.7034049116146637,1.0064126438676269,0.5746267185117603,False
action_FWHM,1.7517900037359464,0.5708446776539168,1.55,0.884809250363571,0.7060984570168993,0.9988169241511136,0.5714763350394031,True
action_FWHM,1.7517900037359464,0.5708446776539168,1.56,0.8905176971401102,0.7087604846225536,0.9913104082545532,0.5683738847646216,True
action_FWHM,1.7517900037359464,0.5708446776539168,1.57,0.8962261439166493,0.7113913821466709,0.9838919915273303,0.5653187026182639,True
action_FWHM,1.7517900037359464,0.5708446776539168,1.58,0.9019345906931886,0.7139915341494109,0.9765605784390008,0.5623101291759857,True
action_FWHM,1.7517900037359464,0.5708446776539168,1.59,0.9076430374697277,0.7165613219579944,0.9693150830001773,0.5593475088524459,True
action_FWHM,1.7517900037359464,0.5708446776539168,1.6,0.9133514842462669,0.7191011235955057,0.9621544287451211,0.55643019578124,True
action_FWHM,1.7517900037359464,0.5708446776539168,1.61,0.919059931022806,0.7216113137162106,0.9550775490800412,0.553557546956687,True
action_FWHM,1.7517900037359464,0.5708446776539168,1.62,0.9247683777993453,0.7240922635470699,0.9480833873076078,0.5507289255032746,True
action_FWHM,1.7517900037359464,0.5708446776539168,1.6300000000000001,0.9304768245758844,0.7265443408351336,0.9411708968720234,0.5479436990042927,True
action_FWHM,1.7517900037359464,0.5708446776539168,1.6400000000000001,0.9361852713524236,0.7289679098005204,0.9343390413782071,0.5452012463307379,True
action_FWHM,1.7517900037359464,0.5708446776539168,1.6500000000000001,0.9418937181289627,0.7313633310946944,0.9278127278714354,0.5425009462224574,True
action_FWHM,1.7517900037359464,0.5708446776539168,1.6600000000000001,0.947602164905502,0.7337309617637662,0.9243289891594619,0.5398421882655055,True
action_FWHM,1.7517900037359464,0.5708446776539168,1.6700000000000002,0.9533106116820411,0.7360711552165536,0.92088586545227,0.5372243666096778,True
action_FWHM,1.7517900037359464,0.5708446776539168,1.6800000000000002,0.9590190584585803,0.7383842611971536,0.917482833773664,0.5346468800393864,True
action_FWHM,1.7517900037359464,0.5708446776539168,1.6900000000000002,0.9647275052351194,0.7406706257617801,0.9141193766972755,0.5321091368928802,True
action_FWHM,1.7517900037359464,0.5708446776539168,1.7000000000000002,0.9704359520116587,0.7429305912596401,0.9107949823986772,0.5296105497213918,True
action_FWHM,1.7517900037359464,0.5708446776539168,1.7100000000000002,0.9761443987881978,0.745164496317627,0.9075091450069683,0.5271505385429194,True
action_FWHM,1.7517900037359464,0.5708446776539168,1.7200000000000002,0.981852845564737,0.7473726758286177,0.9042613642345154,0.5247285288784969,True
action_FWHM,1.7517900037359464,0.5708446776539168,1.7300000000000002,0.9875612923412761,0.7495554609431742,0.9010511454802472,0.5223439555232203,True
action_FWHM,1.7517900037359464,0.5708446776539168,1.7400000000000002,0.9932697391178154,0.7517131790644552,0.8978779999369468,0.5199962553265444,True
action_FWHM,1.7517900037359464,0.5708446776539168,1.7500000000000002,0.9989781858943545,0.7538461538461539,0.8947414444593571,0.5176848746641542,True
action_FWHM,1.7517900037359464,0.5708446776539168,1.7600000000000002,1.0046866326708936,0.7559547051932839,0.891641001852328,0.51540926816505,True
action_FWHM,1.7517900037359464,0.5708446776539168,1.77,1.0103950794474328,0.7580391492656489,0.8885761999547492,0.5131688910223189,True
action_FWHM,1.7517900037359464,0.5708446776539168,1.78,1.016103526223972,0.7600997984838307,0.8855465732468426,0.5109632118782469,True
action_FWHM,1.7517900037359464,0.5708446776539168,1.79,1.021811973000511,0.7621369615375466,0.8825516612486206,0.5087917005203348,True
action_FWHM,1.7517900037359464,0.5708446776539168,1.8,1.0275204197770502,0.7641509433962265,0.8795910091085046,0.5066538373478146,True
action_FWHM,1.7517900037359464,0.5708446776539168,1.81,1.0332288665535894,0.7661420453216717,0.8766641681165588,0.5045491068210112,True
action_FWHM,1.7517900037359464,0.5708446776539168,1.82,1.0389373133301285,0.7681105648826639,0.8737706946812862,0.502477001115684,True
action_FWHM,1.7517900037359464,0.5708446776539168,1.83,1.0446457601066677,0.7700567959713951,0.8709101507445416,0.5004370170787857,True
action_FWHM,1.7517900037359464,0.5708446776539168,1.84,1.050354206883207,0.7719810288215979,0.868082104326029,0.49842866030282,True
action_FWHM,1.7517900037359464,0.5708446776539168,1.85,1.0560626536597462,0.7738835500282646,0.865286128585252,0.49645144255001994,True
action_FWHM,1.7517900037359464,0.5708446776539168,1.86,1.0617711004362853,0.7757646425688404,0.8625218021430126,0.49450488011671156,True
action_FWHM,1.7517900037359464,0.5708446776539168,1.87,1.0674795472128245,0.7776245858257912,0.8597887089283773,0.4925884969285859,True
action_FWHM,1.7517900037359464,0.5708446776539168,1.8800000000000001,1.0731879939893636,0.7794636556104446,0.8570864387746902,0.4907018252701889,True
action_FWHM,1.7517900037359464,0.5708446776539168,1.8900000000000001,1.0788964407659027,0.7812821241880098,0.8544145863263131,0.48884439920449874,True
action_FWHM,1.7517900037359464,0.5708446776539168,1.9000000000000001,1.0846048875424419,0.7830802603036876,0.8517727517388662,0.48701576363312343,True
action_FWHM,1.7517900037359464,0.5708446776539168,1.9100000000000001,1.090313334318981,0.7848583292097847,0.8491605406924174,0.48521546625196355,True
action_FWHM,1.7517900037359464,0.5708446776539168,1.9200000000000002,1.0960217810955204,0.7866165926937522,0.8465775637678918,0.4834430636080609,True
action_FWHM,1.7517900037359464,0.5708446776539168,1.9300000000000002,1.1017302278720595,0.7883553091070711,0.8440234370449273,0.48169811689041847,True
action_FWHM,1.7517900037359464,0.5708446776539168,1.9400000000000002,1.1074386746485987,0.7900747333949115,0.8414977811341373,0.4799801927968525,True
action_FWHM,1.7517900037359464,0.5708446776539168,1.9500000000000002,1.1131471214251378,0.7917751171264967,0.839000222399866,0.47828886777262153,True
action_FWHM,1.7517900037359464,0.5708446776539168,1.9600000000000002,1.118855568201677,0.7934567085261071,0.8365303917944322,0.47662371839647805,True
action_FWHM,1.7517900037359464,0.5708446776539168,1.9700000000000002,1.1245640149782161,0.7951197525046612,0.8340879255655409,0.4749843325278517,True
action_FWHM,1.7517900037359464,0.5708446776539168,1.9800000000000002,1.1302724617547553,0.7967644906918137,0.8316724649051199,0.47337030145626224,True
action_FWHM,1.7517900037359464,0.5708446776539168,1.9900000000000002,1.1359809085312944,0.7983911614685189,0.8292836555357841,0.47178122282304324,True
action_FWHM,1.7517900037359464,0.5708446776539168,2.0,1.1416893553078336,0.8,0.8269211482532457,0.4702166994533434,True
action_FWHM,1.7517900037359464,0.5708446776539168,2.0100000000000002,1.147397802084373,0.801591238269082,0.8245845986759148,0.4686763406799495,True
action_FWHM,1.7517900037359464,0.5708446776539168,2.02,1.1531062488609118,0.8031651051098339,0.822273667043838,0.46715976232948664,True
action_FWHM,1.7517900037359464,0.5708446776539168,2.03,1.158814695637451,0.8047218262414809,0.8199880184525554,0.46566658461319643,True
action_FWHM,1.7517900037359464,0.5708446776539168,2.04,1.1645231424139904,0.8062616243025419,0.8177273224373893,0.46419643338806443,True
action_FWHM,1.7517900037359464,0.5708446776539168,2.05,1.1702315891905293,0.8077847188851514,0.8154912529855229,0.4627489395518422,True
action_FWHM,1.7517900037359464,0.5708446776539168,2.06,1.1759400359670686,0.8092913265695324,0.8132794891000827,0.4613237429722041,True
action_FWHM,1.7517900037359464,0.5708446776539168,2.07,1.1816484827436076,0.8107816609585801,0.8110917136864737,0.45992048257614354,True
action_FWHM,1.7517900037359464,0.5708446776539168,2.08,1.187356929520147,0.8122559327125263,0.8089276143485202,0.4585388108013205,True
action_FWHM,1.7517900037359464,0.5708446776539168,2.09,1.193065376296686,0.8137143495836515,0.80678688301421,0.45717837663064653,True
action_FWHM,1.7517900037359464,0.5708446776539168,2.1,1.1987738230732252,0.8151571164510166,0.8046692160114333,0.45583884238026945,True
action_FWHM,1.7517900037359464,0.5708446776539168,2.1100000000000003,1.2044822698497646,0.8165844353551843,0.8025743136172103,0.4545198693567739,True
action_FWHM,1.7517900037359464,0.5708446776539168,2.12,1.2101907166263037,0.8179965055329063,0.8005018805981701,0.45322112800427916,True
action_FWHM,1.7517900037359464,0.5708446776539168,2.1300000000000003,1.2158991634028429,0.819393523451751,0.7984516257722118,0.45194229243379785,True
action_FWHM,1.7517900037359464,0.5708446776539168,2.14,1.221607610179382,0.8207756828446484,0.7964232620427891,0.450683040128772,True
action_FWHM,1.7517900037359464,0.5708446776539168,2.15,1.227316056955921,0.8221431747443309,0.7944165065429054,0.44944305617979113,True
action_FWHM,1.7517900037359464,0.5708446776539168,2.16,1.2330245037324603,0.8234961875176504,0.792431080018452,0.4482220298142306,True
action_FWHM,1.7517900037359464,0.5708446776539168,2.17,1.2387329505089995,0.824834906899753,0.7904667070330218,0.4470196551478555,True
action_FWHM,1.7517900037359464,0.5708446776539168,2.18,1.2444413972855386,0.8261595160280927,0.7885231168985207,0.445835629863112,True
action_FWHM,1.7517900037359464,0.5708446776539168,2.19,1.2501498440620777,0.8274701954762685,0.7866000418313757,0.44466965688248183,True
action_FWHM,1.7517900037359464,0.5708446776539168,2.2,1.255858290838617,0.8287671232876712,0.7846972183851886,0.4435214456573591,True
action_FWHM,1.7517900037359464,0.5708446776539168,2.21,1.261566737615156,0.8300504750089224,0.7828143865121762,0.4423907071192024,True
action_FWHM,1.7517900037359464,0.5708446776539168,2.22,1.2672751843916954,0.8313204237230957,0.7809512899929594,0.4412771600401363,True
action_FWHM,1.7517900037359464,0.5708446776539168,2.23,1.2729836311682343,0.8325771400827069,0.7791076763372873,0.4401805247526767,True
action_FWHM,1.7517900037359464,0.5708446776539168,2.24,1.2786920779447737,0.8338207923424621,0.7772832966298271,0.43910052756178725,True
action_FWHM,1.7517900037359464,0.5708446776539168,2.25,1.2844005247213128,0.8350515463917526,0.7754779051742489,0.4380368995296008,True
action_FWHM,1.7517900037359464,0.5708446776539168,2.2600000000000002,1.290108971497852,0.8362695657868885,0.7736912596280732,0.43698937366416324,True
action_FWHM,1.7517900037359464,0.5708446776539168,2.27,1.2958174182743911,0.8374750117830616,0.7719231221563705,0.4359576908842163,True
action_FWHM,1.7517900037359464,0.5708446776539168,2.2800000000000002,1.3015258650509305,0.83866804336603,0.7701732571343989,0.4349415931498252,True
action_FWHM,1.7517900037359464,0.5708446776539168,2.29,1.3072343118274694,0.8398488172835157,0.7684414327354894,0.4339408284273903,True
action_FWHM,1.7517900037359464,0.5708446776539168,2.3000000000000003,1.3129427586040088,0.8410174880763116,0.7667274202676433,0.4329551467901745,True
action_FWHM,1.7517900037359464,0.5708446776539168,2.31,1.3186512053805477,0.8421742081090892,0.7650309946966916,0.4319843050134838,True
action_FWHM,1.7517900037359464,0.5708446776539168,2.3200000000000003,1.324359652157087,0.8433191276009026,0.7633519337509664,0.4310280620797184,True
action_FWHM,1.7517900037359464,0.5708446776539168,2.33,1.3300680989336262,0.8444523946553842,0.7616900183645692,0.4300861796138364,True
action_FWHM,1.7517900037359464,0.5708446776539168,2.3400000000000003,1.3357765457101654,0.8455741552906295,0.7600450328748343,0.429158427129482,True
action_FWHM,1.7517900037359464,0.5708446776539168,2.35,1.3414849924867045,0.846684553468762,0.758416764299219,0.4282445736067956,True
action_FWHM,1.7517900037359464,0.5708446776539168,2.3600000000000003,1.3471934392632439,0.8477837311251827,0.7568050028479822,0.4273443942193099,True
action_FWHM,1.7517900037359464,0.5708446776539168,2.37,1.3529018860397828,0.8488718281974943,0.755209541691304,0.4264576685178637,True
action_FWHM,1.7517900037359464,0.5708446776539168,2.3800000000000003,1.3586103328163222,0.8499489826541025,0.753630176966058,0.4255841761539446,True
action_FWHM,1.7517900037359464,0.5708446776539168,2.39,1.364318779592861,0.8510153305224892,0.7520667079189636,0.42472370418423916,True
action_FWHM,1.7517900037359464,0.5708446776539168,2.4000000000000004,1.3700272263694004,0.8520710059171598,0.7505189359683362,0.4238760410954237,True
action_FWHM,1.7517900037359464,0.5708446776539168,2.41,1.3757356731459396,0.8531161410672581,0.7489866661206879,0.4230409797739085,True
action_FWHM,1.7517900037359464,0.5708446776539168,2.42,1.3814441199224785,0.854150866343854,0.7474697054633106,0.42221831547795174,True
action_FWHM,1.7517900037359464,0.5708446776539168,2.43,1.3871525666990179,0.8551753102868977,0.7459678644355705,0.4214078479780742,True
action_FWHM,1.7517900037359464,0.5708446776539168,2.44,1.3928610134755568,0.8561895996318454,0.7444809556886867,0.4206093788263364,True
action_FWHM,1.7517900037359464,0.5708446776539168,2.45,1.3985694602520962,0.8571938593359515,0.7430087948324671,0.41982271507431,True
action_FWHM,1.7517900037359464,0.5708446776539168,2.46,1.4042779070286353,0.8581882126042316,0.7415511997325375,0.41904766573567304,True
action_FWHM,1.7517900037359464,0.5708446776539168,2.47,1.4099863538051745,0.8591727809150953,0.7401079910282604,0.41828404230095195,True
action_FWHM,1.7517900037359464,0.5708446776539168,2.48,1.4156948005817136,0.8601476840456478,0.7386789919049841,0.41753166050752516,True
action_FWHM,1.7517900037359464,0.5708446776539168,2.49,1.421403247358253,0.8611130400966653,0.7372640281873455,0.416790338502544,True
action_FWHM,1.7517900037359464,0.5708446776539168,2.5,1.4271116941347919,0.8620689655172413,0.735862927792752,0.41605989858855014,True
action_FWHM,1.7517900037359464,0.5708446776539168,2.5100000000000002,1.4328201409113313,0.8630155751291079,0.7344755214699905,0.41534016357694375,True
action_FWHM,1.7517900037359464,0.5708446776539168,2.52,1.4385285876878704,0.8639529821506313,0.7331016418606451,0.41463096248215736,True
action_FWHM,1.7517900037359464,0.5708446776539168,2.5300000000000002,1.4442370344644095,0.8648812982204868,0.7317411242736327,0.41393212441117494,True
action_FWHM,1.7517900037359464,0.5708446776539168,2.54,1.4499454812409487,0.8658006334210102,0.7303938062552806,0.41324348272898503,True
action_FWHM,1.7517900037359464,0.5708446776539168,2.5500000000000003,1.4556539280174878,0.866711096301233,0.7290595278625078,0.4125648734271968,True
action_FWHM,1.7517900037359464,0.5708446776539168,2.56,1.461362374794027,0.8676127938995976,0.7277381307652986,0.4118961343813497,True
action_FWHM,1.7517900037359464,0.5708446776539168,2.5700000000000003,1.4670708215705663,0.8685058317663612,0.7264294594442777,0.4112371080144614,True
action_FWHM,1.7517900037359464,0.5708446776539168,2.58,1.4727792683471053,0.8693903139856852,0.7251333604882948,0.41058763702237006,True
action_FWHM,1.7517900037359464,0.5708446776539168,2.5900000000000003,1.4784877151236446,0.8702663431974157,0.7238496823360308,0.4099475689563635,True
action_FWHM,1.7517900037359464,0.5708446776539168,2.6,1.4841961619001838,0.8711340206185567,0.722578275690422,0.409316752659334,True
action_FWHM,1.7517900037359464,0.5708446776539168,2.6100000000000003,1.489904608676723,0.8719934460644385,0.7213189936109199,0.4086950394729803,True
action_FWHM,1.7517900037359464,0.5708446776539168,2.62,1.495613055453262,0.8728447179695845,0.7200716903685622,0.4080822836868698,True
action_FWHM,1.7517900037359464,0.5708446776539168,2.6300000000000003,1.5013215022298012,0.8736879334082785,0.718836223213315,0.40747834160492535,True
action_FWHM,1.7517900037359464,0.5708446776539168,2.64,1.5070299490063404,0.8745231881148364,0.7176124510765991,0.4068830732244736,True
action_FWHM,1.7517900037359464,0.5708446776539168,2.6500000000000004,1.5127383957828797,0.8753505765035838,0.7164002346161658,0.40629633878577587,True
action_FWHM,1.7517900037359464,0.5708446776539168,2.66,1.5184468425594186,0.8761701916885432,0.7151994364407832,0.40571800271190545,True
action_FWHM,1.7517900037359464,0.5708446776539168,2.67,1.5241552893359578,0.8769821255028356,0.7140099211632833,0.40514793062139615,True
action_FWHM,1.7517900037359464,0.5708446776539168,2.68,1.5298637361124972,0.8777864685177943,0.7128315554217668,0.4045859906198647,True
action_FWHM,1.7517900037359464,0.5708446776539168,2.69,1.535572182889036,0.878583310061801,0.7116642075228663,0.40403205338420695,True
action_FWHM,1.7517900037359464,0.5708446776539168,2.7,1.5412806296655754,0.879372738238842,0.7105077475429322,0.4034859917327427,True
action_FWHM,1.7517900037359464,0.5708446776539168,2.71,1.5469890764421144,0.8801548399467887,0.7093620475522755,0.402947680467984,True
action_FWHM,1.7517900037359464,0.5708446776539168,2.72,1.5526975232186537,0.8809297008954086,0.7082269810334108,0.4024169956789995,True
action_FWHM,1.7517900037359464,0.5708446776539168,2.73,1.5584059699951929,0.8816974056241054,0.7071024234705181,0.4018938174524943,True
action_FWHM,1.7517900037359464,0.5708446776539168,2.74,1.564114416771732,0.8824580375193946,0.7059882523051009,0.4013780259843728,True
action_FWHM,1.7517900037359464,0.5708446776539168,2.75,1.5698228635482712,0.8832116788321168,0.7048843457452048,0.40086950453612524,True
action_FWHM,1.7517900037359464,0.5708446776539168,2.7600000000000002,1.5755313103248105,0.8839584106943928,0.7037905848398918,0.40036813827188705,True
action_FWHM,1.7517900037359464,0.5708446776539168,2.77,1.5812397571013495,0.8846983131363212,0.7027068513423051,0.39987381403829153,True
action_FWHM,1.7517900037359464,0.5708446776539168,2.7800000000000002,1.5869482038778888,0.8854314651024244,0.7016330289527861,0.39938642038821504,True
action_FWHM,1.7517900037359464,0.5708446776539168,2.79,1.5926566506544277,0.8861579444678453,0.7005690031570255,0.3989058482791047,True
action_FWHM,1.7517900037359464,0.5708446776539168,2.8000000000000003,1.598365097430967,0.8868778280542987,0.6995146606260549,0.39843199014731906,True
action_FWHM,1.7517900037359464,0.5708446776539168,2.81,1.6040735442075063,0.8875911916457774,0.6984698900318831,0.397964739599568,True
action_FWHM,1.7517900037359464,0.5708446776539168,2.8200000000000003,1.6097819909840454,0.8882981100040214,0.6974345809396265,0.39750399440134043,True
action_FWHM,1.7517900037359464,0.5708446776539168,2.83,1.6154904377605845,0.8889986568837484,0.6964086247054135,0.39704965071647896,True
action_FWHM,1.7517900037359464,0.5708446776539168,2.8400000000000003,1.621198884537124,0.8896929050476526,0.6953919145231247,0.396601609467749,True
action_FWHM,1.7517900037359464,0.5708446776539168,2.85,1.6269073313136628,0.8903809262811729,0.6943843444478182,0.3961597712079417,True
action_FWHM,1.7517900037359464,0.5708446776539168,2.8600000000000003,1.6326157780902022,0.891062791407033,0.6933858103292279,0.3957240391575085,True
action_FWHM,1.7517900037359464,0.5708446776539168,2.87,1.6383242248667411,0.8917385702995594,0.6923962089683489,0.3952943172711036,True
action_FWHM,1.7517900037359464,0.5708446776539168,2.8800000000000003,1.6440326716432805,0.8924083318987778,0.6914154393075078,0.39487051254465927,True
action_FWHM,1.7517900037359464,0.5708446776539168,2.89,1.6497411184198196,0.8930721442242918,0.6904434008698113,0.3944525322211345,True
action_FWHM,1.7517900037359464,0.5708446776539168,2.9000000000000004,1.6554495651963588,0.8937300743889479,0.689479995277531,0.3940402858337396,True
action_FWHM,1.7517900037359464,0.5708446776539168,2.91,1.661158011972898,0.8943821886122876,0.6885251243824442,0.39363368407245813,True
action_FWHM,1.7517900037359464,0.5708446776539168,2.92,1.6668664587494368,0.8950285522337924,0.6875786927019067,0.39323263904540756,True
action_FWHM,1.7517900037359464,0.5708446776539168,2.93,1.6725749055259762,0.8956692297259231,0.6866406049979012,0.39283706502527493,True
action_FWHM,1.7517900037359464,0.5708446776539168,2.94,1.6782833523025154,0.8963042847069559,0.6857107676018659,0.3924468771808888,True
action_FWHM,1.7517900037359464,0.5708446776539168,2.95,1.6839917990790545,0.8969337799536202,0.6847890883393104,0.39206199138393644,True
action_FWHM,1.7517900037359464,0.5708446776539168,2.96,1.6897002458555936,0.8975577774135388,0.683875475851603,0.39168232633649674,True
action_FWHM,1.7517900037359464,0.5708446776539168,2.97,1.695408692632133,0.898176338217475,0.6829698402009088,0.39130780198318466,True
action_FWHM,1.7517900037359464,0.5708446776539168,2.98,1.701117139408672,0.898789522691389,0.6820720928419899,0.39093833817419044,True
action_FWHM,1.7517900037359464,0.5708446776539168,2.99,1.7068255861852113,0.8993973903683061,0.6811821459287826,0.3905738569840074,True
action_FWHM,1.7517900037359464,0.5708446776539168,3.0,1.7125340329617504,0.9,0.6802999131072074,0.3902142824746751,True
action_FWHM,1.7517900037359464,0.5708446776539168,3.1,1.769618500727142,0.9057492931196984,0.6718836350130042,0.3868724211943602,True
action_FWHM,1.7517900037359464,0.5708446776539168,3.2,1.8267029684925338,0.911032028469751,0.6641516255762481,0.38394577994133494,True
action_FWHM,1.7517900037359464,0.5708446776539168,3.3000000000000003,1.8837874362579254,0.9158957106812448,0.6570340450164025,0.38137604662673,True
action_FWHM,1.7517900037359464,0.5708446776539168,3.4000000000000004,1.9408719040233173,0.9203821656050956,0.6504694276798562,0.3791138138993033,True
action_FWHM,1.7517900037359464,0.5708446776539168,3.5,1.9979563717887088,0.9245283018867925,0.6444035556722572,0.3771171461356462,True
action_FWHM,1.7517900037359464,0.5708446776539168,3.6,2.0550408395541004,0.9283667621776505,0.6387884937778088,0.37535038499777434,True
action_FWHM,1.7517900037359464,0.5708446776539168,3.7,2.1121253073194923,0.9319264805990469,0.6335817672299182,0.3737831479118741,True
action_FWHM,1.7517900037359464,0.5708446776539168,3.8000000000000003,2.1692097750848838,0.9352331606217616,0.6287456543059733,0.3723894926088743,True
action_FWHM,1.7517900037359464,0.5708446776539168,3.9000000000000004,2.2262942428502757,0.9383096853793955,0.6242465822374088,0.3711472196180848,True
action_FWHM,1.7517900037359464,0.5708446776539168,4.0,2.283378710615667,0.9411764705882353,0.6200546056459588,0.3700372891292027,True
action_FWHM,1.7517900037359464,0.5708446776539168,4.1,2.3404631783810586,0.9438517686692869,0.6161429588340317,0.36904333421599944,True
action_FWHM,1.7517900037359464,0.5708446776539168,4.2,2.3975476461464504,0.9463519313304721,0.6124876682056968,0.368151253316934,True
action_FWHM,1.7517900037359464,0.5708446776539168,4.300000000000001,2.4546321139118423,0.9486916367367881,0.6090672186158885,0.3673488672150234,True
action_FWHM,1.7517900037359464,0.5708446776539168,4.4,2.511716581677234,0.9508840864440079,0.6058622631689659,0.3666256345499366,True
action_FWHM,1.7517900037359464,0.5708446776539168,4.5,2.5688010494426257,0.9529411764705882,0.6028553705812456,0.36597240902180794,True
action_FWHM,1.7517900037359464,0.5708446776539168,4.6,2.625885517208017,0.9548736462093863,0.6000308076889116,0.36538123711646453,True
action_FWHM,1.7517900037359464,0.5708446776539168,4.7,2.682969984973409,0.956691208315288,0.5973743477476701,0.3648451873107635,True
action_FWHM,1.7517900037359464,0.5708446776539168,4.800000000000001,2.740054452738801,0.9584026622296173,0.5948731031518939,0.36435820483976145,True
action_FWHM,1.7517900037359464,0.5708446776539168,4.9,2.7971389205041923,0.960015993602559,0.5925153801344063,0.36391498959422,True
action_FWHM,1.7517900037359464,0.5708446776539168,5.0,2.8542233882695838,0.9615384615384616,0.5902905499114208,0.3635108918443097,True
action_FWHM,1.7517900037359464,0.5708446776539168,5.1,2.911307856034975,0.9629766753054424,0.5881889364063531,0.3631418239131536,True
action_FWHM,1.7517900037359464,0.5708446776539168,5.2,2.9683923238003675,0.9643366619115549,0.5862017176542444,0.36280418503627,True
action_FWHM,1.7517900037359464,0.5708446776539168,5.300000000000001,3.0254767915657594,0.9656239257476796,0.584320836461738,0.3624947963033603,True
action_FWHM,1.7517900037359464,0.5708446776539168,5.4,3.082561259331151,0.96684350132626,0.5825389249488833,0.3622108465157111,True
action_FWHM,1.7517900037359464,0.5708446776539168,5.5,3.1396457270965423,0.968,0.5808492351544237,0.36194984422042153,True
action_FWHM,1.7517900037359464,0.5708446776539168,5.6,3.1967301948619338,0.9690976514215079,0.5792455778510508,0.36170957733441716,True
action_FWHM,1.7517900037359464,0.5708446776539168,5.7,3.2538146626273257,0.9701403404001194,0.578935482251608,0.3614880782234823,True
action_FWHM,1.7517900037359464,0.5708446776539168,5.800000000000001,3.3108991303927175,0.9711316397228638,0.5800026365053723,0.36128359348578026,True
action_FWHM,1.7517900037359464,0.5708446776539168,5.9,3.367983598158109,0.9720748394303267,0.5810180020682121,0.36109455784826733,True
action_FWHM,1.7517900037359464,0.5708446776539168,6.0,3.425068065923501,0.972972972972973,0.5819848457707555,0.3609195717974473,True
action_FWHM,1.7517900037359464,0.5708446776539168,6.1,3.4821525336888923,0.9738288406176393,0.5829061831725713,0.36075738148776193,True
action_FWHM,1.7517900037359464,0.5708446776539168,6.2,3.539237001454284,0.9746450304259635,0.5837848013312441,0.3606068620977306,True
action_FWHM,1.7517900037359464,0.5708446776539168,6.300000000000001,3.596321469219676,0.975423937085279,0.5846232788307759,0.36046700275296417,True
action_FWHM,1.7517900037359464,0.5708446776539168,6.4,3.6534059369850675,0.9761677788369876,0.585424004505064,0.3603368937015707,True
action_FWHM,1.7517900037359464,0.5708446776539168,6.5,3.710490404750459,0.976878612716763,0.5861891932343655,0.3602157147695037,True
action_FWHM,1.7517900037359464,0.5708446776539168,6.6,3.7675748725158504,0.9775583482944344,0.586920901395882,0.3601027255940873,True
action_FWHM,1.7517900037359464,0.5708446776539168,6.7,3.8246593402812423,0.9782087600784485,0.5876210396553172,0.35999725681998834,True
action_FWHM,1.7517900037359464,0.5708446776539168,6.800000000000001,3.8817438080466347,0.97883149872989,0.5882913854341143,0.35989870242407246,True
action_FWHM,1.7517900037359464,0.5708446776539168,6.9,3.938828275812026,0.979428101213742,0.5889335936006379,0.35980651294828253,True
action_FWHM,1.7517900037359464,0.5708446776539168,7.0,3.9959127435774175,0.98,0.5895492065993935,0.3597201896122098,True
action_FWHM,1.7517900037359464,0.5708446776539168,7.1,4.0529972113428085,0.9805485314141218,0.5901396632492673,0.35963927896297887,True
action_FWHM,1.7517900037359464,0.5708446776539168,7.200000000000001,4.110081679108202,0.9810749432248297,0.5907063070478391,0.359563368248396,True
action_FWHM,1.7517900037359464,0.5708446776539168,7.300000000000001,4.167166146873593,0.9815804015472462,0.5912503935255775,0.3594920813572361,True
action_FWHM,1.7517900037359464,0.5708446776539168,7.4,4.224250614638985,0.9820659971305595,0.5917730971111146,0.3594250750077082,True
action_FWHM,1.7517900037359464,0.5708446776539168,7.5,4.281335082404376,0.982532751091703,0.5922755172228955,0.3593620356162005,True
action_FWHM,1.7517900037359464,0.5708446776539168,7.6,4.3384195501697675,0.9829816201497618,0.5927586838787802,0.35930267637126884,True
action_FWHM,1.7517900037359464,0.5708446776539168,7.700000000000001,4.39550401793516,0.9834135014098524,0.5932235628889115,0.3592467345589619,True
action_FWHM,1.7517900037359464,0.5708446776539168,7.800000000000001,4.452588485700551,0.9838292367399741,0.5936710608181239,0.35919396943257537,True
action_FWHM,1.7517900037359464,0.5708446776539168,7.9,4.509672953465943,0.9842296167796878,0.5941020287485221,0.35914415997809856,True
action_FWHM,1.7517900037359464,0.5708446776539168,8.0,4.566757421231334,0.9846153846153847,0.5945172667322973,0.3590971031050933,True
action_FWHM,1.7517900037359464,0.5708446776539168,8.1,4.623841888996726,0.9849872391532802,0.5949175272787377,0.35905261219877266,True
action_FWHM,1.7517900037359464,0.5708446776539168,8.200000000000001,4.680926356762118,0.9853458382180539,0.5953035185281563,0.3590105152360389,True
action_FWHM,1.7517900037359464,0.5708446776539168,8.3,4.738010824527509,0.9856918014022035,0.5956759075782969,0.3589706537670673,True
action_FWHM,1.7517900037359464,0.5708446776539168,8.4,4.795095292292901,0.9860257126886529,0.5960353230553772,0.35893288166812687,True
action_FWHM,1.7517900037359464,0.5708446776539168,8.5,4.852179760058292,0.9863481228668942,0.5963823580693806,0.35889706386926074,True
action_FWHM,1.7517900037359464,0.5708446776539168,8.6,4.909264227823684,0.9866595517609391,0.5967175721460993,0.3588630757664109,True
action_FWHM,1.7517900037359464,0.5708446776539168,8.700000000000001,4.966348695589077,0.9869604902855653,0.5970414937763069,0.3588308018002188,True
action_FWHM,1.7517900037359464,0.5708446776539168,8.8,5.023433163354468,0.9872514023457419,0.5973546224555926,0.3588001352180403,True
action_FWHM,1.7517900037359464,0.5708446776539168,8.9,5.08051763111986,0.9875327265926942,0.5976574303301119,0.3587709768655209,True
action_FWHM,1.7517900037359464,0.5708446776539168,9.0,5.137602098885251,0.9878048780487805,0.5979503642673412,0.3587432350280139,True
action_FWHM,1.7517900037359464,0.5708446776539168,9.1,5.194686566650643,0.9880682496122181,0.5982338471818394,0.35871682425283064,True
action_FWHM,1.7517900037359464,0.5708446776539168,9.200000000000001,5.251771034416035,0.9883232134516581,0.5985082796663099,0.3586916653670295,True
action_FWHM,1.7517900037359464,0.5708446776539168,9.3,5.3088555021814265,0.9885701222996914,0.5987740416223852,0.35866768468848953,True
action_FWHM,1.7517900037359464,0.5708446776539168,9.4,5.365939969946818,0.9888093106535363,0.5990314930169327,0.3586448136094314,True
action_FWHM,1.7517900037359464,0.5708446776539168,9.5,5.423024437712209,0.989041095890411,0.5992809754911455,0.35862298824849753,True
action_FWHM,1.7517900037359464,0.5708446776539168,9.6,5.480108905477601,0.9892657793044225,0.5995228134874186,0.35860214908455507,True
action_FWHM,1.7517900037359464,0.5708446776539168,9.700000000000001,5.537193373242993,0.9894836470711957,0.5997573149539637,0.3585822405571558,True
action_FWHM,1.7517900037359464,0.5708446776539168,9.8,5.594277841008385,0.9896949711459192,0.599984772777995,0.3585632107861821,True
action_FWHM,1.7517900037359464,0.5708446776539168,9.9,5.651362308773776,0.9899000100999898,0.6002054652275768,0.35854501141670825,True
action_FWHM,1.7517900037359464,0.5708446776539168,10.0,5.7084467765391675,0.9900990099009901,0.6004196570910114,0.3585275970553008,True
gradient_FWHM,2.601607651871168,0.3843777132500224,0.1,0.03843777132500224,0.009900990099009903,2.973057312761118,1.534687686409705,False
gradient_FWHM,2.601607651871168,0.3843777132500224,0.11,0.04228154845750246,0.011955340381385238,2.9671992764461086,1.5316718137061904,False
gradient_FWHM,2.601607651871168,0.3843777132500224,0.12000000000000001,0.046125325590002694,0.014195583596214515,2.960811379868944,1.528383517061715,False
gradient_FWHM,2.601607651871168,0.3843777132500224,0.13,0.04996910272250291,0.01661913659160193,2.953901045055396,1.5248267123232997,False
gradient_FWHM,2.601607651871168,0.3843777132500224,0.14,0.05381287985500314,0.01922322479403688,2.946476243277618,1.5210056052098413,False
gradient_FWHM,2.601607651871168,0.3843777132500224,0.15000000000000002,0.05765665698750337,0.02200488997555013,2.9385454725729954,1.5169246808991759,False
gradient_FWHM,2.601607651871168,0.3843777132500224,0.16,0.06150043412000358,0.0249609984399376,2.930117734107762,1.512588689496974,False
gradient_FWHM,2.601607651871168,0.3843777132500224,0.17,0.06534421125250381,0.028088249586937515,2.9212025073594994,1.508002633043952,False
gradient_FWHM,2.601607651871168,0.3843777132500224,0.18,0.06918798838500403,0.031383184812088336,2.9118097243472807,1.5031717539342575,False
gradient_FWHM,2.601607651871168,0.3843777132500224,0.19,0.07303176551750426,0.03484219669916031,2.9019497431303387,1.4981015162166538,False
gradient_FWHM,2.601607651871168,0.3843777132500224,0.2,0.07687554265000449,0.03846153846153847,2.8916333204243694,1.4927975997613816,False
gradient_FWHM,2.601607651871168,0.3843777132500224,0.21000000000000002,0.08071931978250471,0.042237333588736714,2.8808715838283705,1.48726587390807,False
gradient_FWHM,2.601607651871168,0.3843777132500224,0.22,0.08456309691500492,0.046165585654330404,2.8696760033674273,1.4815123922694335,False
gradient_FWHM,2.601607651871168,0.3843777132500224,0.23,0.08840687404750516,0.050242188241998297,2.8580583629292944,1.4755433765128647,False
gradient_FWHM,2.601607651871168,0.3843777132500224,0.24000000000000002,0.09225065118000539,0.05446293494704993,2.8460307312783373,1.469365190200895,False
gradient_FWHM,2.601607651871168,0.3843777132500224,0.25,0.0960944283125056,0.058823529411764705,2.8336054332374294,1.4629843417591042,False
gradient_FWHM,2.601607651871168,0.3843777132500224,0.26,0.09993820544500583,0.0633195953540652,2.8207950205780374,1.4564074535260252,False
gradient_FWHM,2.601607651871168,0.3843777132500224,0.27,0.10378198257750605,0.06794668655047069,2.8076122433617456,1.4496412550304527,False
gradient_FWHM,2.601607651871168,0.3843777132500224,0.28,0.10762575971000628,0.07270029673590506,2.7940700213474834,1.442692562145541,False
gradient_FWHM,2.601607651871168,0.3843777132500224,0.29000000000000004,0.11146953684250652,0.07757586938474312,2.780181415789973,1.435568269174901,False
gradient_FWHM,2.601607651871168,0.3843777132500224,0.30000000000000004,0.11531331397500674,0.08256880733944956,2.765959601706447,1.4282753270362998,False
gradient_FWHM,2.601607651871168,0.3843777132500224,0.31,0.11915709110750694,0.08767448225526868,2.751417840767023,1.4208207365945762,False
gradient_FWHM,2.601607651871168,0.3843777132500224,0.32,0.12300086824000717,0.09288824383164006,2.736569454559312,1.4132115253712745,False
gradient_FWHM,2.601607651871168,0.3843777132500224,0.33,0.1268446453725074,0.09820542880331862,2.7214277988822255,1.405454742845201,False
gradient_FWHM,2.601607651871168,0.3843777132500224,0.33999999999999997,0.13068842250500762,0.10362136966654714,2.706006238581926,1.3975574389737,False
gradient_FWHM,2.601607651871168,0.3843777132500224,0.35,0.13453219963750784,0.10913140311804007,2.6903181233335793,1.3895266594880127,False
gradient_FWHM,2.601607651871168,0.3843777132500224,0.36,0.13837597677000807,0.11473087818696884,2.6743767642623872,1.3813694281921876,False
gradient_FWHM,2.601607651871168,0.3843777132500224,0.37,0.1422197539025083,0.1204151640425719,2.658195411632591,1.373092735041521,False
gradient_FWHM,2.601607651871168,0.3843777132500224,0.38,0.14606353103500852,0.1261796574624257,2.6417872332619607,1.3647035278609438,False
gradient_FWHM,2.601607651871168,0.3843777132500224,0.39,0.14990730816750875,0.13201978994878918,2.625165294285692,1.3562086993620235,False
gradient_FWHM,2.601607651871168,0.3843777132500224,0.4,0.15375108530000897,0.13793103448275862,2.6083425377645186,1.3476150794043023,False
gradient_FWHM,2.601607651871168,0.3843777132500224,0.41000000000000003,0.1575948624325092,0.14390891190822708,2.5913317664212343,1.3389294205831423,False
gradient_FWHM,2.601607651871168,0.3843777132500224,0.42000000000000004,0.16143863956500942,0.1499489969398164,2.574145625448576,1.330158392068957,False
gradient_FWHM,2.601607651871168,0.3843777132500224,0.43000000000000005,0.16528241669750965,0.15604692379103724,2.556796586499588,1.3213085740762498,False
gradient_FWHM,2.601607651871168,0.3843777132500224,0.44000000000000006,0.16912619383000987,0.16219839142091158,2.539296932681445,1.3123864434158905,False
gradient_FWHM,2.601607651871168,0.3843777132500224,0.45000000000000007,0.1729699709625101,0.16839916839916844,2.521658744691657,1.3033983719218847,False
gradient_FWHM,2.601607651871168,0.3843777132500224,0.45999999999999996,0.1768137480950103,0.17464509739187847,2.503893888101505,1.294350617051156,False
gradient_FWHM,2.601607651871168,0.3843777132500224,0.47,0.18065752522751052,0.18093209927102957,2.4860140016059296,1.2852493148263089,False
gradient_FWHM,2.601607651871168,0.3843777132500224,0.48,0.18450130236001075,0.18725617685305593,2.4680304865207114,1.276100476237168,False
gradient_FWHM,2.601607651871168,0.3843777132500224,0.49,0.18834507949251098,0.19361341827271994,2.4499544971713805,1.266909981962925,False
gradient_FWHM,2.601607651871168,0.3843777132500224,0.5,0.1921888566250112,0.2,2.4317969324065825,1.2576835734334038,False
gradient_FWHM,2.601607651871168,0.3843777132500224,0.51,0.19603263375751143,0.20641218950876913,2.413568428059887,1.2484268592154,False
gradient_FWHM,2.601607651871168,0.3843777132500224,0.52,0.19987641089001165,0.21284634760705293,2.395279350413948,1.2391452983247648,False
gradient_FWHM,2.601607651871168,0.3843777132500224,0.53,0.20372018802251188,0.21929893043953474,2.376939790645327,1.2298442096612663,False
gradient_FWHM,2.601607651871168,0.3843777132500224,0.54,0.2075639651550121,0.225766491173738,2.358559560083262,1.2205287581672477,False
gradient_FWHM,2.601607651871168,0.3843777132500224,0.55,0.21140774228751233,0.2322456813819578,2.340148186443325,1.2112039614594898,False
gradient_FWHM,2.601607651871168,0.3843777132500224,0.56,0.21525151942001255,0.23873325213154692,2.3217149108037516,1.2018746863242842,False
gradient_FWHM,2.601607651871168,0.3843777132500224,0.5700000000000001,0.21909529655251278,0.2452260547965885,2.3032686855331663,1.1925456412125066,False
gradient_FWHM,2.601607651871168,0.3843777132500224,0.58,0.22293907368501298,0.2517210416043101,2.284818172695746,1.1832213853083478,False
gradient_FWHM,2.601607651871168,0.3843777132500224,0.59,0.2267828508175132,0.25821526592982713,2.2663717436005815,1.1739063206033864,False
gradient_FWHM,2.601607651871168,0.3843777132500224,0.6,0.23062662795001343,0.2647058823529412,2.2479374785293826,1.164604698699652,False
gradient_FWHM,2.601607651871168,0.3843777132500224,0.61,0.23447040508251366,0.27119014649078055,2.229523167574543,1.1553206087539984,False
gradient_FWHM,2.601607651871168,0.3843777132500224,0.62,0.23831418221501388,0.277665414620052,2.2111363117796268,1.1460579974518763,False
gradient_FWHM,2.601607651871168,0.3843777132500224,0.63,0.2421579593475141,0.2841291431025843,2.192784124846514,1.136820648015213,False
gradient_FWHM,2.601607651871168,0.3843777132500224,0.64,0.24600173648001433,0.29057888762769585,2.174473535644106,1.1276121991742873,False
gradient_FWHM,2.601607651871168,0.3843777132500224,0.65,0.24984551361251456,0.29701230228471004,2.1562111908213444,1.1184361376912988,False
gradient_FWHM,2.601607651871168,0.3843777132500224,0.66,0.2536892907450148,0.3034271384786849,2.138003458113147,1.1092958016623473,False
gradient_FWHM,2.601607651871168,0.3843777132500224,0.67,0.257533067877515,0.3098212437021189,2.119856429982603,1.1001943823538354,False
gradient_FWHM,2.601607651871168,0.3843777132500224,0.6799999999999999,0.26137684501001524,0.31619256017505465,2.101775927666849,1.0911349278347502,False
gradient_FWHM,2.601607651871168,0.3843777132500224,0.69,0.26522062214251546,0.32253912336562557,2.083767505473477,1.0821203429830721,False
gradient_FWHM,2.601607651871168,0.3843777132500224,0.7,0.2690643992750157,0.32885906040268453,2.0658364555065534,1.0731533948718384,False
gradient_FWHM,2.601607651871168,0.3843777132500224,0.71,0.2729081764075159,0.3351505883917293,2.0479878124867845,1.0642367102372634,False
gradient_FWHM,2.601607651871168,0.3843777132500224,0.72,0.27675195354001614,0.34141201264488935,2.0302263591014835,1.0553727870447744,False
gradient_FWHM,2.601607651871168,0.3843777132500224,0.73,0.28059573067251636,0.3476417248352795,2.0125566312344523,1.0465639847148835,False
gradient_FWHM,2.601607651871168,0.3843777132500224,0.74,0.2844395078050166,0.3538382010855518,1.9949829235838878,1.0378125402659875,False
gradient_FWHM,2.601607651871168,0.3843777132500224,0.75,0.2882832849375168,0.36,1.9775092954013695,1.0291205622941142,False
gradient_FWHM,2.601607651871168,0.3843777132500224,0.76,0.29212706207001704,0.36612576064908725,1.960139576285047,1.0204900362274703,False
gradient_FWHM,2.601607651871168,0.3843777132500224,0.77,0.29597083920251727,0.3722142005147843,1.942877372274987,1.0119228319969722,False
gradient_FWHM,2.601607651871168,0.3843777132500224,0.78,0.2998146163350175,0.37826411340462573,1.925726071707179,1.0034206983069596,False
gradient_FWHM,2.601607651871168,0.3843777132500224,0.79,0.3036583934675177,0.3842743673419125,1.9086888514456168,0.9949852746037007,False
gradient_FWHM,2.601607651871168,0.3843777132500224,0.8,0.30750217060001794,0.39024390243902446,1.8917686830600466,0.9866180885907494,False
gradient_FWHM,2.601607651871168,0.3843777132500224,0.8099999999999999,0.3113459477325181,0.3961717287603405,1.8749683388433303,0.9783205627646611,False
gradient_FWHM,2.601607651871168,0.3843777132500224,0.82,0.31518972486501834,0.40205692418081795,1.8582903982013788,0.9700940162558574,False
gradient_FWHM,2.601607651871168,0.3843777132500224,0.83,0.31903350199751856,0.4078986322458405,1.8417372537012255,0.9619396690108906,False
gradient_FWHM,2.601607651871168,0.3843777132500224,0.84,0.3228772791300188,0.4136960600375234,1.8253111171235847,0.9538586427522947,False
gradient_FWHM,2.601607651871168,0.3843777132500224,0.85,0.326721056262519,0.4194484760522496,1.809014025857536,0.9458519670182619,False
gradient_FWHM,2.601607651871168,0.3843777132500224,0.86,0.33056483339501924,0.4251552080938147,1.792847848678214,0.9379205806102946,False
gradient_FWHM,2.601607651871168,0.3843777132500224,0.87,0.33440861052751947,0.4308156411861802,1.7768142919369234,0.9300653341999506,False
gradient_FWHM,2.601607651871168,0.3843777132500224,0.88,0.3382523876600197,0.436429215509468,1.7609149053779527,0.9222869980560088,False
gradient_FWHM,2.601607651871168,0.3843777132500224,0.89,0.3420961647925199,0.4419954243624798,1.7451510880649224,0.9145862573500634,False
gradient_FWHM,2.601607651871168,0.3843777132500224,0.9,0.34593994192502014,0.44751381215469616,1.7295240941621826,0.9069637226876843,False
gradient_FWHM,2.601607651871168,0.3843777132500224,0.91,0.34978371905752037,0.45298397243039223,1.714035038514683,0.8994199292090281,False
gradient_FWHM,2.601607651871168,0.3843777132500224,0.92,0.35362749619002065,0.4584055459272097,1.698684902240677,0.8919553375097339,False
gradient_FWHM,2.601607651871168,0.3843777132500224,0.93,0.3574712733225209,0.46377821867124247,1.6834745382920069,0.8845703439503372,False
gradient_FWHM,2.601607651871168,0.3843777132500224,0.94,0.36131505045502105,0.46910172011042683,1.6684046766677563,0.8772652761234848,False
gradient_FWHM,2.601607651871168,0.3843777132500224,0.95,0.3651588275875213,0.4743758212877793,1.6534759296961576,0.8700403977761308,False
gradient_FWHM,2.601607651871168,0.3843777132500224,0.96,0.3690026047200215,0.47960033305578686,1.6386887971701292,0.8628959141624022,False
gradient_FWHM,2.601607651871168,0.3843777132500224,0.97,0.3728463818525217,0.48477510433304133,1.6240436713178763,0.8558319701592239,False
gradient_FWHM,2.601607651871168,0.3843777132500224,0.98,0.37669015898502195,0.48990002040399916,1.6095408416295642,0.8488486576179545,False
gradient_FWHM,2.601607651871168,0.3843777132500224,0.99,0.3805339361175222,0.4949750012625625,1.5951804996194863,0.8419460146308422,False
gradient_FWHM,2.601607651871168,0.3843777132500224,1.0,0.3843777132500224,0.5,1.580962743429959,0.8351240271343845,False
gradient_FWHM,2.601607651871168,0.3843777132500224,1.01,0.3882214903825226,0.5049750012375624,1.5668875823190653,0.8283826364131268,False
gradient_FWHM,2.601607651871168,0.3843777132500224,1.02,0.39206526751502285,0.5099000196039992,1.5529549409522225,0.8217217354335471,False
gradient_FWHM,2.601607651871168,0.3843777132500224,1.03,0.3959090446475231,0.5147750982580426,1.53916466365851,0.8151411752494407,False
gradient_FWHM,2.601607651871168,0.3843777132500224,1.04,0.3997528217800233,0.5196003074558033,1.5255165185143138,0.8086407654984753,False
gradient_FWHM,2.601607651871168,0.3843777132500224,1.05,0.40359659891252353,0.5243757431629014,1.5120102012594838,0.8022202749864468,False
gradient_FWHM,2.601607651871168,0.3843777132500224,1.06,0.40744037604502376,0.5291015257110567,1.498645339166882,0.7958794367259674,False
gradient_FWHM,2.601607651871168,0.3843777132500224,1.07,0.411284153177524,0.5337777984987646,1.4854214947606748,0.7896179485969195,False
gradient_FWHM,2.601607651871168,0.3843777132500224,1.08,0.4151279303100242,0.5384047267355982,1.4723381692672843,0.7834354758666934,False
gradient_FWHM,2.601607651871168,0.3843777132500224,1.09,0.41897170744252443,0.5429824962296056,1.4593948061892403,0.7773316505044382,False
gradient_FWHM,2.601607651871168,0.3843777132500224,1.1,0.42281548457502466,0.5475113122171946,1.4465907946224155,0.7713060755349503,False
gradient_FWHM,2.601607651871168,0.3843777132500224,1.11,0.4266592617075249,0.5519913982348462,1.4339254723569006,0.7653583288214056,False
gradient_FWHM,2.601607651871168,0.3843777132500224,1.12,0.4305030388400251,0.5564229950319375,1.4213981290745803,0.759487958381791,False
gradient_FWHM,2.601607651871168,0.3843777132500224,1.1300000000000001,0.43434681597252534,0.5608063595239141,1.409008009281254,0.7536944874516465,False
gradient_FWHM,2.601607651871168,0.3843777132500224,1.1400000000000001,0.43819059310502556,0.5651417637850061,1.396754315126758,0.7479774191278221,False
gradient_FWHM,2.601607651871168,0.3843777132500224,1.1500000000000001,0.4420343702375258,0.5694294940796556,1.3846362092349684,0.7423362337855891,False
gradient_FWHM,2.601607651871168,0.3843777132500224,1.1600000000000001,0.44587814737002607,0.5736698499317873,1.3726528172694819,0.736770390097159,False
gradient_FWHM,2.601607651871168,0.3843777132500224,1.1700000000000002,0.4497219245025263,0.5778631432310356,1.3608032304824658,0.7312793286807002,False
gradient_FWHM,2.601607651871168,0.3843777132500224,1.1800000000000002,0.4535657016350265,0.582009697375021,1.3490865081677628,0.7258624753449032,False
gradient_FWHM,2.601607651871168,0.3843777132500224,1.1900000000000002,0.45740947876752674,0.5861098464467531,1.3375016799399342,0.7205192327844675,False
gradient_FWHM,2.601607651871168,0.3843777132500224,1.2000000000000002,0.46125325590002697,0.5901639344262296,1.3260477480467436,0.7152489977810979,False
gradient_FWHM,2.601607651871168,0.3843777132500224,1.2100000000000002,0.4650970330325272,0.594172314435291,1.3147236894169634,0.710051145028006,False
gradient_FWHM,2.601607651871168,0.3843777132500224,1.2200000000000002,0.4689408101650274,0.5981353480147887,1.3035284577637585,0.7049250411538422,False
gradient_FWHM,2.601607651871168,0.3843777132500224,1.2300000000000002,0.47278458729752765,0.6020534044331252,1.2924609854888747,0.6998700388417602,False
gradient_FWHM,2.601607651871168,0.3843777132500224,1.2400000000000002,0.4766283644300279,0.6059268600252208,1.2815201855743696,0.6948854815537664,False
gradient_FWHM,2.601607651871168,0.3843777132500224,1.2500000000000002,0.4804721415625281,0.6097560975609757,1.270704953443924,0.6899707018947809,False
gradient_FWHM,2.601607651871168,0.3843777132500224,1.26,0.4843159186950282,0.613541505642294,1.260014168468171,0.6851250247837397,False
gradient_FWHM,2.601607651871168,0.3843777132500224,1.27,0.48815969582752844,0.6172834781277509,1.2494466957701178,0.680347765794453,False
gradient_FWHM,2.601607651871168,0.3843777132500224,1.28,0.49200347296002866,0.6209824135839903,1.2390013877055628,0.6756382340924098,False
gradient_FWHM,2.601607651871168,0.3843777132500224,1.29,0.4958472500925289,0.6246387147629593,1.2286770853091378,0.6709957330741543,False
gradient_FWHM,2.601607651871168,0.3843777132500224,1.3,0.4996910272250291,0.6282527881040892,1.2184726197645102,0.6664195603971821,False
gradient_FWHM,2.601607651871168,0.3843777132500224,1.31,0.5035348043575294,0.6318250432605574,1.208386813631246,0.6619090076481636,False
gradient_FWHM,2.601607651871168,0.3843777132500224,1.32,0.5073785814900296,0.6353558926487749,1.1984184822332988,0.6574633627839903,False
gradient_FWHM,2.601607651871168,0.3843777132500224,1.33,0.5112223586225298,0.6388457510202608,1.1885664347816682,0.6530819133245853,False
gradient_FWHM,2.601607651871168,0.3843777132500224,1.34,0.51506613575503,0.6422950350550866,1.1788294755194606,0.6487639396188647,False
gradient_FWHM,2.601607651871168,0.3843777132500224,1.35,0.5189099128875303,0.645704162976085,1.1692064048566708,0.6445087231206611,False
gradient_FWHM,2.601607651871168,0.3843777132500224,1.36,0.5227536900200305,0.6490735541830432,1.1596960203170692,0.6403155406814807,False
gradient_FWHM,2.601607651871168,0.3843777132500224,1.37,0.5265974671525308,0.6524036289061143,1.1502971176076127,0.6361836705039814,False
gradient_FWHM,2.601607651871168,0.3843777132500224,1.3800000000000001,0.5304412442850309,0.6556948078777028,1.1410084914633467,0.6321123914467468,False
gradient_FWHM,2.601607651871168,0.3843777132500224,1.3900000000000001,0.5342850214175312,0.6589475120221003,1.1318289365289003,0.628100977208007,False
gradient_FWHM,2.601607651871168,0.3843777132500224,1.4000000000000001,0.5381287985500314,0.6621621621621622,1.1227572481662396,0.6241487078577431,False
gradient_FWHM,2.601607651871168,0.3843777132500224,1.4100000000000001,0.5419725756825317,0.6653391787423447,1.1137922233122488,0.6202548607385199,False
gradient_FWHM,2.601607651871168,0.3843777132500224,1.4200000000000002,0.5458163528150318,0.6684789815674315,1.10493266109839,0.6164187143658407,False
gradient_FWHM,2.601607651871168,0.3843777132500224,1.4300000000000002,0.5496601299475321,0.6715819895563073,1.0961773635792982,0.6126395510848106,False
gradient_FWHM,2.601607651871168,0.3843777132500224,1.4400000000000002,0.5535039070800323,0.674648620510151,1.0875251364214522,0.6089166540548384,False
gradient_FWHM,2.601607651871168,0.3843777132500224,1.4500000000000002,0.5573476842125326,0.67767929089444,1.078974789466769,0.6052493074716542,False
gradient_FWHM,2.601607651871168,0.3843777132500224,1.4600000000000002,0.5611914613450327,0.6806744156341806,1.0705251373082758,0.6016368024411037,False
gradient_FWHM,2.601607651871168,0.3843777132500224,1.4700000000000002,0.565035238477533,0.6836344079217945,1.062174999791532,0.5980784280618292,False
gradient_FWHM,2.601607651871168,0.3843777132500224,1.4800000000000002,0.5688790156100332,0.6865596790371115,1.0539232026071543,0.5945734791143973,False
gradient_FWHM,2.601607651871168,0.3843777132500224,1.4900000000000002,0.5727227927425335,0.6894506381789386,1.0457685776549708,0.5911212548999968,False
gradient_FWHM,2.601607651871168,0.3843777132500224,1.5000000000000002,0.5765665698750337,0.6923076923076924,1.0377099635543008,0.5877210561952948,False
gradient_FWHM,2.601607651871168,0.3843777132500224,1.51,0.5804103470075338,0.6951312459985977,1.0297462059930096,0.5843721909819563,False
gradient_FWHM,2.601607651871168,0.3843777132500224,1.52,0.5842541241400341,0.6979217013049782,1.0218761581551217,0.5810739683260615,False
gradient_FWHM,2.601607651871168,0.3843777132500224,1.53,0.5880979012725343,0.7006794576311772,1.01409868106761,0.5778257037321479,False
gradient_FWHM,2.601607651871168,0.3843777132500224,1.54,0.5919416784050345,0.7034049116146637,1.0064126438676269,0.5746267185117603,False
gradient_FWHM,2.601607651871168,0.3843777132500224,1.55,0.5957854555375347,0.7060984570168993,0.9988169241511136,0.5714763350394031,True
gradient_FWHM,2.601607651871168,0.3843777132500224,1.56,0.599629232670035,0.7087604846225536,0.9913104082545532,0.5683738847646216,True
gradient_FWHM,2.601607651871168,0.3843777132500224,1.57,0.6034730098025352,0.7113913821466709,0.9838919915273303,0.5653187026182639,True
gradient_FWHM,2.601607651871168,0.3843777132500224,1.58,0.6073167869350354,0.7139915341494109,0.9765605784390008,0.5623101291759857,True
gradient_FWHM,2.601607651871168,0.3843777132500224,1.59,0.6111605640675356,0.7165613219579944,0.9693150830001773,0.5593475088524459,True
gradient_FWHM,2.601607651871168,0.3843777132500224,1.6,0.6150043412000359,0.7191011235955057,0.9621544287451211,0.55643019578124,True
gradient_FWHM,2.601607651871168,0.3843777132500224,1.61,0.6188481183325361,0.7216113137162106,0.9550775490800412,0.553557546956687,True
gradient_FWHM,2.601607651871168,0.3843777132500224,1.62,0.6226918954650363,0.7240922635470699,0.9480833873076078,0.5507289255032746,True
gradient_FWHM,2.601607651871168,0.3843777132500224,1.6300000000000001,0.6265356725975365,0.7265443408351336,0.9411708968720234,0.5479436990042927,True
gradient_FWHM,2.601607651871168,0.3843777132500224,1.6400000000000001,0.6303794497300368,0.7289679098005204,0.9343390413782071,0.5452012463307379,True
gradient_FWHM,2.601607651871168,0.3843777132500224,1.6500000000000001,0.634223226862537,0.7313633310946944,0.9278127278714354,0.5425009462224574,True
gradient_FWHM,2.601607651871168,0.3843777132500224,1.6600000000000001,0.6380670039950372,0.7337309617637662,0.9243289891594619,0.5398421882655055,True
gradient_FWHM,2.601607651871168,0.3843777132500224,1.6700000000000002,0.6419107811275375,0.7360711552165536,0.92088586545227,0.5372243666096778,True
gradient_FWHM,2.601607651871168,0.3843777132500224,1.6800000000000002,0.6457545582600377,0.7383842611971536,0.917482833773664,0.5346468800393864,True
gradient_FWHM,2.601607651871168,0.3843777132500224,1.6900000000000002,0.649598335392538,0.7406706257617801,0.9141193766972755,0.5321091368928802,True
gradient_FWHM,2.601607651871168,0.3843777132500224,1.7000000000000002,0.6534421125250381,0.7429305912596401,0.9107949823986772,0.5296105497213918,True
gradient_FWHM,2.601607651871168,0.3843777132500224,1.7100000000000002,0.6572858896575384,0.745164496317627,0.9075091450069683,0.5271505385429194,True
gradient_FWHM,2.601607651871168,0.3843777132500224,1.7200000000000002,0.6611296667900386,0.7473726758286177,0.9042613642345154,0.5247285288784969,True
gradient_FWHM,2.601607651871168,0.3843777132500224,1.7300000000000002,0.6649734439225389,0.7495554609431742,0.9010511454802472,0.5223439555232203,True
gradient_FWHM,2.601607651871168,0.3843777132500224,1.7400000000000002,0.668817221055039,0.7517131790644552,0.8978779999369468,0.5199962553265444,True
gradient_FWHM,2.601607651871168,0.3843777132500224,1.7500000000000002,0.6726609981875393,0.7538461538461539,0.8947414444593571,0.5176848746641542,True
gradient_FWHM,2.601607651871168,0.3843777132500224,1.7600000000000002,0.6765047753200395,0.7559547051932839,0.891641001852328,0.51540926816505,True
gradient_FWHM,2.601607651871168,0.3843777132500224,1.77,0.6803485524525397,0.7580391492656489,0.8885761999547492,0.5131688910223189,True
gradient_FWHM,2.601607651871168,0.3843777132500224,1.78,0.6841923295850398,0.7600997984838307,0.8855465732468426,0.5109632118782469,True
gradient_FWHM,2.601607651871168,0.3843777132500224,1.79,0.6880361067175401,0.7621369615375466,0.8825516612486206,0.5087917005203348,True
gradient_FWHM,2.601607651871168,0.3843777132500224,1.8,0.6918798838500403,0.7641509433962265,0.8795910091085046,0.5066538373478146,True
gradient_FWHM,2.601607651871168,0.3843777132500224,1.81,0.6957236609825406,0.7661420453216717,0.8766641681165588,0.5045491068210112,True
gradient_FWHM,2.601607651871168,0.3843777132500224,1.82,0.6995674381150407,0.7681105648826639,0.8737706946812862,0.502477001115684,True
gradient_FWHM,2.601607651871168,0.3843777132500224,1.83,0.703411215247541,0.7700567959713951,0.8709101507445416,0.5004370170787857,True
gradient_FWHM,2.601607651871168,0.3843777132500224,1.84,0.7072549923800413,0.7719810288215979,0.868082104326029,0.49842866030282,True
gradient_FWHM,2.601607651871168,0.3843777132500224,1.85,0.7110987695125415,0.7738835500282646,0.865286128585252,0.49645144255001994,True
gradient_FWHM,2.601607651871168,0.3843777132500224,1.86,0.7149425466450418,0.7757646425688404,0.8625218021430126,0.49450488011671156,True
gradient_FWHM,2.601607651871168,0.3843777132500224,1.87,0.7187863237775419,0.7776245858257912,0.8597887089283773,0.4925884969285859,True
gradient_FWHM,2.601607651871168,0.3843777132500224,1.8800000000000001,0.7226301009100422,0.7794636556104446,0.8570864387746902,0.4907018252701889,True
gradient_FWHM,2.601607651871168,0.3843777132500224,1.8900000000000001,0.7264738780425424,0.7812821241880098,0.8544145863263131,0.48884439920449874,True
gradient_FWHM,2.601607651871168,0.3843777132500224,1.9000000000000001,0.7303176551750427,0.7830802603036876,0.8517727517388662,0.48701576363312343,True
gradient_FWHM,2.601607651871168,0.3843777132500224,1.9100000000000001,0.7341614323075428,0.7848583292097847,0.8491605406924174,0.48521546625196355,True
gradient_FWHM,2.601607651871168,0.3843777132500224,1.9200000000000002,0.7380052094400431,0.7866165926937522,0.8465775637678918,0.4834430636080609,True
gradient_FWHM,2.601607651871168,0.3843777132500224,1.9300000000000002,0.7418489865725433,0.7883553091070711,0.8440234370449273,0.48169811689041847,True
gradient_FWHM,2.601607651871168,0.3843777132500224,1.9400000000000002,0.7456927637050436,0.7900747333949115,0.8414977811341373,0.4799801927968525,True
gradient_FWHM,2.601607651871168,0.3843777132500224,1.9500000000000002,0.7495365408375437,0.7917751171264967,0.839000222399866,0.47828886777262153,True
gradient_FWHM,2.601607651871168,0.3843777132500224,1.9600000000000002,0.753380317970044,0.7934567085261071,0.8365303917944322,0.47662371839647805,True
gradient_FWHM,2.601607651871168,0.3843777132500224,1.9700000000000002,0.7572240951025442,0.7951197525046612,0.8340879255655409,0.4749843325278517,True
gradient_FWHM,2.601607651871168,0.3843777132500224,1.9800000000000002,0.7610678722350445,0.7967644906918137,0.8316724649051199,0.47337030145626224,True
gradient_FWHM,2.601607651871168,0.3843777132500224,1.9900000000000002,0.7649116493675446,0.7983911614685189,0.8292836555357841,0.47178122282304324,True
gradient_FWHM,2.601607651871168,0.3843777132500224,2.0,0.7687554265000448,0.8,0.8269211482532457,0.4702166994533434,True
gradient_FWHM,2.601607651871168,0.3843777132500224,2.0100000000000002,0.7725992036325451,0.801591238269082,0.8245845986759148,0.4686763406799495,True
gradient_FWHM,2.601607651871168,0.3843777132500224,2.02,0.7764429807650453,0.8031651051098339,0.822273667043838,0.46715976232948664,True
gradient_FWHM,2.601607651871168,0.3843777132500224,2.03,0.7802867578975454,0.8047218262414809,0.8199880184525554,0.46566658461319643,True
gradient_FWHM,2.601607651871168,0.3843777132500224,2.04,0.7841305350300457,0.8062616243025419,0.8177273224373893,0.46419643338806443,True
gradient_FWHM,2.601607651871168,0.3843777132500224,2.05,0.7879743121625459,0.8077847188851514,0.8154912529855229,0.4627489395518422,True
gradient_FWHM,2.601607651871168,0.3843777132500224,2.06,0.7918180892950462,0.8092913265695324,0.8132794891000827,0.4613237429722041,True
gradient_FWHM,2.601607651871168,0.3843777132500224,2.07,0.7956618664275463,0.8107816609585801,0.8110917136864737,0.45992048257614354,True
gradient_FWHM,2.601607651871168,0.3843777132500224,2.08,0.7995056435600466,0.8122559327125263,0.8089276143485202,0.4585388108013205,True
gradient_FWHM,2.601607651871168,0.3843777132500224,2.09,0.8033494206925468,0.8137143495836515,0.80678688301421,0.45717837663064653,True
gradient_FWHM,2.601607651871168,0.3843777132500224,2.1,0.8071931978250471,0.8151571164510166,0.8046692160114333,0.45583884238026945,True
gradient_FWHM,2.601607651871168,0.3843777132500224,2.1100000000000003,0.8110369749575473,0.8165844353551843,0.8025743136172103,0.4545198693567739,True
gradient_FWHM,2.601607651871168,0.3843777132500224,2.12,0.8148807520900475,0.8179965055329063,0.8005018805981701,0.45322112800427916,True
gradient_FWHM,2.601607651871168,0.3843777132500224,2.1300000000000003,0.8187245292225478,0.819393523451751,0.7984516257722118,0.45194229243379785,True
gradient_FWHM,2.601607651871168,0.3843777132500224,2.14,0.822568306355048,0.8207756828446484,0.7964232620427891,0.450683040128772,True
gradient_FWHM,2.601607651871168,0.3843777132500224,2.15,0.8264120834875481,0.8221431747443309,0.7944165065429054,0.44944305617979113,True
gradient_FWHM,2.601607651871168,0.3843777132500224,2.16,0.8302558606200484,0.8234961875176504,0.792431080018452,0.4482220298142306,True
gradient_FWHM,2.601607651871168,0.3843777132500224,2.17,0.8340996377525486,0.824834906899753,0.7904667070330218,0.4470196551478555,True
gradient_FWHM,2.601607651871168,0.3843777132500224,2.18,0.8379434148850489,0.8261595160280927,0.7885231168985207,0.445835629863112,True
gradient_FWHM,2.601607651871168,0.3843777132500224,2.19,0.841787192017549,0.8274701954762685,0.7866000418313757,0.44466965688248183,True
gradient_FWHM,2.601607651871168,0.3843777132500224,2.2,0.8456309691500493,0.8287671232876712,0.7846972183851886,0.4435214456573591,True
gradient_FWHM,2.601607651871168,0.3843777132500224,2.21,0.8494747462825495,0.8300504750089224,0.7828143865121762,0.4423907071192024,True
gradient_FWHM,2.601607651871168,0.3843777132500224,2.22,0.8533185234150498,0.8313204237230957,0.7809512899929594,0.4412771600401363,True
gradient_FWHM,2.601607651871168,0.3843777132500224,2.23,0.8571623005475499,0.8325771400827069,0.7791076763372873,0.4401805247526767,True
gradient_FWHM,2.601607651871168,0.3843777132500224,2.24,0.8610060776800502,0.8338207923424621,0.7772832966298271,0.43910052756178725,True
gradient_FWHM,2.601607651871168,0.3843777132500224,2.25,0.8648498548125504,0.8350515463917526,0.7754779051742489,0.4380368995296008,True
gradient_FWHM,2.601607651871168,0.3843777132500224,2.2600000000000002,0.8686936319450507,0.8362695657868885,0.7736912596280732,0.43698937366416324,True
gradient_FWHM,2.601607651871168,0.3843777132500224,2.27,0.8725374090775508,0.8374750117830616,0.7719231221563705,0.4359576908842163,True
gradient_FWHM,2.601607651871168,0.3843777132500224,2.2800000000000002,0.8763811862100511,0.83866804336603,0.7701732571343989,0.4349415931498252,True
gradient_FWHM,2.601607651871168,0.3843777132500224,2.29,0.8802249633425513,0.8398488172835157,0.7684414327354894,0.4339408284273903,True
gradient_FWHM,2.601607651871168,0.3843777132500224,2.3000000000000003,0.8840687404750516,0.8410174880763116,0.7667274202676433,0.4329551467901745,True
gradient_FWHM,2.601607651871168,0.3843777132500224,2.31,0.8879125176075517,0.8421742081090892,0.7650309946966916,0.4319843050134838,True
gradient_FWHM,2.601607651871168,0.3843777132500224,2.3200000000000003,0.8917562947400521,0.8433191276009026,0.7633519337509664,0.4310280620797184,True
gradient_FWHM,2.601607651871168,0.3843777132500224,2.33,0.8956000718725522,0.8444523946553842,0.7616900183645692,0.4300861796138364,True
gradient_FWHM,2.601607651871168,0.3843777132500224,2.3400000000000003,0.8994438490050526,0.8455741552906295,0.7600450328748343,0.429158427129482,True
gradient_FWHM,2.601607651871168,0.3843777132500224,2.35,0.9032876261375526,0.846684553468762,0.758416764299219,0.4282445736067956,True
gradient_FWHM,2.601607651871168,0.3843777132500224,2.3600000000000003,0.907131403270053,0.8477837311251827,0.7568050028479822,0.4273443942193099,True
gradient_FWHM,2.601607651871168,0.3843777132500224,2.37,0.9109751804025531,0.8488718281974943,0.755209541691304,0.4264576685178637,True
gradient_FWHM,2.601607651871168,0.3843777132500224,2.3800000000000003,0.9148189575350535,0.8499489826541025,0.753630176966058,0.4255841761539446,True
gradient_FWHM,2.601607651871168,0.3843777132500224,2.39,0.9186627346675535,0.8510153305224892,0.7520667079189636,0.42472370418423916,True
gradient_FWHM,2.601607651871168,0.3843777132500224,2.4000000000000004,0.9225065118000539,0.8520710059171598,0.7505189359683362,0.4238760410954237,True
gradient_FWHM,2.601607651871168,0.3843777132500224,2.41,0.926350288932554,0.8531161410672581,0.7489866661206879,0.4230409797739085,True
gradient_FWHM,2.601607651871168,0.3843777132500224,2.42,0.9301940660650542,0.854150866343854,0.7474697054633106,0.42221831547795174,True
gradient_FWHM,2.601607651871168,0.3843777132500224,2.43,0.9340378431975545,0.8551753102868977,0.7459678644355705,0.4214078479780742,True
gradient_FWHM,2.601607651871168,0.3843777132500224,2.44,0.9378816203300546,0.8561895996318454,0.7444809556886867,0.4206093788263364,True
gradient_FWHM,2.601607651871168,0.3843777132500224,2.45,0.9417253974625549,0.8571938593359515,0.7430087948324671,0.41982271507431,True
gradient_FWHM,2.601607651871168,0.3843777132500224,2.46,0.9455691745950551,0.8581882126042316,0.7415511997325375,0.41904766573567304,True
gradient_FWHM,2.601607651871168,0.3843777132500224,2.47,0.9494129517275554,0.8591727809150953,0.7401079910282604,0.41828404230095195,True
gradient_FWHM,2.601607651871168,0.3843777132500224,2.48,0.9532567288600555,0.8601476840456478,0.7386789919049841,0.41753166050752516,True
gradient_FWHM,2.601607651871168,0.3843777132500224,2.49,0.9571005059925559,0.8611130400966653,0.7372640281873455,0.416790338502544,True
gradient_FWHM,2.601607651871168,0.3843777132500224,2.5,0.960944283125056,0.8620689655172413,0.735862927792752,0.41605989858855014,True
gradient_FWHM,2.601607651871168,0.3843777132500224,2.5100000000000002,0.9647880602575564,0.8630155751291079,0.7344755214699905,0.41534016357694375,True
gradient_FWHM,2.601607651871168,0.3843777132500224,2.52,0.9686318373900564,0.8639529821506313,0.7331016418606451,0.41463096248215736,True
gradient_FWHM,2.601607651871168,0.3843777132500224,2.5300000000000002,0.9724756145225568,0.8648812982204868,0.7317411242736327,0.41393212441117494,True
gradient_FWHM,2.601607651871168,0.3843777132500224,2.54,0.9763193916550569,0.8658006334210102,0.7303938062552806,0.41324348272898503,True
gradient_FWHM,2.601607651871168,0.3843777132500224,2.5500000000000003,0.9801631687875573,0.866711096301233,0.7290595278625078,0.4125648734271968,True
gradient_FWHM,2.601607651871168,0.3843777132500224,2.56,0.9840069459200573,0.8676127938995976,0.7277381307652986,0.4118961343813497,True
gradient_FWHM,2.601607651871168,0.3843777132500224,2.5700000000000003,0.9878507230525577,0.8685058317663612,0.7264294594442777,0.4112371080144614,True
gradient_FWHM,2.601607651871168,0.3843777132500224,2.58,0.9916945001850578,0.8693903139856852,0.7251333604882948,0.41058763702237006,True
gradient_FWHM,2.601607651871168,0.3843777132500224,2.5900000000000003,0.9955382773175582,0.8702663431974157,0.7238496823360308,0.4099475689563635,True
gradient_FWHM,2.601607651871168,0.3843777132500224,2.6,0.9993820544500582,0.8711340206185567,0.722578275690422,0.409316752659334,True
gradient_FWHM,2.601607651871168,0.3843777132500224,2.6100000000000003,1.0032258315825586,0.8719934460644385,0.7213189936109199,0.4086950394729803,True
gradient_FWHM,2.601607651871168,0.3843777132500224,2.62,1.0070696087150588,0.8728447179695845,0.7200716903685622,0.4080822836868698,True
gradient_FWHM,2.601607651871168,0.3843777132500224,2.6300000000000003,1.010913385847559,0.8736879334082785,0.718836223213315,0.40747834160492535,True
gradient_FWHM,2.601607651871168,0.3843777132500224,2.64,1.0147571629800591,0.8745231881148364,0.7176124510765991,0.4068830732244736,True
gradient_FWHM,2.601607651871168,0.3843777132500224,2.6500000000000004,1.0186009401125595,0.8753505765035838,0.7164002346161658,0.40629633878577587,True
gradient_FWHM,2.601607651871168,0.3843777132500224,2.66,1.0224447172450597,0.8761701916885432,0.7151994364407832,0.40571800271190545,True
gradient_FWHM,2.601607651871168,0.3843777132500224,2.67,1.0262884943775599,0.8769821255028356,0.7140099211632833,0.40514793062139615,True
gradient_FWHM,2.601607651871168,0.3843777132500224,2.68,1.03013227151006,0.8777864685177943,0.7128315554217668,0.4045859906198647,True
gradient_FWHM,2.601607651871168,0.3843777132500224,2.69,1.0339760486425602,0.878583310061801,0.7116642075228663,0.40403205338420695,True
gradient_FWHM,2.601607651871168,0.3843777132500224,2.7,1.0378198257750606,0.879372738238842,0.7105077475429322,0.4034859917327427,True
gradient_FWHM,2.601607651871168,0.3843777132500224,2.71,1.0416636029075608,0.8801548399467887,0.7093620475522755,0.402947680467984,True
gradient_FWHM,2.601607651871168,0.3843777132500224,2.72,1.045507380040061,0.8809297008954086,0.7082269810334108,0.4024169956789995,True
gradient_FWHM,2.601607651871168,0.3843777132500224,2.73,1.049351157172561,0.8816974056241054,0.7071024234705181,0.4018938174524943,True
gradient_FWHM,2.601607651871168,0.3843777132500224,2.74,1.0531949343050615,0.8824580375193946,0.7059882523051009,0.4013780259843728,True
gradient_FWHM,2.601607651871168,0.3843777132500224,2.75,1.0570387114375617,0.8832116788321168,0.7048843457452048,0.40086950453612524,True
gradient_FWHM,2.601607651871168,0.3843777132500224,2.7600000000000002,1.0608824885700618,0.8839584106943928,0.7037905848398918,0.40036813827188705,True
gradient_FWHM,2.601607651871168,0.3843777132500224,2.77,1.064726265702562,0.8846983131363212,0.7027068513423051,0.39987381403829153,True
gradient_FWHM,2.601607651871168,0.3843777132500224,2.7800000000000002,1.0685700428350624,0.8854314651024244,0.7016330289527861,0.39938642038821504,True
gradient_FWHM,2.601607651871168,0.3843777132500224,2.79,1.0724138199675626,0.8861579444678453,0.7005690031570255,0.3989058482791047,True
gradient_FWHM,2.601607651871168,0.3843777132500224,2.8000000000000003,1.0762575971000627,0.8868778280542987,0.6995146606260549,0.39843199014731906,True
gradient_FWHM,2.601607651871168,0.3843777132500224,2.81,1.080101374232563,0.8875911916457774,0.6984698900318831,0.397964739599568,True
gradient_FWHM,2.601607651871168,0.3843777132500224,2.8200000000000003,1.0839451513650633,0.8882981100040214,0.6974345809396265,0.39750399440134043,True
gradient_FWHM,2.601607651871168,0.3843777132500224,2.83,1.0877889284975635,0.8889986568837484,0.6964086247054135,0.39704965071647896,True
gradient_FWHM,2.601607651871168,0.3843777132500224,2.8400000000000003,1.0916327056300636,0.8896929050476526,0.6953919145231247,0.396601609467749,True
gradient_FWHM,2.601607651871168,0.3843777132500224,2.85,1.0954764827625638,0.8903809262811729,0.6943843444478182,0.3961597712079417,True
gradient_FWHM,2.601607651871168,0.3843777132500224,2.8600000000000003,1.0993202598950642,0.891062791407033,0.6933858103292279,0.3957240391575085,True
gradient_FWHM,2.601607651871168,0.3843777132500224,2.87,1.1031640370275644,0.8917385702995594,0.6923962089683489,0.3952943172711036,True
gradient_FWHM,2.601607651871168,0.3843777132500224,2.8800000000000003,1.1070078141600646,0.8924083318987778,0.6914154393075078,0.39487051254465927,True
gradient_FWHM,2.601607651871168,0.3843777132500224,2.89,1.1108515912925647,0.8930721442242918,0.6904434008698113,0.3944525322211345,True
gradient_FWHM,2.601607651871168,0.3843777132500224,2.9000000000000004,1.1146953684250651,0.8937300743889479,0.689479995277531,0.3940402858337396,True
gradient_FWHM,2.601607651871168,0.3843777132500224,2.91,1.1185391455575653,0.8943821886122876,0.6885251243824442,0.39363368407245813,True
gradient_FWHM,2.601607651871168,0.3843777132500224,2.92,1.1223829226900655,0.8950285522337924,0.6875786927019067,0.39323263904540756,True
gradient_FWHM,2.601607651871168,0.3843777132500224,2.93,1.1262266998225656,0.8956692297259231,0.6866406049979012,0.39283706502527493,True
gradient_FWHM,2.601607651871168,0.3843777132500224,2.94,1.1300704769550658,0.8963042847069559,0.6857107676018659,0.3924468771808888,True
gradient_FWHM,2.601607651871168,0.3843777132500224,2.95,1.1339142540875662,0.8969337799536202,0.6847890883393104,0.39206199138393644,True
gradient_FWHM,2.601607651871168,0.3843777132500224,2.96,1.1377580312200664,0.8975577774135388,0.683875475851603,0.39168232633649674,True
gradient_FWHM,2.601607651871168,0.3843777132500224,2.97,1.1416018083525665,0.898176338217475,0.6829698402009088,0.39130780198318466,True
gradient_FWHM,2.601607651871168,0.3843777132500224,2.98,1.1454455854850667,0.898789522691389,0.6820720928419899,0.39093833817419044,True
gradient_FWHM,2.601607651871168,0.3843777132500224,2.99,1.149289362617567,0.8993973903683061,0.6811821459287826,0.3905738569840074,True
gradient_FWHM,2.601607651871168,0.3843777132500224,3.0,1.1531331397500673,0.9,0.6802999131072074,0.3902142824746751,True
gradient_FWHM,2.601607651871168,0.3843777132500224,3.1,1.1915709110750694,0.9057492931196984,0.6718836350130042,0.3868724211943602,True
gradient_FWHM,2.601607651871168,0.3843777132500224,3.2,1.2300086824000718,0.911032028469751,0.6641516255762481,0.38394577994133494,True
gradient_FWHM,2.601607651871168,0.3843777132500224,3.3000000000000003,1.268446453725074,0.9158957106812448,0.6570340450164025,0.38137604662673,True
gradient_FWHM,2.601607651871168,0.3843777132500224,3.4000000000000004,1.3068842250500763,0.9203821656050956,0.6504694276798562,0.3791138138993033,True
gradient_FWHM,2.601607651871168,0.3843777132500224,3.5,1.3453219963750784,0.9245283018867925,0.6444035556722572,0.3771171461356462,True
gradient_FWHM,2.601607651871168,0.3843777132500224,3.6,1.3837597677000806,0.9283667621776505,0.6387884937778088,0.37535038499777434,True
gradient_FWHM,2.601607651871168,0.3843777132500224,3.7,1.422197539025083,0.9319264805990469,0.6335817672299182,0.3737831479118741,True
gradient_FWHM,2.601607651871168,0.3843777132500224,3.8000000000000003,1.4606353103500853,0.9352331606217616,0.6287456543059733,0.3723894926088743,True
gradient_FWHM,2.601607651871168,0.3843777132500224,3.9000000000000004,1.4990730816750875,0.9383096853793955,0.6242465822374088,0.3711472196180848,True
gradient_FWHM,2.601607651871168,0.3843777132500224,4.0,1.5375108530000896,0.9411764705882353,0.6200546056459588,0.3700372891292027,True
gradient_FWHM,2.601607651871168,0.3843777132500224,4.1,1.5759486243250918,0.9438517686692869,0.6161429588340317,0.36904333421599944,True
gradient_FWHM,2.601607651871168,0.3843777132500224,4.2,1.6143863956500941,0.9463519313304721,0.6124876682056968,0.368151253316934,True
gradient_FWHM,2.601607651871168,0.3843777132500224,4.300000000000001,1.6528241669750967,0.9486916367367881,0.6090672186158885,0.3673488672150234,True
gradient_FWHM,2.601607651871168,0.3843777132500224,4.4,1.6912619383000986,0.9508840864440079,0.6058622631689659,0.3666256345499366,True
gradient_FWHM,2.601607651871168,0.3843777132500224,4.5,1.7296997096251008,0.9529411764705882,0.6028553705812456,0.36597240902180794,True
gradient_FWHM,2.601607651871168,0.3843777132500224,4.6,1.768137480950103,0.9548736462093863,0.6000308076889116,0.36538123711646453,True
gradient_FWHM,2.601607651871168,0.3843777132500224,4.7,1.8065752522751053,0.956691208315288,0.5973743477476701,0.3648451873107635,True
gradient_FWHM,2.601607651871168,0.3843777132500224,4.800000000000001,1.8450130236001079,0.9584026622296173,0.5948731031518939,0.36435820483976145,True
gradient_FWHM,2.601607651871168,0.3843777132500224,4.9,1.8834507949251098,0.960015993602559,0.5925153801344063,0.36391498959422,True
gradient_FWHM,2.601607651871168,0.3843777132500224,5.0,1.921888566250112,0.9615384615384616,0.5902905499114208,0.3635108918443097,True
gradient_FWHM,2.601607651871168,0.3843777132500224,5.1,1.960326337575114,0.9629766753054424,0.5881889364063531,0.3631418239131536,True
gradient_FWHM,2.601607651871168,0.3843777132500224,5.2,1.9987641089001165,0.9643366619115549,0.5862017176542444,0.36280418503627,True
gradient_FWHM,2.601607651871168,0.3843777132500224,5.300000000000001,2.037201880225119,0.9656239257476796,0.584320836461738,0.3624947963033603,True
gradient_FWHM,2.601607651871168,0.3843777132500224,5.4,2.075639651550121,0.96684350132626,0.5825389249488833,0.3622108465157111,True
gradient_FWHM,2.601607651871168,0.3843777132500224,5.5,2.1140774228751233,0.968,0.5808492351544237,0.36194984422042153,True
gradient_FWHM,2.601607651871168,0.3843777132500224,5.6,2.1525151942001255,0.9690976514215079,0.5792455778510508,0.36170957733441716,True
gradient_FWHM,2.601607651871168,0.3843777132500224,5.7,2.1909529655251276,0.9701403404001194,0.578935482251608,0.3614880782234823,True
gradient_FWHM,2.601607651871168,0.3843777132500224,5.800000000000001,2.2293907368501302,0.9711316397228638,0.5800026365053723,0.36128359348578026,True
gradient_FWHM,2.601607651871168,0.3843777132500224,5.9,2.2678285081751324,0.9720748394303267,0.5810180020682121,0.36109455784826733,True
gradient_FWHM,2.601607651871168,0.3843777132500224,6.0,2.3062662795001345,0.972972972972973,0.5819848457707555,0.3609195717974473,True
gradient_FWHM,2.601607651871168,0.3843777132500224,6.1,2.3447040508251367,0.9738288406176393,0.5829061831725713,0.36075738148776193,True
gradient_FWHM,2.601607651871168,0.3843777132500224,6.2,2.383141822150139,0.9746450304259635,0.5837848013312441,0.3606068620977306,True
gradient_FWHM,2.601607651871168,0.3843777132500224,6.300000000000001,2.4215795934751414,0.975423937085279,0.5846232788307759,0.36046700275296417,True
gradient_FWHM,2.601607651871168,0.3843777132500224,6.4,2.4600173648001435,0.9761677788369876,0.585424004505064,0.3603368937015707,True
gradient_FWHM,2.601607651871168,0.3843777132500224,6.5,2.4984551361251457,0.976878612716763,0.5861891932343655,0.3602157147695037,True
gradient_FWHM,2.601607651871168,0.3843777132500224,6.6,2.536892907450148,0.9775583482944344,0.586920901395882,0.3601027255940873,True
gradient_FWHM,2.601607651871168,0.3843777132500224,6.7,2.57533067877515,0.9782087600784485,0.5876210396553172,0.35999725681998834,True
gradient_FWHM,2.601607651871168,0.3843777132500224,6.800000000000001,2.6137684501001526,0.97883149872989,0.5882913854341143,0.35989870242407246,True
gradient_FWHM,2.601607651871168,0.3843777132500224,6.9,2.6522062214251547,0.979428101213742,0.5889335936006379,0.35980651294828253,True
gradient_FWHM,2.601607651871168,0.3843777132500224,7.0,2.690643992750157,0.98,0.5895492065993935,0.3597201896122098,True
gradient_FWHM,2.601607651871168,0.3843777132500224,7.1,2.729081764075159,0.9805485314141218,0.5901396632492673,0.35963927896297887,True
gradient_FWHM,2.601607651871168,0.3843777132500224,7.200000000000001,2.7675195354001616,0.9810749432248297,0.5907063070478391,0.359563368248396,True
gradient_FWHM,2.601607651871168,0.3843777132500224,7.300000000000001,2.8059573067251637,0.9815804015472462,0.5912503935255775,0.3594920813572361,True
gradient_FWHM,2.601607651871168,0.3843777132500224,7.4,2.844395078050166,0.9820659971305595,0.5917730971111146,0.3594250750077082,True
gradient_FWHM,2.601607651871168,0.3843777132500224,7.5,2.882832849375168,0.982532751091703,0.5922755172228955,0.3593620356162005,True
gradient_FWHM,2.601607651871168,0.3843777132500224,7.6,2.92127062070017,0.9829816201497618,0.5927586838787802,0.35930267637126884,True
gradient_FWHM,2.601607651871168,0.3843777132500224,7.700000000000001,2.9597083920251728,0.9834135014098524,0.5932235628889115,0.3592467345589619,True
gradient_FWHM,2.601607651871168,0.3843777132500224,7.800000000000001,2.998146163350175,0.9838292367399741,0.5936710608181239,0.35919396943257537,True
gradient_FWHM,2.601607651871168,0.3843777132500224,7.9,3.036583934675177,0.9842296167796878,0.5941020287485221,0.35914415997809856,True
gradient_FWHM,2.601607651871168,0.3843777132500224,8.0,3.075021706000179,0.9846153846153847,0.5945172667322973,0.3590971031050933,True
gradient_FWHM,2.601607651871168,0.3843777132500224,8.1,3.1134594773251814,0.9849872391532802,0.5949175272787377,0.35905261219877266,True
gradient_FWHM,2.601607651871168,0.3843777132500224,8.200000000000001,3.151897248650184,0.9853458382180539,0.5953035185281563,0.3590105152360389,True
gradient_FWHM,2.601607651871168,0.3843777132500224,8.3,3.190335019975186,0.9856918014022035,0.5956759075782969,0.3589706537670673,True
gradient_FWHM,2.601607651871168,0.3843777132500224,8.4,3.2287727913001882,0.9860257126886529,0.5960353230553772,0.35893288166812687,True
gradient_FWHM,2.601607651871168,0.3843777132500224,8.5,3.2672105626251904,0.9863481228668942,0.5963823580693806,0.35889706386926074,True
gradient_FWHM,2.601607651871168,0.3843777132500224,8.6,3.3056483339501925,0.9866595517609391,0.5967175721460993,0.3588630757664109,True
gradient_FWHM,2.601607651871168,0.3843777132500224,8.700000000000001,3.344086105275195,0.9869604902855653,0.5970414937763069,0.3588308018002188,True
gradient_FWHM,2.601607651871168,0.3843777132500224,8.8,3.3825238766001973,0.9872514023457419,0.5973546224555926,0.3588001352180403,True
gradient_FWHM,2.601607651871168,0.3843777132500224,8.9,3.4209616479251994,0.9875327265926942,0.5976574303301119,0.3587709768655209,True
gradient_FWHM,2.601607651871168,0.3843777132500224,9.0,3.4593994192502016,0.9878048780487805,0.5979503642673412,0.3587432350280139,True
gradient_FWHM,2.601607651871168,0.3843777132500224,9.1,3.4978371905752037,0.9880682496122181,0.5982338471818394,0.35871682425283064,True
gradient_FWHM,2.601607651871168,0.3843777132500224,9.200000000000001,3.5362749619002063,0.9883232134516581,0.5985082796663099,0.3586916653670295,True
gradient_FWHM,2.601607651871168,0.3843777132500224,9.3,3.5747127332252084,0.9885701222996914,0.5987740416223852,0.35866768468848953,True
gradient_FWHM,2.601607651871168,0.3843777132500224,9.4,3.6131505045502106,0.9888093106535363,0.5990314930169327,0.3586448136094314,True
gradient_FWHM,2.601607651871168,0.3843777132500224,9.5,3.6515882758752127,0.989041095890411,0.5992809754911455,0.35862298824849753,True
gradient_FWHM,2.601607651871168,0.3843777132500224,9.6,3.690026047200215,0.9892657793044225,0.5995228134874186,0.35860214908455507,True
gradient_FWHM,2.601607651871168,0.3843777132500224,9.700000000000001,3.728463818525218,0.9894836470711957,0.5997573149539637,0.3585822405571558,True
gradient_FWHM,2.601607651871168,0.3843777132500224,9.8,3.7669015898502196,0.9896949711459192,0.599984772777995,0.3585632107861821,True
gradient_FWHM,2.601607651871168,0.3843777132500224,9.9,3.8053393611752218,0.9899000100999898,0.6002054652275768,0.35854501141670825,True
gradient_FWHM,2.601607651871168,0.3843777132500224,10.0,3.843777132500224,0.9900990099009901,0.6004196570910114,0.3585275970553008,True
