mode,scale_relative_to_radial,lambda0,lambdaF,max_error_pct,rms_error_pct,below_1pct
common,0.0,0.0,0.0,3.0012929469167116,1.5492285177528748,False
common,0.001,0.0010718550277230197,0.0010718550277230197,2.9984409456845995,1.5477594636350696,False
common,0.002,0.0021437100554460393,0.0021437100554460393,2.9955889898789945,1.5462905057935956,False
common,0.003,0.003215565083169059,0.003215565083169059,2.9927370794972097,1.54482164442112,False
common,0.004,0.004287420110892079,0.004287420110892079,2.9898852145527455,1.5433528787678397,False
common,0.005,0.005359275138615099,0.005359275138615099,2.9870333950417383,1.5418842106926063,False
common,0.006,0.006431130166338118,0.006431130166338118,2.984181620950088,1.5404156399708988,False
common,0.007,0.007502985194061138,0.007502985194061138,2.9813298922964915,1.538947165171249,False
common,0.008,0.008574840221784157,0.008574840221784157,2.97847820905357,1.5374787879131921,False
common,0.009000000000000001,0.009646695249507177,0.009646695249507177,2.9756265712564955,1.5360105083732412,False
common,0.01,0.010718550277230197,0.010718550277230197,2.9727749788917235,1.5345423263202378,False
common,0.011,0.011790405304953216,0.011790405304953216,2.96992343195146,1.5330742417319803,False
common,0.012,0.012862260332676236,0.012862260332676236,2.967071930435994,1.5316062568309692,False
common,0.013000000000000001,0.013934115360399256,0.013934115360399256,2.964220474369661,1.5301383692196908,False
common,0.014,0.015005970388122276,0.015005970388122276,2.9613690637224854,1.5286705803879759,False
common,0.015,0.016077825415845293,0.016077825415845293,2.9585176984880057,1.52720289121522,False
common,0.016,0.017149680443568315,0.017149680443568315,2.9556663786977966,1.525735301545328,False
common,0.017,0.018221535471291336,0.018221535471291336,2.9528151043387574,1.5242678102854204,False
common,0.018000000000000002,0.019293390499014355,0.019293390499014355,2.949963875422501,1.5228004192323017,False
common,0.019,0.020365245526737373,0.020365245526737373,2.947112691915721,1.5213331265978367,False
common,0.02,0.021437100554460395,0.021437100554460395,2.9442615538504358,1.5198659354360098,False
common,0.021,0.022508955582183413,0.022508955582183413,2.9414104612092373,1.5183988447781116,False
common,0.022,0.02358081060990643,0.02358081060990643,2.9385594140104665,1.5169318534813923,False
common,0.023,0.024652665637629453,0.024652665637629453,2.9357084122283217,1.5154649642820788,False
common,0.024,0.025724520665352472,0.025724520665352472,2.9328574559018383,1.5139981755488212,False
common,0.025,0.026796375693075494,0.026796375693075494,2.930006544983521,1.5125314877051865,False
common,0.026000000000000002,0.027868230720798512,0.027868230720798512,2.9271556795089193,1.511064902015031,False
common,0.027,0.02894008574852153,0.02894008574852153,2.924304859466176,1.5095984175117714,False
common,0.028,0.030011940776244552,0.030011940776244552,2.9214540848549353,1.5081320352288055,False
common,0.029,0.03108379580396757,0.03108379580396757,2.918603355677729,1.5066657562286487,False
common,0.03,0.032155650831690585,0.032155650831690585,2.915752671935179,1.5051995788429895,False
common,0.031,0.03322750585941361,0.03322750585941361,2.9129020336133404,1.503733505174635,False
common,0.032,0.03429936088713663,0.03429936088713663,2.910051440725203,1.50226753235285,False
common,0.033,0.03537121591485965,0.03537121591485965,2.90720089329235,1.5008016642512554,False
common,0.034,0.03644307094258267,0.03644307094258267,2.904350391274213,1.4993358987538543,False
common,0.035,0.037514925970305694,0.037514925970305694,2.901499934678986,1.4978702379340623,False
common,0.036000000000000004,0.03858678099802871,0.03858678099802871,2.8986495235367338,1.4964046798835005,False
common,0.037,0.039658636025751724,0.039658636025751724,2.8957991578305364,1.4949392269617867,False
common,0.038,0.040730491053474746,0.040730491053474746,2.892948837538456,1.4934738793629332,False
common,0.039,0.04180234608119777,0.04180234608119777,2.8900985627088094,1.4920086351129593,False
common,0.04,0.04287420110892079,0.04287420110892079,2.8872483332864407,1.4905434958230055,False
common,0.041,0.043946056136643805,0.043946056136643805,2.884398149312073,1.4890784630686777,False
common,0.042,0.045017911164366826,0.045017911164366826,2.881548010763191,1.4876135353527278,False
common,0.043000000000000003,0.04608976619208985,0.04608976619208985,2.8786979176487204,1.4861487133544236,False
common,0.044,0.04716162121981286,0.04716162121981286,2.8758478699921985,1.4846839966194927,False
common,0.045,0.048233476247535885,0.048233476247535885,2.8729978677529022,1.4832193869835373,False
common,0.046,0.04930533127525891,0.04930533127525891,2.8701479109559003,1.481754883868711,False
common,0.047,0.05037718630298192,0.05037718630298192,2.867297999587892,1.4802904873188016,False
common,0.048,0.051449041330704944,0.051449041330704944,2.8644481336520533,1.478826198217429,False
common,0.049,0.052520896358427965,0.052520896358427965,2.8615983131623057,1.4773620154805578,False
common,0.05,0.05359275138615099,0.05359275138615099,2.858748538104905,1.475897940970496,False
common,0.051000000000000004,0.05466460641387401,0.05466460641387401,2.855898808477275,1.4744339738013132,False
common,0.052000000000000005,0.055736461441597024,0.055736461441597024,2.853049124293161,1.472970115346971,False
common,0.053,0.05680831646932004,0.05680831646932004,2.850199485535354,1.4715063657450873,False
common,0.054,0.05788017149704306,0.05788017149704306,2.8473498922325646,1.4700427242878522,False
common,0.055,0.05895202652476608,0.05895202652476608,2.8445003443656303,1.4685791912939892,False
common,0.056,0.060023881552489104,0.060023881552489104,2.8416508419109032,1.4671157678867506,False
common,0.057,0.061095736580212126,0.061095736580212126,2.8388013849214744,1.4656524540801692,False
common,0.058,0.06216759160793514,0.06216759160793514,2.8359519733456517,1.4641892514026802,False
common,0.059000000000000004,0.06323944663565817,0.06323944663565817,2.833102607213922,1.4627261570575067,False
common,0.06,0.06431130166338117,0.06431130166338117,2.8302532865257746,1.4612631733572097,False
common,0.061,0.0653831566911042,0.0653831566911042,2.827404011268708,1.4598003004925046,False
common,0.062,0.06645501171882721,0.06645501171882721,2.824554781469435,1.45833753803263,False
common,0.063,0.06752686674655024,0.06752686674655024,2.8217055970834792,1.4568748870268287,False
common,0.064,0.06859872177427326,0.06859872177427326,2.8188564581407505,1.4554123461430806,False
common,0.065,0.06967057680199629,0.06967057680199629,2.8160073646393835,1.4539499179369302,False
common,0.066,0.0707424318297193,0.0707424318297193,2.813158316561881,1.4524876027088962,False
common,0.067,0.07181428685744232,0.07181428685744232,2.8103093139548285,1.4510253981710122,False
common,0.068,0.07288614188516535,0.07288614188516535,2.8074603567603384,1.4495633072263816,False
common,0.069,0.07395799691288836,0.07395799691288836,2.8046114450080983,1.4481013297306515,False
common,0.07,0.07502985194061139,0.07502985194061139,2.8017625787203793,1.4466394645361451,False
common,0.07100000000000001,0.0761017069683344,0.0761017069683344,2.798913757845556,1.4451777121369525,False
common,0.07200000000000001,0.07717356199605742,0.07717356199605742,2.796064982424884,1.4437160745974762,False
common,0.073,0.07824541702378043,0.07824541702378043,2.793216252444708,1.442254550442863,False
common,0.074,0.07931727205150345,0.07931727205150345,2.790367567888863,1.440793140524168,False
common,0.075,0.08038912707922648,0.08038912707922648,2.787518928767896,1.4393318445895706,False
common,0.076,0.08146098210694949,0.08146098210694949,2.784670335104167,1.437870664235894,False
common,0.077,0.08253283713467251,0.08253283713467251,2.781821786874028,1.4364095985281433,False
common,0.078,0.08360469216239554,0.08360469216239554,2.7789732840861836,1.434948649146234,False
common,0.079,0.08467654719011855,0.08467654719011855,2.776124826747317,1.433487814715011,False
common,0.08,0.08574840221784158,0.08574840221784158,2.7732764148400646,1.4320270963152817,False
common,0.081,0.0868202572455646,0.0868202572455646,2.770428048373441,1.4305664952669934,False
common,0.082,0.08789211227328761,0.08789211227328761,2.767579727343583,1.4291060106956452,False
common,0.083,0.08896396730101064,0.08896396730101064,2.7647314517725174,1.4276456418785766,False
common,0.084,0.09003582232873365,0.09003582232873365,2.7618832216176115,1.4261853910235138,False
common,0.085,0.09110767735645668,0.09110767735645668,2.759035036923363,1.4247252574194713,False
common,0.08600000000000001,0.0921795323841797,0.0921795323841797,2.756186897660462,1.4232652416607778,False
common,0.08700000000000001,0.09325138741190273,0.09325138741190273,2.753338803855132,1.4218053446135919,False
common,0.088,0.09432324243962573,0.09432324243962573,2.7504907554716906,1.4203455659066089,False
common,0.089,0.09539509746734874,0.09539509746734874,2.7476427525381597,1.4188859064635337,False
common,0.09,0.09646695249507177,0.09646695249507177,2.744794795051342,1.4174263640107165,False
common,0.091,0.09753880752279478,0.09753880752279478,2.7419468830020888,1.4159669433632376,False
common,0.092,0.09861066255051781,0.09861066255051781,2.739099016399882,1.4145076409850312,False
common,0.093,0.09968251757824083,0.09968251757824083,2.7362511952403246,1.4130484580058067,False
common,0.094,0.10075437260596384,0.10075437260596384,2.733403419513336,1.4115893972349773,False
common,0.095,0.10182622763368687,0.10182622763368687,2.7305556892275096,1.410130456540556,False
common,0.096,0.10289808266140989,0.10289808266140989,2.7277080044216584,1.4086716366107883,False
common,0.097,0.10396993768913292,0.10396993768913292,2.7248603650237957,1.4072129383462118,False
common,0.098,0.10504179271685593,0.10504179271685593,2.7220127710711584,1.4057543607180187,False
common,0.099,0.10611364774457895,0.10611364774457895,2.719165222572939,1.4042959062001172,False
common,0.1,0.10718550277230197,0.10718550277230197,2.7163177195131505,1.4028375738035825,False
common,0.101,0.10825735780002499,0.10825735780002499,2.71347026189781,1.401379362980731,False
common,0.10200000000000001,0.10932921282774802,0.10932921282774802,2.7106228497205676,1.3999212754549932,False
common,0.10300000000000001,0.11040106785547103,0.11040106785547103,2.7077754830036493,1.3984633125639705,False
common,0.10400000000000001,0.11147292288319405,0.11147292288319405,2.704928161729958,1.3970054716109142,False
common,0.105,0.11254477791091706,0.11254477791091706,2.7020808858847722,1.3955477550913065,False
common,0.106,0.11361663293864008,0.11361663293864008,2.6992336554877427,1.3940901627796654,False
common,0.107,0.1146884879663631,0.1146884879663631,2.6963864705513263,1.3926326936441842,False
common,0.108,0.11576034299408612,0.11576034299408612,2.6935393310476785,1.3911753513217398,False
common,0.109,0.11683219802180914,0.11683219802180914,2.690692236989012,1.389718133582828,False
common,0.11,0.11790405304953216,0.11790405304953216,2.687845188383009,1.3882610411056018,False
common,0.111,0.11897590807725518,0.11897590807725518,2.684998185217413,1.386804074876742,False
common,0.112,0.12004776310497821,0.12004776310497821,2.6821512274844306,1.3853472353154126,False
common,0.113,0.12111961813270122,0.12111961813270122,2.679304315220299,1.3838905216893458,False
common,0.114,0.12219147316042425,0.12219147316042425,2.676457448404501,1.3824339347031944,False
common,0.115,0.12326332818814727,0.12326332818814727,2.673610627026002,1.3809774755661457,False
common,0.116,0.12433518321587028,0.12433518321587028,2.6707638510890863,1.3795211447442608,False
common,0.117,0.1254070382435933,0.1254070382435933,2.6679171205961305,1.3780649403562295,False
common,0.11800000000000001,0.12647889327131634,0.12647889327131634,2.6650704355474897,1.3766088646572319,False
common,0.11900000000000001,0.12755074829903934,0.12755074829903934,2.662223795976537,1.3751529185390807,False
common,0.12,0.12862260332676234,0.12862260332676234,2.6593772018106865,1.3736971003132907,False
common,0.121,0.12969445835448537,0.12969445835448537,2.6565306531131982,1.3722414112959092,False
common,0.122,0.1307663133822084,0.1307663133822084,2.653684149851432,1.3707858526733159,False
common,0.123,0.13183816840993143,0.13183816840993143,2.6508376920523657,1.3693304250303755,False
common,0.124,0.13291002343765443,0.13291002343765443,2.6479912797028327,1.3678751263081035,False
common,0.125,0.13398187846537746,0.13398187846537746,2.6451449127943505,1.3664199583345265,False
common,0.126,0.1350537334931005,0.1350537334931005,2.6422985913267194,1.3649649226018112,False
common,0.127,0.1361255885208235,0.1361255885208235,2.6394523153252303,1.3635100171961445,False
common,0.128,0.13719744354854652,0.13719744354854652,2.6366060847588635,1.36205524380645,False
common,0.129,0.13826929857626954,0.13826929857626954,2.633759899639254,1.3606006043975767,False
common,0.13,0.13934115360399257,0.13934115360399257,2.630913759964737,1.3591460954333265,False
common,0.131,0.14041300863171557,0.14041300863171557,2.628067665749767,1.3576917201300187,False
common,0.132,0.1414848636594386,0.1414848636594386,2.6252216169748044,1.3562374779696815,False
common,0.133,0.14255671868716163,0.14255671868716163,2.6223756136609655,1.354783369684008,False
common,0.134,0.14362857371488463,0.14362857371488463,2.6195296557862457,1.3533293958245791,False
common,0.135,0.14470042874260766,0.14470042874260766,2.6166837433672763,1.351875556801808,False
common,0.136,0.1457722837703307,0.1457722837703307,2.613837876399705,1.3504218509856543,False
common,0.137,0.1468441387980537,0.1468441387980537,2.610992054871386,1.3489682816966502,False
common,0.138,0.14791599382577672,0.14791599382577672,2.6081462788013043,1.3475148461329154,False
common,0.139,0.14898784885349975,0.14898784885349975,2.60530054816992,1.346061549149025,False
common,0.14,0.15005970388122278,0.15005970388122278,2.6024548630124933,1.3446083864678193,False
common,0.14100000000000001,0.15113155890894578,0.15113155890894578,2.5996092232907886,1.3431553616948355,False
common,0.14200000000000002,0.1522034139366688,0.1522034139366688,2.596763629011667,1.3417024740533323,False
common,0.14300000000000002,0.15327526896439184,0.15327526896439184,2.593918080200952,1.3402497235786208,False
common,0.14400000000000002,0.15434712399211484,0.15434712399211484,2.591072576825315,1.338797110153611,False
common,0.145,0.15541897901983784,0.15541897901983784,2.5882271188976347,1.3373446363410284,False
common,0.146,0.15649083404756087,0.15649083404756087,2.5853817064344753,1.335892300164194,False
common,0.147,0.15756268907528387,0.15756268907528387,2.58253633940837,1.3344401023711645,False
common,0.148,0.1586345441030069,0.1586345441030069,2.579691017852581,1.3329880454925351,False
common,0.149,0.15970639913072993,0.15970639913072993,2.576845741738132,1.3315361282678186,False
common,0.15,0.16077825415845295,0.16077825415845295,2.57400051108041,1.3300843506358297,False
common,0.151,0.16185010918617596,0.16185010918617596,2.5711553258632724,1.3286327138413165,False
common,0.152,0.16292196421389898,0.16292196421389898,2.568310186110634,1.3271812184074367,False
common,0.153,0.163993819241622,0.163993819241622,2.5654650918053967,1.3257298638276211,False
common,0.154,0.16506567426934501,0.16506567426934501,2.562620042947694,1.324278651244654,False
common,0.155,0.16613752929706804,0.16613752929706804,2.5597750395434327,1.3228275812801678,False
common,0.156,0.16720938432479107,0.16720938432479107,2.5569300816009832,1.321376653939849,False
common,0.157,0.1682812393525141,0.1682812393525141,2.554085169092679,1.3199258693118017,False
common,0.158,0.1693530943802371,0.1693530943802371,2.551240302076052,1.3184752287673958,False
common,0.159,0.17042494940796013,0.17042494940796013,2.5483954804847997,1.3170247305274532,False
common,0.16,0.17149680443568316,0.17149680443568316,2.5455507043383507,1.3155743782276703,False
common,0.161,0.17256865946340616,0.17256865946340616,2.5427059736548907,1.3141241705208873,False
common,0.162,0.1736405144911292,0.1736405144911292,2.5398612884268923,1.3126741067453396,False
common,0.163,0.17471236951885222,0.17471236951885222,2.537016648648893,1.311224188823879,False
common,0.164,0.17578422454657522,0.17578422454657522,2.534172054332262,1.3097744168236325,False
common,0.165,0.17685607957429825,0.17685607957429825,2.531327505456238,1.3083247913719218,False
common,0.166,0.17792793460202128,0.17792793460202128,2.5284830020526172,1.306875314290566,False
common,0.167,0.1789997896297443,0.1789997896297443,2.5256385441018825,1.3054259830779615,False
common,0.168,0.1800716446574673,0.1800716446574673,2.5227941315897118,1.3039767993197555,False
common,0.169,0.18114349968519033,0.18114349968519033,2.5199497645483238,1.3025277641652921,False
common,0.17,0.18221535471291336,0.18221535471291336,2.5171054429462547,1.3010788781293474,False
common,0.171,0.18328720974063636,0.18328720974063636,2.5142611668226955,1.2996301394521461,False
common,0.17200000000000001,0.1843590647683594,0.1843590647683594,2.5114169361363237,1.298181551331851,False
common,0.17300000000000001,0.18543091979608242,0.18543091979608242,2.508572750889826,1.2967331128695554,False
common,0.17400000000000002,0.18650277482380545,0.18650277482380545,2.505728611129432,1.29528482409875,False
common,0.17500000000000002,0.18757462985152845,0.18757462985152845,2.5028845168043157,1.2938366867115096,False
common,0.176,0.18864648487925145,0.18864648487925145,2.500040467952136,1.2923887004610133,False
common,0.177,0.18971833990697448,0.18971833990697448,2.4971964645354117,1.2909408661372679,False
common,0.178,0.19079019493469748,0.19079019493469748,2.494352506589137,1.2894931837649628,False
common,0.179,0.1918620499624205,0.1918620499624205,2.4915085940979687,1.2880456536097613,False
common,0.18,0.19293390499014354,0.19293390499014354,2.488664727059242,1.286598276257953,False
common,0.181,0.19400576001786654,0.19400576001786654,2.4858209054890112,1.2851510529692363,False
common,0.182,0.19507761504558957,0.19507761504558957,2.4829771293580105,1.2837039822723944,False
common,0.183,0.1961494700733126,0.1961494700733126,2.4801333986913088,1.28225706726011,False
common,0.184,0.19722132510103563,0.19722132510103563,2.4772897134856864,1.2808103060149467,False
common,0.185,0.19829318012875863,0.19829318012875863,2.4744460737286422,1.2793637000954166,False
common,0.186,0.19936503515648166,0.19936503515648166,2.471602479438273,1.2779172519227358,False
common,0.187,0.20043689018420469,0.20043689018420469,2.46875893059475,1.2764709586513572,False
common,0.188,0.2015087452119277,0.2015087452119277,2.465915427217147,1.2750248209128132,False
common,0.189,0.20258060023965072,0.20258060023965072,2.4630719692831926,1.2735788415366487,False
common,0.19,0.20365245526737374,0.20365245526737374,2.460228556842603,1.272133020273061,False
common,0.191,0.20472431029509675,0.20472431029509675,2.457385189827588,1.2706873563379302,False
common,0.192,0.20579616532281977,0.20579616532281977,2.454541868267457,1.2692418507233976,False
common,0.193,0.2068680203505428,0.2068680203505428,2.4516985921783085,1.2677965037591867,False
common,0.194,0.20793987537826583,0.20793987537826583,2.4488553615584108,1.2663513175020014,False
common,0.195,0.20901173040598883,0.20901173040598883,2.44601217639151,1.264906291024005,False
common,0.196,0.21008358543371186,0.21008358543371186,2.4431690366742975,1.263461424250073,False
common,0.197,0.2111554404614349,0.2111554404614349,2.4403259424221613,1.262016718553755,False
common,0.198,0.2122272954891579,0.2122272954891579,2.4374828936154502,1.2605721740998002,False
common,0.199,0.21329915051688092,0.21329915051688092,2.4346398902809208,1.2591277929729656,False
common,0.2,0.21437100554460395,0.21437100554460395,2.4317969324065825,1.2576835734334038,False
common,0.201,0.21544286057232698,0.21544286057232698,2.428954019989926,1.2562395177295969,False
common,0.202,0.21651471560004998,0.21651471560004998,2.4261111530393897,1.2547956242142764,False
common,0.203,0.217586570627773,0.217586570627773,2.4232683315383197,1.2533518958289316,False
common,0.20400000000000001,0.21865842565549604,0.21865842565549604,2.420425555497574,1.251908330020132,False
common,0.20500000000000002,0.21973028068321904,0.21973028068321904,2.41758282493294,1.2504649308133955,False
common,0.20600000000000002,0.22080213571094207,0.22080213571094207,2.414740139800986,1.2490216967271826,False
common,0.20700000000000002,0.2218739907386651,0.2218739907386651,2.411897500141902,1.2475786286071686,False
common,0.20800000000000002,0.2229458457663881,0.2229458457663881,2.4090549059555544,1.2461357267344133,False
common,0.209,0.2240177007941111,0.2240177007941111,2.406212357215276,1.2446929917486107,False
common,0.21,0.22508955582183413,0.22508955582183413,2.4033698539452253,1.2432504256327923,False
common,0.211,0.22616141084955715,0.22616141084955715,2.400527396143426,1.2418080253895583,False
common,0.212,0.22723326587728016,0.22723326587728016,2.397684983776771,1.2403657946670854,False
common,0.213,0.22830512090500318,0.22830512090500318,2.394842616888182,1.2389237339918784,False
common,0.214,0.2293769759327262,0.2293769759327262,2.3920002954744612,1.2374818418722442,False
common,0.215,0.2304488309604492,0.2304488309604492,2.389158019522708,1.236040119902776,False
common,0.216,0.23152068598817224,0.23152068598817224,2.386315789012583,1.2345985688858794,False
common,0.217,0.23259254101589527,0.23259254101589527,2.3834736039684223,1.2331571884277701,False
common,0.218,0.23366439604361827,0.23366439604361827,2.3806314643832316,1.2317159813532534,False
common,0.219,0.2347362510713413,0.2347362510713413,2.3777893702748187,1.230274945659241,False
common,0.22,0.23580810609906433,0.23580810609906433,2.3749473216182926,1.2288340821618338,False
common,0.221,0.23687996112678736,0.23687996112678736,2.3721053184107888,1.2273933926013672,False
common,0.222,0.23795181615451036,0.23795181615451036,2.3692633606971825,1.2259528772845165,False
common,0.223,0.2390236711822334,0.2390236711822334,2.3664214484237167,1.2245125360930709,False
common,0.224,0.24009552620995642,0.24009552620995642,2.3635795816241423,1.223072369846878,False
common,0.225,0.24116738123767942,0.24116738123767942,2.360737760277498,1.2216323785473355,False
common,0.226,0.24223923626540245,0.24223923626540245,2.3578959844101632,1.2201925645669107,False
common,0.227,0.24331109129312548,0.24331109129312548,2.35505425398701,1.2187529268878279,False
common,0.228,0.2443829463208485,0.2443829463208485,2.352212569050316,1.2173134659705631,False
common,0.229,0.2454548013485715,0.2454548013485715,2.3493709295518084,1.215874183197775,False
common,0.23,0.24652665637629453,0.24652665637629453,2.3465293355503514,1.2144350787887368,False
common,0.231,0.24759851140401756,0.24759851140401756,2.343687786983506,1.212996153836514,False
common,0.232,0.24867036643174056,0.24867036643174056,2.3408462838925947,1.211557406719294,False
common,0.233,0.2497422214594636,0.2497422214594636,2.338004826269713,1.2101188411245232,False
common,0.234,0.2508140764871866,0.2508140764871866,2.3351634140903466,1.208680456153108,False
common,0.23500000000000001,0.2518859315149096,0.2518859315149096,2.3323220474007034,1.2072422540038033,False
common,0.23600000000000002,0.2529577865426327,0.2529577865426327,2.329480726176958,1.2058042300388345,False
common,0.23700000000000002,0.2540296415703557,0.2540296415703557,2.326639450406276,1.204366389984884,False
common,0.23800000000000002,0.2551014965980787,0.2551014965980787,2.323798220096851,1.202928733114607,False
common,0.23900000000000002,0.25617335162580174,0.25617335162580174,2.320957035257787,1.2014912601448107,False
common,0.24,0.2572452066535247,0.2572452066535247,2.318115895892925,1.2000539717086693,False
common,0.241,0.25831706168124774,0.25831706168124774,2.315274801976308,1.1986168674627107,False
common,0.242,0.25938891670897074,0.25938891670897074,2.3124337535468387,1.1971799487688792,False
common,0.243,0.2604607717366938,0.2604607717366938,2.3095927505616842,1.1957432155513648,False
common,0.244,0.2615326267644168,0.2615326267644168,2.306751793071271,1.194306669747143,False
common,0.245,0.2626044817921398,0.2626044817921398,2.303910881028881,1.1928703111470083,False
common,0.246,0.26367633681986286,0.26367633681986286,2.3010700144508567,1.1914341396107127,False
common,0.247,0.26474819184758586,0.26474819184758586,2.298229193318946,1.1899981562076911,False
common,0.248,0.26582004687530886,0.26582004687530886,2.295388417701427,1.188562363088765,False
common,0.249,0.2668919019030319,0.2668919019030319,2.2925476875000683,1.187126759213664,False
common,0.25,0.2679637569307549,0.2679637569307549,2.2897070028099487,1.1856913448971091,False
common,0.251,0.2690356119584779,0.2690356119584779,2.286866363567941,1.1842561218243437,False
common,0.252,0.270107466986201,0.270107466986201,2.2840257697838595,1.182821089517996,False
common,0.253,0.271179322013924,0.271179322013924,2.2811852214867034,1.1813862515956792,False
common,0.254,0.272251177041647,0.272251177041647,2.278344718650893,1.1799516047162935,False
common,0.255,0.27332303206937003,0.27332303206937003,2.275504261281669,1.1785171516791555,False
common,0.256,0.27439488709709303,0.27439488709709303,2.272663849363332,1.1770828920357874,False
common,0.257,0.27546674212481603,0.27546674212481603,2.2698234829495734,1.1756488280125528,False
common,0.258,0.2765385971525391,0.2765385971525391,2.266983161972713,1.1742149587239459,False
common,0.259,0.2776104521802621,0.2776104521802621,2.2641428864900615,1.1727812851450992,False
common,0.26,0.27868230720798515,0.27868230720798515,2.261302656457298,1.1713478090384584,False
common,0.261,0.27975416223570815,0.27975416223570815,2.258462471886724,1.169914530803137,False
common,0.262,0.28082601726343115,0.28082601726343115,2.2556223327989455,1.168481449278848,False
common,0.263,0.2818978722911542,0.2818978722911542,2.252782239167228,1.1670485676244782,False
common,0.264,0.2829697273188772,0.2829697273188772,2.2499421910185724,1.1656158837286803,False
common,0.265,0.2840415823466002,0.2840415823466002,2.2471021883452957,1.1641833997132585,False
common,0.266,0.28511343737432326,0.28511343737432326,2.244262231129457,1.1627511176819407,False
common,0.267,0.28618529240204627,0.28618529240204627,2.2414223193882643,1.1613190357628422,False
common,0.268,0.28725714742976927,0.28725714742976927,2.2385824531114373,1.1598871563902646,False
common,0.269,0.2883290024574923,0.2883290024574923,2.235742632306259,1.1584554803986704,False
common,0.27,0.2894008574852153,0.2894008574852153,2.232902856965313,1.157024007179091,False
common,0.271,0.2904727125129383,0.2904727125129383,2.230063127103854,1.1555927371146357,False
common,0.272,0.2915445675406614,0.2915445675406614,2.227223442704762,1.1541616720353467,False
common,0.273,0.2926164225683844,0.2926164225683844,2.224383803782537,1.1527308135824939,False
common,0.274,0.2936882775961074,0.2936882775961074,2.2215442103353356,1.1513001612209908,False
common,0.275,0.29476013262383044,0.29476013262383044,2.218704662337845,1.1498697137601823,False
common,0.276,0.29583198765155344,0.29583198765155344,2.21586515983736,1.1484394754490783,False
common,0.277,0.2969038426792765,0.2969038426792765,2.2130257028032396,1.1470094445075227,False
common,0.278,0.2979756977069995,0.2979756977069995,2.210186291221894,1.1455796222185,False
common,0.279,0.2990475527347225,0.2990475527347225,2.2073469251309374,1.144150010945473,False
common,0.28,0.30011940776244556,0.30011940776244556,2.204507604498329,1.1427206090035815,False
common,0.281,0.30119126279016856,0.30119126279016856,2.2016683293459627,1.1412914183025549,False
common,0.28200000000000003,0.30226311781789156,0.30226311781789156,2.19882909966711,1.1398624385446054,False
common,0.28300000000000003,0.3033349728456146,0.3033349728456146,2.1959899154644136,1.1384336731853224,False
common,0.28400000000000003,0.3044068278733376,0.3044068278733376,2.1931507767147806,1.1370051201488776,False
common,0.28500000000000003,0.3054786829010606,0.3054786829010606,2.1903116834419034,1.1355767808305242,False
common,0.28600000000000003,0.3065505379287837,0.3065505379287837,2.1874726356547525,1.1341486566975,False
common,0.28700000000000003,0.3076223929565067,0.3076223929565067,2.1846336333531946,1.1327207478169672,False
common,0.28800000000000003,0.3086942479842297,0.3086942479842297,2.1817946764905116,1.1312930547237203,False
common,0.289,0.3097661030119527,0.3097661030119527,2.178955765121837,1.129865579872906,False
common,0.29,0.3108379580396757,0.3108379580396757,2.1761168992191493,1.1284383212412135,False
common,0.291,0.3119098130673987,0.3119098130673987,2.1732780787866224,1.1270112819985427,False
common,0.292,0.31298166809512173,0.31298166809512173,2.1704393038356695,1.1255844617492672,False
common,0.293,0.31405352312284474,0.31405352312284474,2.167600574345663,1.1241578618594406,False
common,0.294,0.31512537815056774,0.31512537815056774,2.1647618903363863,1.1227314819005334,False
common,0.295,0.3161972331782908,0.3161972331782908,2.1619232517948728,1.1213053239331416,False
common,0.296,0.3172690882060138,0.3172690882060138,2.1590846587419277,1.1198793887320542,False
common,0.297,0.31834094323373685,0.31834094323373685,2.156246111158744,1.1184536755242198,False
common,0.298,0.31941279826145985,0.31941279826145985,2.153407609046587,1.1170281872072312,False
common,0.299,0.32048465328918285,0.32048465328918285,2.150569152397197,1.115602923265812,False
common,0.3,0.3215565083169059,0.3215565083169059,2.147730741237397,1.1141778847648092,False
common,0.301,0.3226283633446289,0.3226283633446289,2.144892375563101,1.1127530722915977,False
common,0.302,0.3237002183723519,0.3237002183723519,2.1420540553438894,1.1113284864385986,False
common,0.303,0.32477207340007497,0.32477207340007497,2.1392157806074064,1.1099041286873945,False
common,0.304,0.32584392842779797,0.32584392842779797,2.136377551340951,1.10848000125335,False
common,0.305,0.32691578345552097,0.32691578345552097,2.133539367554449,1.107056101607974,False
common,0.306,0.327987638483244,0.327987638483244,2.130701229224341,1.1056324325550515,False
common,0.307,0.329059493510967,0.329059493510967,2.1278631364034073,1.1042089940962365,False
common,0.308,0.33013134853869003,0.33013134853869003,2.1250250890363365,1.102785788513142,False
common,0.309,0.3312032035664131,0.3312032035664131,2.1221870871624526,1.1013628153331236,False
common,0.31,0.3322750585941361,0.3322750585941361,2.119349130734549,1.0999400752207116,False
common,0.311,0.3333469136218591,0.3333469136218591,2.1165112197982117,1.0985175695301248,False
common,0.312,0.33441876864958214,0.33441876864958214,2.1136733543525965,1.0970952992776153,False
common,0.313,0.33549062367730514,0.33549062367730514,2.110835534368194,1.0956732661703765,False
common,0.314,0.3365624787050282,0.3365624787050282,2.107997759861724,1.094251468873729,False
common,0.315,0.3376343337327512,0.3376343337327512,2.105160030824571,1.0928299107094503,False
common,0.316,0.3387061887604742,0.3387061887604742,2.1023223472833807,1.0914085903253263,False
common,0.317,0.33977804378819726,0.33977804378819726,2.0994847092031366,1.0899875083731263,False
common,0.318,0.34084989881592026,0.34084989881592026,2.0966471166034006,1.088566667559338,False
common,0.319,0.34192175384364326,0.34192175384364326,2.0938095694920555,1.0871460689151191,False
common,0.32,0.3429936088713663,0.3429936088713663,2.0909720678549792,1.0857257111658196,False
common,0.321,0.3440654638990893,0.3440654638990893,2.0881346116888633,1.0843055970482098,False
common,0.322,0.3451373189268123,0.3451373189268123,2.0852972010002357,1.0828857260346758,False
common,0.323,0.3462091739545354,0.3462091739545354,2.082459835807171,1.0814661007948005,False
common,0.324,0.3472810289822584,0.3472810289822584,2.0796225160705006,1.080046721087889,False
common,0.325,0.3483528840099814,0.3483528840099814,2.0767852418089428,1.0786275877204787,False
common,0.326,0.34942473903770443,0.34942473903770443,2.0739480130361976,1.0772087015751464,False
common,0.327,0.35049659406542744,0.35049659406542744,2.0711108297411407,1.0757900637458582,False
common,0.328,0.35156844909315044,0.35156844909315044,2.0682736919267253,1.0743716755340393,False
common,0.329,0.3526403041208735,0.3526403041208735,2.0654365995735002,1.0729535388316331,False
common,0.33,0.3537121591485965,0.3537121591485965,2.06259955272885,1.0715356504164508,False
common,0.331,0.35478401417631955,0.35478401417631955,2.0597625513470774,1.0701180164305928,False
common,0.332,0.35585586920404255,0.35585586920404255,2.056925595457737,1.0687006337288958,False
common,0.333,0.35692772423176555,0.35692772423176555,2.0540886850231033,1.0672835056536771,False
common,0.334,0.3579995792594886,0.3579995792594886,2.0512518200862973,1.0658666329199167,False
common,0.335,0.3590714342872116,0.3590714342872116,2.0484150006101265,1.0644500145564457,False
common,0.336,0.3601432893149346,0.3601432893149346,2.0455782266317835,1.063033653526867,False
common,0.337,0.36121514434265767,0.36121514434265767,2.042741498139966,1.061617550261772,False
common,0.338,0.36228699937038067,0.36228699937038067,2.039904815114846,1.060201705663853,False
common,0.339,0.36335885439810367,0.36335885439810367,2.0370681775760513,1.0587861208331053,False
common,0.34,0.3644307094258267,0.3644307094258267,2.0342315855066184,1.0573707968550192,False
common,0.341,0.3655025644535497,0.3655025644535497,2.031395038953976,1.0559557341248056,False
common,0.342,0.36657441948127273,0.36657441948127273,2.028558537837033,1.0545409331569546,False
common,0.343,0.3676462745089958,0.3676462745089958,2.0257220822101907,1.053126397071279,False
common,0.34400000000000003,0.3687181295367188,0.3687181295367188,2.0228856720761357,1.0517121240307987,False
common,0.34500000000000003,0.3697899845644418,0.3697899845644418,2.0200493074212567,1.0502981174123884,False
common,0.34600000000000003,0.37086183959216484,0.37086183959216484,2.0172129882564116,1.0488843770146847,False
common,0.34700000000000003,0.37193369461988784,0.37193369461988784,2.0143767145438973,1.0474709033395941,False
common,0.34800000000000003,0.3730055496476109,0.3730055496476109,2.011540486334873,1.046057699555141,False
common,0.34900000000000003,0.3740774046753339,0.3740774046753339,2.0087043036118857,1.044644763928581,False
common,0.35000000000000003,0.3751492597030569,0.3751492597030569,2.0058681663512434,1.04323210000489,False
common,0.35100000000000003,0.37622111473077996,0.37622111473077996,2.0030320745823893,1.041819707074868,False
common,0.352,0.3772929697585029,0.3772929697585029,2.000196028289647,1.0404075872534397,False
common,0.353,0.3783648247862259,0.3783648247862259,1.997360027499484,1.0389957408481434,False
common,0.354,0.37943667981394896,0.37943667981394896,1.994524072178483,1.0375841684671823,False
common,0.355,0.38050853484167196,0.38050853484167196,1.9916881623425642,1.036172872499053,False
common,0.356,0.38158038986939496,0.38158038986939496,1.988852297988486,1.0347618518962804,False
common,0.357,0.382652244897118,0.382652244897118,1.9860164791013268,1.0333511105179094,False
common,0.358,0.383724099924841,0.383724099924841,1.983180705739085,1.0319406468711307,False
common,0.359,0.384795954952564,0.384795954952564,1.9803449778191373,1.0305304649674916,False
common,0.36,0.3858678099802871,0.3858678099802871,1.9775092954013695,1.0291205622941142,False
common,0.361,0.3869396650080101,0.3869396650080101,1.9746736584556501,1.027710942487464,False
common,0.362,0.3880115200357331,0.3880115200357331,1.9718380669998758,1.0263016061518053,False
common,0.363,0.38908337506345614,0.38908337506345614,1.9690025210330697,1.024892553418801,False
common,0.364,0.39015523009117914,0.39015523009117914,1.9661670205342041,1.0234837858500463,False
common,0.365,0.39122708511890214,0.39122708511890214,1.9633315655379846,1.0220753051789901,False
common,0.366,0.3922989401466252,0.3922989401466252,1.9604961560246714,1.0206671118363995,False
common,0.367,0.3933707951743482,0.3933707951743482,1.9576607919917333,1.0192592074515705,False
common,0.368,0.39444265020207125,0.39444265020207125,1.9548254734244042,1.0178515938260406,False
common,0.369,0.39551450522979426,0.39551450522979426,1.9519902003736878,1.0164442691130293,False
common,0.37,0.39658636025751726,0.39658636025751726,1.9491549727829405,1.0150372373481886,False
common,0.371,0.3976582152852403,0.3976582152852403,1.946319790694484,1.013630498426744,False
common,0.372,0.3987300703129633,0.3987300703129633,1.9434846540734574,1.0122240549695611,False
common,0.373,0.3998019253406863,0.3998019253406863,1.9406495629537668,1.0108179062860705,False
common,0.374,0.40087378036840937,0.40087378036840937,1.9378145173152728,1.0094120540239222,False
common,0.375,0.4019456353961324,0.4019456353961324,1.9349795171719864,1.0080064996516396,False
common,0.376,0.4030174904238554,0.4030174904238554,1.9321445624923106,1.0066012447322998,False
common,0.377,0.40408934545157843,0.40408934545157843,1.9293096533092857,1.0051962885834949,False
common,0.378,0.40516120047930143,0.40516120047930143,1.9264747896158285,1.0037916361650046,False
common,0.379,0.40623305550702443,0.40623305550702443,1.9236399713977725,1.0023872847672848,False
common,0.38,0.4073049105347475,0.4073049105347475,1.9208051986685737,1.000983237713608,False
common,0.381,0.4083767655624705,0.4083767655624705,1.9179704714295864,0.9995794951545702,False
common,0.382,0.4094486205901935,0.4094486205901935,1.915135789672462,0.9981760578742348,False
common,0.383,0.41052047561791655,0.41052047561791655,1.9123011534184053,0.9967729291998212,False
common,0.384,0.41159233064563955,0.41159233064563955,1.9094665626281149,0.9953701078878403,False
common,0.385,0.4126641856733626,0.4126641856733626,1.9066320173411144,0.9939675975720569,False
common,0.386,0.4137360407010856,0.4137360407010856,1.903797517519612,0.992565397900247,False
common,0.387,0.4148078957288086,0.4148078957288086,1.9009630632139896,0.9911635098180755,False
common,0.388,0.41587975075653166,0.41587975075653166,1.8981286543838571,0.9897619363926731,False
common,0.389,0.41695160578425466,0.41695160578425466,1.89529429103652,0.988360676704009,False
common,0.39,0.41802346081197767,0.41802346081197767,1.8924599731810599,0.9869597334875053,False
common,0.391,0.4190953158397007,0.4190953158397007,1.8896257008009565,0.9855591078545485,False
common,0.392,0.4201671708674237,0.4201671708674237,1.8867914739377767,0.9841588002067807,False
common,0.393,0.4212390258951467,0.4212390258951467,1.8839572925531733,0.9827588131534976,False
common,0.394,0.4223108809228698,0.4223108809228698,1.8811231566363995,0.9813591462485198,False
common,0.395,0.4233827359505928,0.4233827359505928,1.8782890662178753,0.9799598022246422,False
common,0.396,0.4244545909783158,0.4244545909783158,1.8754550212974896,0.9785607818925539,False
common,0.397,0.42552644600603884,0.42552644600603884,1.8726210218521055,0.9771620870068998,False
common,0.398,0.42659830103376184,0.42659830103376184,1.869787067917228,0.9757637173758443,False
common,0.399,0.42767015606148484,0.42767015606148484,1.8669531594464273,0.9743656767974154,False
common,0.4,0.4287420110892079,0.4287420110892079,1.8641192964837128,0.9729679650162745,False
common,0.401,0.4298138661169309,0.4298138661169309,1.8612854789997302,0.9715705824842541,False
common,0.402,0.43088572114465395,0.43088572114465395,1.8584517069867967,0.9701735320438645,False
common,0.403,0.43195757617237696,0.43195757617237696,1.8556179804992912,0.9687768153430852,False
common,0.404,0.43302943120009996,0.43302943120009996,1.8527842994873644,0.9673804331716712,False
common,0.405,0.434101286227823,0.434101286227823,1.849950663960609,0.9659843857107505,False
common,0.406,0.435173141255546,0.435173141255546,1.8471170739331022,0.9645886764793615,False
common,0.40700000000000003,0.436244996283269,0.436244996283269,1.844283529395918,0.9631933052675131,False
common,0.40800000000000003,0.43731685131099207,0.43731685131099207,1.8414500303324033,0.961798274078597,False
common,0.40900000000000003,0.4383887063387151,0.4383887063387151,1.8386165767650064,0.960403583794898,False
common,0.41000000000000003,0.4394605613664381,0.4394605613664381,1.835783168694971,0.9590092360142504,False
common,0.41100000000000003,0.44053241639416113,0.44053241639416113,1.8329498061110616,0.9576152338289285,False
common,0.41200000000000003,0.44160427142188413,0.44160427142188413,1.8301164890168753,0.9562215752089898,False
common,0.41300000000000003,0.44267612644960713,0.44267612644960713,1.827283217419029,0.9548282648049218,False
common,0.41400000000000003,0.4437479814773302,0.4437479814773302,1.8244499913073753,0.9534353031415272,False
common,0.41500000000000004,0.4448198365050532,0.4448198365050532,1.8216168106878872,0.9520426907151341,False
common,0.41600000000000004,0.4458916915327762,0.4458916915327762,1.8187836755605646,0.9506504299172353,False
common,0.417,0.4469635465604992,0.4469635465604992,1.8159505859239866,0.9492585221877068,False
common,0.418,0.4480354015882222,0.4480354015882222,1.8131175417878564,0.9478669685098913,False
common,0.419,0.4491072566159452,0.4491072566159452,1.8102845431358316,0.9464757699119993,False
common,0.42,0.45017911164366825,0.45017911164366825,1.8074515899670685,0.9450849288037175,False
common,0.421,0.45125096667139125,0.45125096667139125,1.80461868230406,0.9436944475824269,False
common,0.422,0.4523228216991143,0.4523228216991143,1.8017858201194281,0.9423043248845725,False
common,0.423,0.4533946767268373,0.4533946767268373,1.7989530034340007,0.9409145650344583,False
common,0.424,0.4544665317545603,0.4544665317545603,1.7961202322512193,0.939525167708798,False
common,0.425,0.45553838678228337,0.45553838678228337,1.7932875065638232,0.9381361371787633,False
common,0.426,0.45661024181000637,0.45661024181000637,1.7904548263585784,0.936747470707837,False
common,0.427,0.45768209683772937,0.45768209683772937,1.787622191629068,0.9353591726218496,False
common,0.428,0.4587539518654524,0.4587539518654524,1.784789602400516,0.9339712444828359,False
common,0.429,0.4598258068931754,0.4598258068931754,1.781957058672079,0.9325836872128037,False
common,0.43,0.4608976619208984,0.4608976619208984,1.7791245604499517,0.9311965027444147,False
common,0.431,0.4619695169486215,0.4619695169486215,1.7762921077138172,0.929809691849699,False
common,0.432,0.4630413719763445,0.4630413719763445,1.7734597004662733,0.9284232573888352,False
common,0.433,0.4641132270040675,0.4641132270040675,1.7706273387090965,0.9270371996172957,False
common,0.434,0.46518508203179054,0.46518508203179054,1.7677950224639583,0.9256515215649509,False
common,0.435,0.46625693705951354,0.46625693705951354,1.7649627516868716,0.9242662231325406,False
common,0.436,0.46732879208723654,0.46732879208723654,1.7621305264355014,0.9228813079848109,False
common,0.437,0.4684006471149596,0.4684006471149596,1.7592983466632184,0.9214967763379323,False
common,0.438,0.4694725021426826,0.4694725021426826,1.7564662123711994,0.9201126291841352,False
common,0.439,0.47054435717040566,0.47054435717040566,1.7536341235704578,0.9187288699230675,False
common,0.44,0.47161621219812866,0.47161621219812866,1.7508020802894597,0.9173454990108272,False
common,0.441,0.47268806722585166,0.47268806722585166,1.747970082491812,0.9159625199431629,False
common,0.442,0.4737599222535747,0.4737599222535747,1.745138130192836,0.9145799314240952,False
common,0.443,0.4748317772812977,0.4748317772812977,1.7423062233832054,0.9131977381264753,False
common,0.444,0.4759036323090207,0.4759036323090207,1.7394743620703146,0.9118159397207241,False
common,0.445,0.4769754873367438,0.4769754873367438,1.7366425462559842,0.9104345388875761,False
common,0.446,0.4780473423644668,0.4780473423644668,1.733810775934419,0.9090535366018456,False
common,0.447,0.4791191973921898,0.4791191973921898,1.7309790511061296,0.9076729355321675,False
common,0.448,0.48019105241991283,0.48019105241991283,1.7281473717820406,0.9062927372746802,False
common,0.449,0.48126290744763583,0.48126290744763583,1.7253157379540474,0.9049129432011364,False
common,0.45,0.48233476247535884,0.48233476247535884,1.7224841495974808,0.9035335546877287,False
common,0.451,0.4834066175030819,0.4834066175030819,1.7196526067719597,0.9021545740265977,False
common,0.452,0.4844784725308049,0.4844784725308049,1.716821109417066,0.9007760022323376,False
common,0.453,0.4855503275585279,0.4855503275585279,1.713989657588466,0.8993978435567115,False
common,0.454,0.48662218258625095,0.48662218258625095,1.7111582512254309,0.8980200961619227,False
common,0.455,0.48769403761397395,0.48769403761397395,1.7083268903727244,0.8966427657888763,False
common,0.456,0.488765892641697,0.488765892641697,1.705495575007121,0.8952658499364345,False
common,0.457,0.48983774766942,0.48983774766942,1.7026643051508472,0.8938893541084495,False
common,0.458,0.490909602697143,0.490909602697143,1.6998330807794337,0.8925132790436348,False
common,0.459,0.49198145772486607,0.49198145772486607,1.6970019019252547,0.8911376254880334,False
common,0.46,0.49305331275258907,0.49305331275258907,1.6941707685563134,0.8897623971723754,False
common,0.461,0.49412516778031207,0.49412516778031207,1.6913396806832903,0.8883875938839211,False
common,0.462,0.4951970228080351,0.4951970228080351,1.6885086383195747,0.8870132192030253,False
common,0.463,0.4962688778357581,0.4962688778357581,1.6856776414403862,0.8856392752587445,False
common,0.464,0.4973407328634811,0.4973407328634811,1.6828466900674854,0.8842657619089319,False
common,0.465,0.4984125878912042,0.4984125878912042,1.6800157841861951,0.8828926834719126,False
common,0.466,0.4994844429189272,0.4994844429189272,1.6771849237949832,0.8815200393454349,False
common,0.467,0.5005562979466502,0.5005562979466502,1.6743541089216718,0.8801478334515654,False
common,0.468,0.5016281529743732,0.5016281529743732,1.671523339553893,0.8787760671546275,False
common,0.46900000000000003,0.5027000080020962,0.5027000080020962,1.668692615654388,0.8774047429106208,False
common,0.47000000000000003,0.5037718630298192,0.5037718630298192,1.6658619372868166,0.8760338623211098,False
common,0.47100000000000003,0.5048437180575422,0.5048437180575422,1.663031304390783,0.8746634255908461,False
common,0.47200000000000003,0.5059155730852654,0.5059155730852654,1.6602007170113176,0.8732934374213217,False
common,0.47300000000000003,0.5069874281129884,0.5069874281129884,1.6573701751217973,0.8719238990757415,False
common,0.47400000000000003,0.5080592831407114,0.5080592831407114,1.6545396787274624,0.8705548130881161,False
common,0.47500000000000003,0.5091311381684344,0.5091311381684344,1.6517092278472534,0.8691861798188755,False
common,0.47600000000000003,0.5102029931961574,0.5102029931961574,1.6488788224324757,0.8678180021192087,False
common,0.47700000000000004,0.5112748482238804,0.5112748482238804,1.6460484625683502,0.8664502826063397,False
common,0.47800000000000004,0.5123467032516035,0.5123467032516035,1.6432181481830455,0.8650830228226697,False
common,0.47900000000000004,0.5134185582793265,0.5134185582793265,1.6403878792983662,0.8637162255207297,False
common,0.48,0.5144904133070494,0.5144904133070494,1.63755765591036,0.862349892385138,False
common,0.481,0.5155622683347725,0.5155622683347725,1.6347274780295074,0.860984023281302,False
common,0.482,0.5166341233624955,0.5166341233624955,1.631897345625699,0.8596186247986821,False
common,0.483,0.5177059783902185,0.5177059783902185,1.6290672587509158,0.8582536959481293,False
common,0.484,0.5187778334179415,0.5187778334179415,1.6262372173521111,0.8568892400388953,False
common,0.485,0.5198496884456645,0.5198496884456645,1.6234072214811546,0.8555252578389326,False
common,0.486,0.5209215434733876,0.5209215434733876,1.6205772711061162,0.8541617537105912,False
common,0.487,0.5219933985011106,0.5219933985011106,1.6177473662187136,0.85279872882436,False
common,0.488,0.5230652535288336,0.5230652535288336,1.6149175068361998,0.8514361844260107,False
common,0.489,0.5241371085565566,0.5241371085565566,1.6120876929524464,0.8500741250170951,False
common,0.49,0.5252089635842796,0.5252089635842796,1.6092579245792882,0.8487125502830452,False
common,0.491,0.5262808186120026,0.5262808186120026,1.6064282016971632,0.8473514637680121,False
common,0.492,0.5273526736397257,0.5273526736397257,1.603598524339267,0.8459908677590978,False
common,0.493,0.5284245286674487,0.5284245286674487,1.600768892454374,0.8446307649092357,False
common,0.494,0.5294963836951717,0.5294963836951717,1.5979393060961522,0.8432711557267641,False
common,0.495,0.5305682387228947,0.5305682387228947,1.595109765221281,0.8419120443589699,False
common,0.496,0.5316400937506177,0.5316400937506177,1.5922802698648209,0.8405534322024946,False
common,0.497,0.5327119487783407,0.5327119487783407,1.5894508199981727,0.839195323586321,False
common,0.498,0.5337838038060638,0.5337838038060638,1.5866214156432745,0.8378377168242367,False
common,0.499,0.5348556588337868,0.5348556588337868,1.5837920567922437,0.8364806175895457,False
common,0.5,0.5359275138615098,0.5359275138615098,1.580962743429959,0.8351240271343845,False
common,0.501,0.5369993688892328,0.5369993688892328,1.5781334755964327,0.8337679492459905,False
common,0.502,0.5380712239169558,0.5380712239169558,1.5753042532474115,0.8324123830410823,False
common,0.503,0.5391430789446789,0.5391430789446789,1.57247507642011,0.8310573341291491,False
common,0.504,0.540214933972402,0.540214933972402,1.569645945078224,0.8297028038527415,False
common,0.505,0.541286789000125,0.541286789000125,1.5668168592237963,0.8283487940955951,False
common,0.506,0.542358644027848,0.542358644027848,1.5639878189033674,0.8269953088984606,False
common,0.507,0.543430499055571,0.543430499055571,1.561158824070108,0.8256423487284598,False
common,0.508,0.544502354083294,0.544502354083294,1.5583298747574137,0.8242899172399191,False
common,0.509,0.5455742091110171,0.5455742091110171,1.555500970943391,0.8229380164585233,False
common,0.51,0.5466460641387401,0.5466460641387401,1.5526721126234433,0.8215866501272283,False
common,0.511,0.5477179191664631,0.5477179191664631,1.5498432998158007,0.8202358189882506,False
common,0.512,0.5487897741941861,0.5487897741941861,1.5470145325213736,0.8188855277259091,False
common,0.513,0.5498616292219091,0.5498616292219091,1.5441858107025475,0.8175357753327728,False
common,0.514,0.5509334842496321,0.5509334842496321,1.54135713442074,0.8161865689213328,False
common,0.515,0.5520053392773552,0.5520053392773552,1.53852850363414,0.8148379076490002,False
common,0.516,0.5530771943050782,0.5530771943050782,1.535699918352318,0.8134897953820739,False
common,0.517,0.5541490493328012,0.5541490493328012,1.5328713785693893,0.8121422348317845,False
common,0.518,0.5552209043605242,0.5552209043605242,1.53004288428924,0.8107952289720923,False
common,0.519,0.5562927593882472,0.5562927593882472,1.5272144355211736,0.8094487807898577,False
common,0.52,0.5573646144159703,0.5573646144159703,1.5243860322728064,0.8081028910585676,False
common,0.521,0.5584364694436933,0.5584364694436933,1.521557674518892,0.8067575641309724,False
common,0.522,0.5595083244714163,0.5595083244714163,1.5187293622600961,0.8054128022303081,False
common,0.523,0.5605801794991393,0.5605801794991393,1.5159010955352992,0.8040686075659775,False
common,0.524,0.5616520345268623,0.5616520345268623,1.513072874282373,0.8027249840993538,False
common,0.525,0.5627238895545853,0.5627238895545853,1.5102446985501894,0.8013819342923261,False
common,0.526,0.5637957445823084,0.5637957445823084,1.507416568335307,0.8000394599113597,False
common,0.527,0.5648675996100314,0.5648675996100314,1.5045884836039969,0.7986975651485396,False
common,0.528,0.5659394546377544,0.5659394546377544,1.5017604444074628,0.797356251216508,False
common,0.529,0.5670113096654774,0.5670113096654774,1.4989324507001633,0.7960155226742515,False
common,0.53,0.5680831646932004,0.5680831646932004,1.4961045025083664,0.7946753817150931,False
common,0.531,0.5691550197209234,0.5691550197209234,1.4932765998205477,0.7933358304060776,False
common,0.532,0.5702268747486465,0.5702268747486465,1.4904487426288027,0.791996872242564,False
common,0.533,0.5712987297763695,0.5712987297763695,1.4876209309675703,0.7906585106296149,False
common,0.534,0.5723705848040925,0.5723705848040925,1.4847931648002133,0.7893207483121593,False
common,0.535,0.5734424398318155,0.5734424398318155,1.4819654441487584,0.7879835873469808,False
common,0.536,0.5745142948595385,0.5745142948595385,1.4791377689914453,0.786647030922471,False
common,0.537,0.5755861498872616,0.5755861498872616,1.476310139361714,0.7853110834696251,False
common,0.538,0.5766580049149846,0.5766580049149846,1.4734825552111808,0.7839757480663128,False
common,0.539,0.5777298599427076,0.5777298599427076,1.4706550165977328,0.7826410251158948,False
common,0.54,0.5788017149704306,0.5788017149704306,1.467827523479981,0.7813069197510352,False
common,0.541,0.5798735699981536,0.5798735699981536,1.4650000758763326,0.7799734342462818,False
common,0.542,0.5809454250258766,0.5809454250258766,1.4621726737792606,0.7786405724732502,False
common,0.543,0.5820172800535998,0.5820172800535998,1.4593453171890314,0.7773083364372799,False
common,0.544,0.5830891350813228,0.5830891350813228,1.4565180061073768,0.7759767302086,False
common,0.545,0.5841609901090458,0.5841609901090458,1.453690740540825,0.7746457565052641,False
common,0.546,0.5852328451367688,0.5852328451367688,1.4508635204720344,0.773315418909301,False
common,0.547,0.5863047001644918,0.5863047001644918,1.4480363459220102,0.7719857194562453,False
common,0.548,0.5873765551922148,0.5873765551922148,1.4452092168839803,0.770656662347708,False
common,0.549,0.5884484102199379,0.5884484102199379,1.4423821333528375,0.7693282503614806,False
common,0.55,0.5895202652476609,0.5895202652476609,1.4395550953278935,0.7680004884868931,False
common,0.551,0.5905921202753839,0.5905921202753839,1.4367281028119017,0.7666733774697806,False
common,0.552,0.5916639753031069,0.5916639753031069,1.4339011558128778,0.7653469220198181,False
common,0.553,0.5927358303308299,0.5927358303308299,1.431074254338438,0.7640211248607371,False
common,0.554,0.593807685358553,0.593807685358553,1.428247398351079,0.7626959894028689,False
common,0.555,0.594879540386276,0.594879540386276,1.4254205878707182,0.7613715186266619,False
common,0.556,0.595951395413999,0.595951395413999,1.4225938229094792,0.7600477169270622,False
common,0.557,0.597023250441722,0.597023250441722,1.4197671034712478,0.7587245874156239,False
common,0.558,0.598095105469445,0.598095105469445,1.4169404295500287,0.7574021330236359,False
common,0.559,0.599166960497168,0.599166960497168,1.4141138010869359,0.7560803569926989,False
common,0.56,0.6002388155248911,0.6002388155248911,1.4112872181746283,0.7547592643290114,False
common,0.561,0.6013106705526141,0.6013106705526141,1.408460680766499,0.753438856704776,False
common,0.562,0.6023825255803371,0.6023825255803371,1.4056341888842416,0.7521191375124584,False
common,0.5630000000000001,0.6034543806080601,0.6034543806080601,1.402807742516865,0.7508001125652659,False
common,0.5640000000000001,0.6045262356357831,0.6045262356357831,1.3999813416288864,0.7494817838704546,False
common,0.5650000000000001,0.6055980906635061,0.6055980906635061,1.397154986286897,0.7481641545749756,False
common,0.5660000000000001,0.6066699456912292,0.6066699456912292,1.3943286764354523,0.7468472288771952,False
common,0.5670000000000001,0.6077418007189522,0.6077418007189522,1.391502412105683,0.745531009629153,False
common,0.5680000000000001,0.6088136557466752,0.6088136557466752,1.388676193272409,0.7442155022113875,False
common,0.5690000000000001,0.6098855107743982,0.6098855107743982,1.3858500199845913,0.7429007091592831,False
common,0.5700000000000001,0.6109573658021212,0.6109573658021212,1.3830238921872517,0.7415866348115977,False
common,0.5710000000000001,0.6120292208298443,0.6120292208298443,1.380197809889383,0.7402732814337414,False
common,0.5720000000000001,0.6131010758575673,0.6131010758575673,1.3773717731298873,0.738960653693422,False
common,0.5730000000000001,0.6141729308852903,0.6141729308852903,1.3745457818583828,0.7376487547498247,False
common,0.5740000000000001,0.6152447859130133,0.6152447859130133,1.371719836120322,0.7363375903496644,False
common,0.5750000000000001,0.6163166409407363,0.6163166409407363,1.368893935898985,0.7350271624117269,False
common,0.5760000000000001,0.6173884959684593,0.6173884959684593,1.366068081162708,0.7337174739654916,False
common,0.577,0.6184603509961824,0.6184603509961824,1.3632422719745296,0.732408532305863,False
common,0.578,0.6195322060239054,0.6195322060239054,1.3604165082674147,0.7311003390357769,False
common,0.579,0.6206040610516284,0.6206040610516284,1.3575907901096196,0.7297928965864141,False
common,0.58,0.6216759160793514,0.6216759160793514,1.3547651174417918,0.7284862113104601,False
common,0.581,0.6227477711070744,0.6227477711070744,1.351939490299059,0.7271802873969706,False
common,0.582,0.6238196261347974,0.6238196261347974,1.3491139086578174,0.7258751275415716,False
common,0.583,0.6248914811625205,0.6248914811625205,1.3462883725525066,0.7245707356415595,False
common,0.584,0.6259633361902435,0.6259633361902435,1.3434628819330552,0.7232671172076394,False
common,0.585,0.6270351912179665,0.6270351912179665,1.340637436853176,0.7219642739234383,False
common,0.586,0.6281070462456895,0.6281070462456895,1.337812037268149,0.7206622127215551,False
common,0.587,0.6291789012734125,0.6291789012734125,1.3349866832139679,0.7193609358266898,False
common,0.588,0.6302507563011355,0.6302507563011355,1.3321613746602345,0.7180604478330639,False
common,0.589,0.6313226113288586,0.6313226113288586,1.3293361116227143,0.7167607530226839,False
common,0.59,0.6323944663565816,0.6323944663565816,1.3265108941247217,0.7154618552817976,False
common,0.591,0.6334663213843046,0.6334663213843046,1.323685722125889,0.7141637593170137,False
common,0.592,0.6345381764120276,0.6345381764120276,1.3208605956398944,0.7128664695297159,False
common,0.593,0.6356100314397506,0.6356100314397506,1.3180355146611422,0.711569988542513,False
common,0.594,0.6366818864674737,0.6366818864674737,1.315210479210971,0.7102743241687345,False
common,0.595,0.6377537414951967,0.6377537414951967,1.3123854892665987,0.7089794769369272,False
common,0.596,0.6388255965229197,0.6388255965229197,1.3095605448597114,0.7076854545242071,False
common,0.597,0.6398974515506427,0.6398974515506427,1.3067356459578239,0.7063922588129955,False
common,0.598,0.6409693065783657,0.6409693065783657,1.303910792565821,0.7050998944453377,False
common,0.599,0.6420411616060887,0.6420411616060887,1.3010859846916967,0.7038083685647561,False
common,0.6,0.6431130166338118,0.6431130166338118,1.2982612223398693,0.7025176825297278,False
common,0.601,0.6441848716615348,0.6441848716615348,1.2954365055061867,0.7012278421294867,False
common,0.602,0.6452567266892578,0.6452567266892578,1.2926118341784365,0.6999388522212147,False
common,0.603,0.6463285817169808,0.6463285817169808,1.2897872083665662,0.6986507174860327,False
common,0.604,0.6474004367447038,0.6474004367447038,1.2869626280924251,0.6973634416573613,False
common,0.605,0.6484722917724268,0.6484722917724268,1.2841380933130475,0.6960770291870183,False
common,0.606,0.6495441468001499,0.6495441468001499,1.281313604067802,0.6947914863545941,False
common,0.607,0.6506160018278729,0.6506160018278729,1.2784891603455861,0.6935068175244667,False
common,0.608,0.6516878568555959,0.6516878568555959,1.275664762102302,0.692223025653186,False
common,0.609,0.6527597118833189,0.6527597118833189,1.272840409414422,0.6909401169421925,False
common,0.61,0.6538315669110419,0.6538315669110419,1.270016102231386,0.6896580964604533,False
common,0.611,0.654903421938765,0.654903421938765,1.267191840573867,0.6883769689063662,False
common,0.612,0.655975276966488,0.655975276966488,1.264367624425189,0.6870967384451232,False
common,0.613,0.657047131994211,0.657047131994211,1.261543453810865,0.6858174099422665,False
common,0.614,0.658118987021934,0.658118987021934,1.25871932867887,0.6845389893213026,False
common,0.615,0.659190842049657,0.659190842049657,1.2558952491050102,0.6832614811566207,False
common,0.616,0.6602626970773801,0.6602626970773801,1.2530712150242262,0.6819848894473722,False
common,0.617,0.6613345521051032,0.6613345521051032,1.2502472264818598,0.6807092215755818,False
common,0.618,0.6624064071328262,0.6624064071328262,1.247423283429172,0.6794344811425393,False
common,0.619,0.6634782621605492,0.6634782621605492,1.2445993859250715,0.6781606715774369,False
common,0.62,0.6645501171882722,0.6645501171882722,1.241775533938072,0.6768878018476886,False
common,0.621,0.6656219722159952,0.6656219722159952,1.2389517274610906,0.6756158741088162,False
common,0.622,0.6666938272437182,0.6666938272437182,1.2361279664944602,0.6743448949827917,False
common,0.623,0.6677656822714413,0.6677656822714413,1.2333042510676462,0.6730748686490897,False
common,0.624,0.6688375372991643,0.6688375372991643,1.2304805811458097,0.6718058011602879,False
common,0.625,0.6699093923268873,0.6699093923268873,1.2276569567486462,0.6705376987729798,False
common,0.626,0.6709812473546103,0.6709812473546103,1.224833377871537,0.6692705642182105,False
common,0.627,0.6720531023823333,0.6720531023823333,1.2220098445209882,0.6680044054892899,False
common,0.628,0.6731249574100564,0.6731249574100564,1.219186356695956,0.6667392265248542,False
common,0.629,0.6741968124377794,0.6741968124377794,1.2163629143777,0.6654750338503163,False
common,0.63,0.6752686674655024,0.6752686674655024,1.2135395175821628,0.6642118313110831,False
common,0.631,0.6763405224932254,0.6763405224932254,1.2107161662874732,0.6629496266402732,False
common,0.632,0.6774123775209484,0.6774123775209484,1.2078928605520511,0.661688424325859,False
common,0.633,0.6784842325486714,0.6784842325486714,1.205069600320341,0.6604282291017164,False
common,0.634,0.6795560875763945,0.6795560875763945,1.2022463855866583,0.6591690489502925,False
common,0.635,0.6806279426041175,0.6806279426041175,1.1994232164157737,0.657910887023683,False
common,0.636,0.6816997976318405,0.6816997976318405,1.196600092750577,0.6566537506137327,False
common,0.637,0.6827716526595635,0.6827716526595635,1.1937770145946214,0.6553976444038975,False
common,0.638,0.6838435076872865,0.6838435076872865,1.1909539819607184,0.6541425760994705,False
common,0.639,0.6849153627150095,0.6849153627150095,1.188130994867831,0.652888548462104,False
common,0.64,0.6859872177427326,0.6859872177427326,1.1853080532721272,0.6516355709512708,False
common,0.641,0.6870590727704556,0.6870590727704556,1.1824851572225459,0.6503836480224775,False
common,0.642,0.6881309277981786,0.6881309277981786,1.1796623066818723,0.6491327843552084,False
common,0.643,0.6892027828259016,0.6892027828259016,1.1768395016748867,0.647882987292414,False
common,0.644,0.6902746378536246,0.6902746378536246,1.1740167421858905,0.6466342642547868,False
common,0.645,0.6913464928813478,0.6913464928813478,1.1711940282181699,0.6453866177339169,False
common,0.646,0.6924183479090708,0.6924183479090708,1.168371359753495,0.6441400566523118,False
common,0.647,0.6934902029367938,0.6934902029367938,1.1655487368399609,0.642894586905489,False
common,0.648,0.6945620579645168,0.6945620579645168,1.1627261594311378,0.6416502136668075,False
common,0.649,0.6956339129922398,0.6956339129922398,1.1599036275475205,0.6404069441941626,False
common,0.65,0.6967057680199628,0.6967057680199628,1.1570811412031867,0.6391647840606752,False
common,0.651,0.6977776230476859,0.6977776230476859,1.1542587003635418,0.6379237409141105,False
common,0.652,0.6988494780754089,0.6988494780754089,1.151436305056297,0.6366838195443284,False
common,0.653,0.6999213331031319,0.6999213331031319,1.1486139552620234,0.6354450267443162,False
common,0.654,0.7009931881308549,0.7009931881308549,1.1457916509988397,0.6342073698400754,False
common,0.655,0.7020650431585779,0.7020650431585779,1.1429693922626383,0.632970855039562,False
common,0.656,0.7031368981863009,0.7031368981863009,1.1401471790429163,0.6317354895378415,False
common,0.657,0.704208753214024,0.704208753214024,1.1373250113588362,0.6305012777122282,False
common,0.658,0.705280608241747,0.705280608241747,1.1345028892015607,0.6292682277326805,False
common,0.659,0.70635246326947,0.70635246326947,1.131680812553526,0.6280363472504517,False
common,0.66,0.707424318297193,0.707424318297193,1.1288587814427764,0.6268056419549506,False
common,0.661,0.708496173324916,0.708496173324916,1.1260367958516149,0.6255761180414607,False
common,0.662,0.7095680283526391,0.7095680283526391,1.1232148557813737,0.6243477838153573,False
common,0.663,0.7106398833803621,0.7106398833803621,1.1203929612417562,0.6231206458437902,False
common,0.664,0.7117117384080851,0.7117117384080851,1.1175711122191734,0.6218947108098117,False
common,0.665,0.7127835934358081,0.7127835934358081,1.1147493087356297,0.6206699854884,False
common,0.666,0.7138554484635311,0.7138554484635311,1.1119275507612825,0.6194464759502893,False
common,0.667,0.7149273034912541,0.7149273034912541,1.1091058383207786,0.618224191482747,False
common,0.668,0.7159991585189772,0.7159991585189772,1.1062841714053473,0.617003138111261,False
common,0.669,0.7170710135467002,0.7170710135467002,1.1034625500107031,0.6157833231123486,False
common,0.67,0.7181428685744232,0.7181428685744232,1.100640974149547,0.6145647537463338,False
common,0.671,0.7192147236021462,0.7192147236021462,1.0978194438105104,0.6133474373945009,False
common,0.672,0.7202865786298692,0.7202865786298692,1.0949979589907066,0.6121313807703358,False
common,0.673,0.7213584336575922,0.7213584336575922,1.0921765197071442,0.6109165918844646,False
common,0.674,0.7224302886853153,0.7224302886853153,1.0893551259441692,0.6097030782916164,False
common,0.675,0.7235021437130383,0.7235021437130383,1.086533777716947,0.6084908471599997,False
common,0.676,0.7245739987407613,0.7245739987407613,1.0837124750029403,0.607279906806692,False
common,0.677,0.7256458537684843,0.7256458537684843,1.080891217816271,0.6060702630643481,False
common,0.678,0.7267177087962073,0.7267177087962073,1.0780700061651105,0.6048619257676372,False
common,0.679,0.7277895638239305,0.7277895638239305,1.0752488400364024,0.6036549019075461,False
common,0.68,0.7288614188516535,0.7288614188516535,1.0724277194504195,0.6024491980026975,False
common,0.681,0.7299332738793765,0.7299332738793765,1.0696066443508068,0.6012448231811564,False
common,0.682,0.7310051289070995,0.7310051289070995,1.0667856148246946,0.6000417843472332,False
common,0.683,0.7320769839348225,0.7320769839348225,1.0639646308071349,0.5988400912567486,False
common,0.684,0.7331488389625455,0.7331488389625455,1.0611436923241513,0.5976397499661502,False
common,0.685,0.7342206939902686,0.7342206939902686,1.0583227993578026,0.5964407692609529,False
common,0.686,0.7352925490179916,0.7352925490179916,1.0555019519084219,0.5952431574540084,False
common,0.687,0.7363644040457146,0.7363644040457146,1.0526811500000122,0.5940469224684339,False
common,0.6880000000000001,0.7374362590734376,0.7374362590734376,1.0498603936267115,0.5928520715907025,False
common,0.6890000000000001,0.7385081141011606,0.7385081141011606,1.0470396827840345,0.5916586147917856,False
common,0.6900000000000001,0.7395799691288836,0.7395799691288836,1.0442190174390964,0.5904665590427202,False
common,0.6910000000000001,0.7406518241566067,0.7406518241566067,1.041398397667992,0.5892759128450836,False
common,0.6920000000000001,0.7417236791843297,0.7417236791843297,1.0385778233991116,0.5880866862364228,False
common,0.6930000000000001,0.7427955342120527,0.7427955342120527,1.0357572946642524,0.5868988853546734,False
common,0.6940000000000001,0.7438673892397757,0.7438673892397757,1.0329368114659454,0.5857125203553281,False
common,0.6950000000000001,0.7449392442674987,0.7449392442674987,1.0301163737716168,0.584527599559412,False
common,0.6960000000000001,0.7460110992952218,0.7460110992952218,1.0272959816201466,0.5833441309839007,False
common,0.6970000000000001,0.7470829543229448,0.7470829543229448,1.0244756350023865,0.5821621239210977,False
common,0.6980000000000001,0.7481548093506678,0.7481548093506678,1.021655333916649,0.5809815874259573,False
common,0.6990000000000001,0.7492266643783908,0.7492266643783908,1.0188350783485678,0.5798025289965962,False
common,0.7000000000000001,0.7502985194061138,0.7502985194061138,1.01601486831997,0.5786249597888744,False
common,0.7010000000000001,0.7513703744338368,0.7513703744338368,1.0131947038153566,0.5774488867008971,False
common,0.7020000000000001,0.7524422294615599,0.7524422294615599,1.010374584843099,0.576274319480014,False
common,0.7030000000000001,0.7535140844892829,0.7535140844892829,1.0075545114057283,0.5751012681859643,False
common,0.704,0.7545859395170058,0.7545859395170058,1.004734483484837,0.5739297398829046,False
common,0.705,0.7556577945447288,0.7556577945447288,1.0019145011106678,0.5727597452571138,False
common,0.706,0.7567296495724518,0.7567296495724518,0.9990945642492921,0.5715912941153601,True
common,0.707,0.7578015046001748,0.7578015046001748,0.9962746729313965,0.5704243940291269,True
common,0.708,0.7588733596278979,0.7588733596278979,0.9934548271440802,0.5692590558211503,True
common,0.709,0.7599452146556209,0.7599452146556209,0.9906350268853226,0.5680952881640242,True
common,0.71,0.7610170696833439,0.7610170696833439,0.9878152721606082,0.5669331011101605,True
common,0.711,0.7620889247110669,0.7620889247110669,0.9849955629705365,0.5657725042901518,True
common,0.712,0.7631607797387899,0.7631607797387899,0.9821758992835994,0.5646135069526912,True
common,0.713,0.7642326347665129,0.7642326347665129,0.9793562811517109,0.5634561189949543,True
common,0.714,0.765304489794236,0.765304489794236,0.9765367085539989,0.5623003505222781,True
common,0.715,0.766376344821959,0.766376344821959,0.9737171814875545,0.5611462113557436,True
common,0.716,0.767448199849682,0.767448199849682,0.970897699951645,0.5599937116649428,True
common,0.717,0.768520054877405,0.768520054877405,0.9680782639472252,0.5588428595635153,True
common,0.718,0.769591909905128,0.769591909905128,0.9652588734565981,0.5576936675263116,True
common,0.719,0.7706637649328512,0.7706637649328512,0.9624395285178888,0.5565461442246213,True
common,0.72,0.7717356199605742,0.7717356199605742,0.9596202290931943,0.5554003007417668,True
common,0.721,0.7728074749882972,0.7728074749882972,0.9568009752240592,0.5542561471272143,True
common,0.722,0.7738793300160202,0.7738793300160202,0.9539817668788864,0.5531136938290944,True
common,0.723,0.7749511850437432,0.7749511850437432,0.951162604067135,0.5519729500896323,True
common,0.724,0.7760230400714662,0.7760230400714662,0.9483434867820772,0.5508339279481528,True
common,0.725,0.7770948950991893,0.7770948950991893,0.945524415019805,0.5496966370883338,True
common,0.726,0.7781667501269123,0.7781667501269123,0.9427053888037884,0.5485610888268289,True
common,0.727,0.7792386051546353,0.7792386051546353,0.9398864081329616,0.5474272931967534,True
common,0.728,0.7803104601823583,0.7803104601823583,0.9370674729775264,0.546295261432215,True
common,0.729,0.7813823152100813,0.7813823152100813,0.93424858334068,0.5451650037990992,True
common,0.73,0.7824541702378043,0.7824541702378043,0.9314297392756687,0.5440365317234667,True
common,0.731,0.7835260252655274,0.7835260252655274,0.9286109407212528,0.5429098554281346,True
common,0.732,0.7845978802932504,0.7845978802932504,0.9268759071247468,0.5417849872041374,True
common,0.733,0.7856697353209734,0.7856697353209734,0.9254045019263968,0.5406619380126765,True
common,0.734,0.7867415903486964,0.7867415903486964,0.9239331411965201,0.5395407182603644,True
common,0.735,0.7878134453764194,0.7878134453764194,0.9224618246964411,0.5384213395453973,True
common,0.736,0.7888853004041425,0.7888853004041425,0.9209905525119577,0.5373038136234106,True
common,0.737,0.7899571554318655,0.7899571554318655,0.9195193244786237,0.5361881510220898,True
common,0.738,0.7910290104595885,0.7910290104595885,0.9180481407619734,0.5350743644183704,True
common,0.739,0.7921008654873115,0.7921008654873115,0.9165770012384833,0.5339624643123217,True
common,0.74,0.7931727205150345,0.7931727205150345,0.9151059061091038,0.5328524628648734,True
common,0.741,0.7942445755427575,0.7942445755427575,0.9136348551600504,0.5317443721630224,True
common,0.742,0.7953164305704806,0.7953164305704806,0.912163848498726,0.5306382029926396,True
common,0.743,0.7963882855982036,0.7963882855982036,0.9106928862041785,0.5295339692180502,True
common,0.744,0.7974601406259266,0.7974601406259266,0.9092219680116642,0.5284316805132332,True
common,0.745,0.7985319956536496,0.7985319956536496,0.9077510941615463,0.5273313503186926,True
common,0.746,0.7996038506813726,0.7996038506813726,0.9062802645051438,0.5262329907950392,True
common,0.747,0.8006757057090956,0.8006757057090956,0.9048094790885308,0.5251366135536465,True
common,0.748,0.8017475607368187,0.8017475607368187,0.9033387379697277,0.5240422304935345,True
common,0.749,0.8028194157645417,0.8028194157645417,0.9018680410423974,0.5229498552226822,True
common,0.75,0.8038912707922647,0.8038912707922647,0.9003973884736949,0.5218595005503627,True
common,0.751,0.8049631258199877,0.8049631258199877,0.8989267800093792,0.5207711761714451,True
common,0.752,0.8060349808477107,0.8060349808477107,0.8974562159216104,0.5196848974931744,True
common,0.753,0.8071068358754339,0.8071068358754339,0.8959856961095136,0.5186006765839279,True
common,0.754,0.8081786909031569,0.8081786909031569,0.8945152204605344,0.5175185253264424,True
common,0.755,0.8092505459308799,0.8092505459308799,0.8930447889457849,0.5164384578533792,True
common,0.756,0.8103224009586029,0.8103224009586029,0.8915744019029059,0.5153604862275059,True
common,0.757,0.8113942559863259,0.8113942559863259,0.8901040589646803,0.5142846239115447,True
common,0.758,0.8124661110140489,0.8124661110140489,0.8886337603105199,0.5132108834237392,True
common,0.759,0.813537966041772,0.813537966041772,0.8871635057612792,0.5121392791046471,True
common,0.76,0.814609821069495,0.814609821069495,0.8856932956789798,0.5110698230594047,True
common,0.761,0.815681676097218,0.815681676097218,0.8842231296214198,0.5100025293634834,True
common,0.762,0.816753531124941,0.816753531124941,0.8827530080612211,0.5089374105732831,True
common,0.763,0.817825386152664,0.817825386152664,0.8812829304479797,0.5078744813249643,True
common,0.764,0.818897241180387,0.818897241180387,0.8798128972827612,0.5068137552295789,True
common,0.765,0.8199690962081101,0.8199690962081101,0.8783429081856697,0.5057552441578439,True
common,0.766,0.8210409512358331,0.8210409512358331,0.8768729633462646,0.5046989649799518,True
common,0.767,0.8221128062635561,0.8221128062635561,0.8754030627573295,0.5036449292607866,True
common,0.768,0.8231846612912791,0.8231846612912791,0.8739332064850558,0.5025931511920916,True
common,0.769,0.8242565163190021,0.8242565163190021,0.8724633942723381,0.5015436458176056,True
common,0.77,0.8253283713467252,0.8253283713467252,0.8709936265432816,0.5004964253214998,True
common,0.771,0.8264002263744482,0.8264002263744482,0.8695239027505464,0.4994515069967536,True
common,0.772,0.8274720814021712,0.8274720814021712,0.868054223435677,0.49840890274697575,True
common,0.773,0.8285439364298942,0.8285439364298942,0.8665845880515777,0.4973686278617193,True
common,0.774,0.8296157914576172,0.8296157914576172,0.8651149970803518,0.4963306965831674,True
common,0.775,0.8306876464853402,0.8306876464853402,0.863645450263606,0.49529512282669697,True
common,0.776,0.8317595015130633,0.8317595015130633,0.8621759477365876,0.49426192276290415,True
common,0.777,0.8328313565407863,0.8328313565407863,0.8607064895673089,0.49323111048812385,True
common,0.778,0.8339032115685093,0.8339032115685093,0.8592370752077194,0.49220270047681114,True
common,0.779,0.8349750665962323,0.8349750665962323,0.8577677053323907,0.4911767070910517,True
common,0.78,0.8360469216239553,0.8360469216239553,0.8562983795442847,0.49015314808949834,True
common,0.781,0.8371187766516783,0.8371187766516783,0.8548290981490014,0.48913203503554786,True
common,0.782,0.8381906316794014,0.8381906316794014,0.8533598608609694,0.4881133852702401,True
common,0.783,0.8392624867071244,0.8392624867071244,0.8518906676346027,0.4870972143311915,True
common,0.784,0.8403343417348474,0.8403343417348474,0.850421518835276,0.486083535869509,True
common,0.785,0.8414061967625704,0.8414061967625704,0.8489524142613059,0.48507236626507877,True
common,0.786,0.8424780517902934,0.8424780517902934,0.847483353783729,0.48406372169706846,True
common,0.787,0.8435499068180166,0.8435499068180166,0.8460143375179419,0.4830576168563339,True
common,0.788,0.8446217618457396,0.8446217618457396,0.8445453656369173,0.48205406836028575,True
common,0.789,0.8456936168734626,0.8456936168734626,0.8430764377189925,0.4810530907588663,True
common,0.79,0.8467654719011856,0.8467654719011856,0.8416075538860257,0.4800547018577387,True
common,0.791,0.8478373269289086,0.8478373269289086,0.8401387143976313,0.47905891613129414,True
common,0.792,0.8489091819566316,0.8489091819566316,0.8386699191946345,0.47806575099379045,True
common,0.793,0.8499810369843547,0.8499810369843547,0.8372011682162173,0.47707521997081515,True
common,0.794,0.8510528920120777,0.8510528920120777,0.8357324614591599,0.4760873431109881,True
common,0.795,0.8521247470398007,0.8521247470398007,0.8342637985820245,0.4751021343206889,True
common,0.796,0.8531966020675237,0.8531966020675237,0.8327951802173272,0.4741196104550667,True
common,0.797,0.8542684570952467,0.8542684570952467,0.831326605863536,0.4731397883363292,True
common,0.798,0.8553403121229697,0.8553403121229697,0.8298580758773877,0.4721626838727886,True
common,0.799,0.8564121671506928,0.8564121671506928,0.8283895898753224,0.47118831581075954,True
common,0.8,0.8574840221784158,0.8574840221784158,0.8269211482532457,0.4702166994533434,True
common,0.801,0.8585558772061388,0.8585558772061388,0.8254527508568588,0.4692478515195325,True
common,0.802,0.8596277322338618,0.8596277322338618,0.8239843973136374,0.4682817899688289,True
common,0.803,0.8606995872615848,0.8606995872615848,0.8225160882181948,0.46731853070688684,True
common,0.804,0.8617714422893079,0.8617714422893079,0.8210478232127949,0.4663580919688468,True
common,0.805,0.8628432973170309,0.8628432973170309,0.8195796024073054,0.46540049060302924,True
common,0.806,0.8639151523447539,0.8639151523447539,0.8181114258779765,0.46444574448862336,True
common,0.807,0.8649870073724769,0.8649870073724769,0.8166432933463641,0.4634938702699611,True
common,0.808,0.8660588624001999,0.8660588624001999,0.815175205172336,0.4625448864529342,True
common,0.809,0.8671307174279229,0.8671307174279229,0.813707161057442,0.4615988095718609,True
common,0.81,0.868202572455646,0.868202572455646,0.8122391611457225,0.4606556587350373,True
common,0.811,0.869274427483369,0.869274427483369,0.8107712053291749,0.45971545121051727,True
common,0.812,0.870346282511092,0.870346282511092,0.8093032938403466,0.4587782043095681,True
common,0.8130000000000001,0.871418137538815,0.871418137538815,0.8078354265375731,0.45784393609907387,True
common,0.8140000000000001,0.872489992566538,0.872489992566538,0.8063676033487788,0.4569126659849159,True
common,0.8150000000000001,0.873561847594261,0.873561847594261,0.8048998242581762,0.4559844110073323,True
common,0.8160000000000001,0.8746337026219841,0.8746337026219841,0.8034320894644065,0.4550591893669052,True
common,0.8170000000000001,0.8757055576497071,0.8757055576497071,0.8019643986503011,0.4541370211384703,True
common,0.8180000000000001,0.8767774126774301,0.8767774126774301,0.8004967520543582,0.45321792234087316,True
common,0.8190000000000001,0.8778492677051531,0.8778492677051531,0.7990291497096402,0.4523019121179985,True
common,0.8200000000000001,0.8789211227328761,0.8789211227328761,0.7975615913923262,0.45138901007860666,True
common,0.8210000000000001,0.8799929777605993,0.8799929777605993,0.7960940775404213,0.45047923506229576,True
common,0.8220000000000001,0.8810648327883223,0.8810648327883223,0.7946266075758324,0.4495726046769158,True
common,0.8230000000000001,0.8821366878160453,0.8821366878160453,0.7931591818639783,0.4486691384649963,True
common,0.8240000000000001,0.8832085428437683,0.8832085428437683,0.7916918001986684,0.44776885550802714,True
common,0.8250000000000001,0.8842803978714913,0.8842803978714913,0.7902244627479682,0.4468717748901794,True
common,0.8260000000000001,0.8853522528992143,0.8853522528992143,0.7887571695771589,0.4459779151943231,True
common,0.8270000000000001,0.8864241079269374,0.8864241079269374,0.7872899203914541,0.4450872962069318,True
common,0.8280000000000001,0.8874959629546604,0.8874959629546604,0.7858227155372655,0.44419993788860673,True
common,0.8290000000000001,0.8885678179823834,0.8885678179823834,0.7843555546624303,0.4433158583786255,True
common,0.8300000000000001,0.8896396730101064,0.8896396730101064,0.7828884378914713,0.4424350771897108,True
common,0.8310000000000001,0.8907115280378294,0.8907115280378294,0.7814213654061097,0.44155761486393635,True
common,0.8320000000000001,0.8917833830655524,0.8917833830655524,0.7799543371901141,0.4406834900883372,True
common,0.833,0.8928552380932754,0.8928552380932754,0.7784873529721015,0.4398127233020747,True
common,0.834,0.8939270931209984,0.8939270931209984,0.7770204129606606,0.4389453342159714,True
common,0.835,0.8949989481487214,0.8949989481487214,0.7755535169831518,0.4380813422773702,True
common,0.836,0.8960708031764444,0.8960708031764444,0.7740866652952372,0.43722076842219365,True
common,0.837,0.8971426582041674,0.8971426582041674,0.7726198575774612,0.4363636314711343,True
common,0.838,0.8982145132318904,0.8982145132318904,0.7711530939523925,0.4355099518270029,True
common,0.839,0.8992863682596135,0.8992863682596135,0.7696863747385541,0.4346597499122273,True
common,0.84,0.9003582232873365,0.9003582232873365,0.7682196995016044,0.4338130462350703,True
common,0.841,0.9014300783150595,0.9014300783150595,0.766753068412207,0.4329698608756825,True
common,0.842,0.9025019333427825,0.9025019333427825,0.7652864815008709,0.43213021450001904,True
common,0.843,0.9035737883705055,0.9035737883705055,0.7638199387256073,0.4312941274960115,True
common,0.844,0.9046456433982286,0.9046456433982286,0.7623534400857501,0.43046161984340264,True
common,0.845,0.9057174984259516,0.9057174984259516,0.7608869854437206,0.4296327130472819,True
common,0.846,0.9067893534536746,0.9067893534536746,0.7594205751231486,0.4288074273800211,True
common,0.847,0.9078612084813976,0.9078612084813976,0.7579542088172797,0.4279857835405908,True
common,0.848,0.9089330635091206,0.9089330635091206,0.7564878867410085,0.42716780270218546,True
common,0.849,0.9100049185368436,0.9100049185368436,0.7550216086741779,0.42635350492934126,True
common,0.85,0.9110767735645667,0.9110767735645667,0.7535553749409285,0.425542912258066,True
common,0.851,0.9121486285922897,0.9121486285922897,0.7520891849995381,0.42473604494207073,True
common,0.852,0.9132204836200127,0.9132204836200127,0.750623039283882,0.42393292446577896,True
common,0.853,0.9142923386477357,0.9142923386477357,0.749156937769091,0.423133572373107,True
common,0.854,0.9153641936754587,0.9153641936754587,0.7476908803166982,0.4223380088417004,True
common,0.855,0.9164360487031817,0.9164360487031817,0.746224867157208,0.42154625612276864,True
common,0.856,0.9175079037309049,0.9175079037309049,0.7447588979021535,0.42075833457582945,True
common,0.857,0.9185797587586279,0.9185797587586279,0.7432929729960014,0.41997426657349113,True
common,0.858,0.9196516137863509,0.9196516137863509,0.7418270921098813,0.41919407286375615,True
common,0.859,0.9207234688140739,0.9207234688140739,0.7403612552209671,0.41841777530327856,True
common,0.86,0.9217953238417969,0.9217953238417969,0.7388954624229838,0.41764539506474174,True
common,0.861,0.92286717886952,0.92286717886952,0.7374297138409869,0.4168769548542973,True
common,0.862,0.923939033897243,0.923939033897243,0.7359640094613873,0.41611247456508255,True
common,0.863,0.925010888924966,0.925010888924966,0.734498348994328,0.4153519769346852,True
common,0.864,0.926082743952689,0.926082743952689,0.7330327326327213,0.414595483882646,True
common,0.865,0.927154598980412,0.927154598980412,0.731567160454949,0.4138430167669191,True
common,0.866,0.928226454008135,0.928226454008135,0.7301016325842458,0.4130945967689474,True
common,0.867,0.9292983090358581,0.9292983090358581,0.7286361485090209,0.4123502468855914,True
common,0.868,0.9303701640635811,0.9303701640635811,0.7271707086463852,0.4116099884985667,True
common,0.869,0.9314420190913041,0.9314420190913041,0.7257053128911561,0.41087384387339876,True
common,0.87,0.9325138741190271,0.9325138741190271,0.7242399613274886,0.41014183461838555,True
common,0.871,0.9335857291467501,0.9335857291467501,0.7227746538174484,0.4094139829168076,True
common,0.872,0.9346575841744731,0.9346575841744731,0.7213093903656986,0.4086903100570711,True
common,0.873,0.9357294392021962,0.9357294392021962,0.7198441709813652,0.40797083921373295,True
common,0.874,0.9368012942299192,0.9368012942299192,0.718378995845792,0.4072555916600544,True
common,0.875,0.9378731492576422,0.9378731492576422,0.7169138646444306,0.4065445900844108,True
common,0.876,0.9389450042853652,0.9389450042853652,0.7154487775496321,0.4058378561738432,True
common,0.877,0.9400168593130882,0.9400168593130882,0.713983734604251,0.4051354123426372,True
common,0.878,0.9410887143408113,0.9410887143408113,0.7125187357597929,0.4044372808730135,True
common,0.879,0.9421605693685343,0.9421605693685343,0.7110537810022466,0.4037434829406009,True
common,0.88,0.9432324243962573,0.9432324243962573,0.709588870168254,0.4030540423832359,True
common,0.881,0.9443042794239803,0.9443042794239803,0.7081240037380088,0.40236898002587046,True
common,0.882,0.9453761344517033,0.9453761344517033,0.7066591811389689,0.4016883185516358,True
common,0.883,0.9464479894794263,0.9464479894794263,0.7051944027429924,0.4010120807347426,True
common,0.884,0.9475198445071494,0.9475198445071494,0.7037296683359839,0.4003402877685343,True
common,0.885,0.9485916995348724,0.9485916995348724,0.7022649780466184,0.3996729627427731,True
common,0.886,0.9496635545625954,0.9496635545625954,0.7008003318607514,0.3990101271138766,True
common,0.887,0.9507354095903184,0.9507354095903184,0.6993357298330061,0.39835180382805874,True
common,0.888,0.9518072646180414,0.9518072646180414,0.6978711716959518,0.3976980148777987,True
common,0.889,0.9528791196457644,0.9528791196457644,0.6964066577892059,0.3970487820147201,True
common,0.89,0.9539509746734876,0.9539509746734876,0.6949421878846174,0.3964041283132052,True
common,0.891,0.9550228297012106,0.9550228297012106,0.6934777620616339,0.39576407496469934,True
common,0.892,0.9560946847289336,0.9560946847289336,0.6920133803084427,0.3951286445308829,True
common,0.893,0.9571665397566566,0.9571665397566566,0.6905490427209671,0.3944978595594656,True
common,0.894,0.9582383947843796,0.9582383947843796,0.6890847491230145,0.39387174176721174,True
common,0.895,0.9593102498121027,0.9593102498121027,0.6876204996516755,0.39325031323454085,True
common,0.896,0.9603821048398257,0.9603821048398257,0.6861562941660182,0.3926335964906844,True
common,0.897,0.9614539598675487,0.9614539598675487,0.6846921329275446,0.39202161257026386,True
common,0.898,0.9625258148952717,0.9625258148952717,0.6832280154733139,0.39141438461821854,True
common,0.899,0.9635976699229947,0.9635976699229947,0.6817639422221689,0.3908119339378718,True
common,0.9,0.9646695249507177,0.9646695249507177,0.6802999131072074,0.3902142824746751,True
common,0.901,0.9657413799784408,0.9657413799784408,0.6788359279555234,0.389621452461175,True
common,0.902,0.9668132350061638,0.9668132350061638,0.6773719868588213,0.3890334657533892,True
common,0.903,0.9678850900338868,0.9678850900338868,0.6759080900810677,0.38845034412397045,True
common,0.904,0.9689569450616098,0.9689569450616098,0.6744442369816417,0.38787210833981073,True
common,0.905,0.9700288000893328,0.9700288000893328,0.6729804281659257,0.3872987812030395,True
common,0.906,0.9711006551170558,0.9711006551170558,0.67151666327816,0.38673038440185503,True
common,0.907,0.9721725101447789,0.9721725101447789,0.6700529424815471,0.38616693879007485,True
common,0.908,0.9732443651725019,0.9732443651725019,0.6685892659116455,0.3856084665499418,True
common,0.909,0.9743162202002249,0.9743162202002249,0.6671256330810227,0.38505498865578386,True
common,0.91,0.9753880752279479,0.9753880752279479,0.6656620445661732,0.3845065265041885,True
common,0.911,0.9764599302556709,0.9764599302556709,0.6641984999917305,0.3839631015298876,True
common,0.912,0.977531785283394,0.977531785283394,0.66273499959566,0.38342473469794197,True
common,0.913,0.978603640311117,0.978603640311117,0.66127154303397,0.38289144763887795,True
common,0.914,0.97967549533884,0.97967549533884,0.6598081305842163,0.38236326134311327,True
common,0.915,0.980747350366563,0.980747350366563,0.658344762243912,0.381840196523457,True
common,0.916,0.981819205394286,0.981819205394286,0.6568814380298438,0.3813222738310569,True
common,0.917,0.982891060422009,0.982891060422009,0.6554181576684304,0.3808095143472361,True
common,0.918,0.9839629154497321,0.9839629154497321,0.6539549215239804,0.38030193862933426,True
common,0.919,0.9850347704774551,0.9850347704774551,0.6524917292194399,0.3797995679500326,True
common,0.92,0.9861066255051781,0.9861066255051781,0.6510285809629313,0.3793024218485575,True
common,0.921,0.9871784805329011,0.9871784805329011,0.6495654768839065,0.37881052081922656,True
common,0.922,0.9882503355606241,0.9882503355606241,0.6481024169321614,0.37832388572649184,True
common,0.923,0.9893221905883471,0.9893221905883471,0.6466394008050935,0.37784253619248687,True
common,0.924,0.9903940456160703,0.9903940456160703,0.6451764287808359,0.37736649221801716,True
common,0.925,0.9914659006437933,0.9914659006437933,0.6437135008577011,0.3768957739459942,True
common,0.926,0.9925377556715163,0.9925377556715163,0.6422506168315634,0.3764304011584013,True
common,0.927,0.9936096106992393,0.9936096106992393,0.6407877768769721,0.3759703934605433,True
common,0.928,0.9946814657269623,0.9946814657269623,0.6393249809748314,0.3755157703584784,True
common,0.929,0.9957533207546854,0.9957533207546854,0.6378622292061653,0.3750665508895768,True
common,0.93,0.9968251757824084,0.9968251757824084,0.6363995213961582,0.37462275498759207,True
common,0.931,0.9978970308101314,0.9978970308101314,0.6349368575109038,0.3741844010092774,True
common,0.932,0.9989688858378544,0.9989688858378544,0.6334742377263503,0.3737515083715036,True
common,0.933,1.0000407408655774,1.0000407408655774,0.6320116619723759,0.3733240957252963,True
common,0.934,1.0011125958933005,1.0011125958933005,0.6305491301816124,0.37290218190687,True
common,0.935,1.0021844509210234,1.0021844509210234,0.6290866426165609,0.37248578488572986,True
common,0.936,1.0032563059487465,1.0032563059487465,0.6276241987891673,0.3720749234743707,True
common,0.937,1.0043281609764694,1.0043281609764694,0.6261617991458523,0.3716696157068592,True
common,0.9380000000000001,1.0054000160041925,1.0054000160041925,0.6246994434403463,0.37126987924797306,True
common,0.9390000000000001,1.0064718710319156,1.0064718710319156,0.6232371318136032,0.37087573242509214,True
common,0.9400000000000001,1.0075437260596385,1.0075437260596385,0.6217748642195708,0.3704871925218653,True
common,0.9410000000000001,1.0086155810873616,1.0086155810873616,0.6203126405563086,0.37010427716821936,True
common,0.9420000000000001,1.0096874361150845,1.0096874361150845,0.6188504609546897,0.3697270035349394,True
common,0.9430000000000001,1.0107592911428076,1.0107592911428076,0.6173883253317136,0.36935538861259887,True
common,0.9440000000000001,1.0118311461705307,1.0118311461705307,0.6159262338203852,0.3689894495567412,True
common,0.9450000000000001,1.0129030011982536,1.0129030011982536,0.6144641860571731,0.3686292027039663,True
common,0.9460000000000001,1.0139748562259767,1.0139748562259767,0.6130021825292653,0.3682746650668937,True
common,0.9470000000000001,1.0150467112536996,1.0150467112536996,0.6115402229424527,0.3679258523089288,True
common,0.9480000000000001,1.0161185662814227,1.0161185662814227,0.6100783074145744,0.36758278112138376,True
common,0.9490000000000001,1.0171904213091458,1.0171904213091458,0.6086164358239721,0.36724546675923625,True
common,0.9500000000000001,1.0182622763368687,1.0182622763368687,0.6071546082529133,0.3669139254676697,True
common,0.9510000000000001,1.0193341313645918,1.0193341313645918,0.6056928247858862,0.3665881725800058,True
common,0.9520000000000001,1.0204059863923147,1.0204059863923147,0.6042310852116595,0.3662682229719152,True
common,0.9530000000000001,1.0214778414200378,1.0214778414200378,0.6027693895974684,0.3659540920527176,True
common,0.9540000000000001,1.0225496964477607,1.0225496964477607,0.6013077381453735,0.36564579450174967,True
common,0.9550000000000001,1.0236215514754838,1.0236215514754838,0.5998461304920655,0.3653433448065475,True
common,0.9560000000000001,1.024693406503207,1.024693406503207,0.5983845670121779,0.3650467572216034,True
common,0.9570000000000001,1.0257652615309298,1.0257652615309298,0.5969230473266807,0.36475604612868845,True
common,0.9580000000000001,1.026837116558653,1.026837116558653,0.5954615716875944,0.3644712250151782,True
common,0.9590000000000001,1.0279089715863758,1.0279089715863758,0.5940001399871608,0.364192307783149,True
common,0.96,1.0289808266140987,1.0289808266140987,0.5925387525734793,0.3639193076746221,True
common,0.961,1.0300526816418218,1.0300526816418218,0.5910774090099657,0.36365223788166495,True
common,0.962,1.031124536669545,1.031124536669545,0.5896161092088237,0.3633911111179068,True
common,0.963,1.0321963916972678,1.0321963916972678,0.5881548536569081,0.3631359400355081,True
common,0.964,1.033268246724991,1.033268246724991,0.5866936419684832,0.3628867372144337,True
common,0.965,1.0343401017527138,1.0343401017527138,0.5852324742030568,0.3626435144438379,True
common,0.966,1.035411956780437,1.035411956780437,0.5837713505777442,0.3624062837183889,True
common,0.967,1.03648381180816,1.03648381180816,0.5823102708075067,0.36217505653628124,True
common,0.968,1.037555666835883,1.037555666835883,0.5808492351544237,0.36194984422042153,True
common,0.969,1.038627521863606,1.038627521863606,0.5793882434104614,0.3617306578822632,True
common,0.97,1.039699376891329,1.039699376891329,0.5787844021820532,0.36151750807903593,True
common,0.971,1.040771231919052,1.040771231919052,0.5798609241073671,0.3613104053987993,True
common,0.972,1.0418430869467752,1.0418430869467752,0.5809374368101694,0.3611093601071574,True
common,0.973,1.042914941974498,1.042914941974498,0.5820139403435398,0.3609143819825152,True
common,0.974,1.0439867970022212,1.0439867970022212,0.583090434628486,0.3607254807241991,True
common,0.975,1.045058652029944,1.045058652029944,0.5841669196819277,0.36054266564143067,True
common,0.976,1.0461305070576672,1.0461305070576672,0.5852433955167213,0.3603659458002754,True
common,0.977,1.04720236208539,1.04720236208539,0.5863198621088417,0.36019532996653725,True
common,0.978,1.0482742171131132,1.0482742171131132,0.5873963195098253,0.3600308265868019,True
common,0.979,1.0493460721408363,1.0493460721408363,0.5884727676814916,0.35987244384400857,True
common,0.98,1.0504179271685592,1.0504179271685592,0.5895492065993935,0.3597201896122098,True
common,0.981,1.0514897821962823,1.0514897821962823,0.5906256362934403,0.35957407145831205,True
common,0.982,1.0525616372240052,1.0525616372240052,0.5917020567974163,0.3594340966788551,True
common,0.983,1.0536334922517283,1.0536334922517283,0.5927784680628712,0.3593002721954027,True
common,0.984,1.0547053472794514,1.0547053472794514,0.5938548701084678,0.35917260469885937,True
common,0.985,1.0557772023071743,1.0557772023071743,0.5949312629392689,0.3590511005505899,True
common,0.986,1.0568490573348974,1.0568490573348974,0.5960076464903263,0.3589357658047208,True
common,0.987,1.0579209123626203,1.0579209123626203,0.5970840208374906,0.35882660617711465,True
common,0.988,1.0589927673903434,1.0589927673903434,0.5981603859721796,0.35872362706794236,True
common,0.989,1.0600646224180665,1.0600646224180665,0.5992367419094369,0.35862683366301373,True
common,0.99,1.0611364774457894,1.0611364774457894,0.6003130885861019,0.35853623068457713,True
common,0.991,1.0622083324735125,1.0622083324735125,0.6013894260503028,0.35845182269988357,True
common,0.992,1.0632801875012354,1.0632801875012354,0.6024657543244438,0.3583736137966284,True
common,0.993,1.0643520425289585,1.0643520425289585,0.6035420733708996,0.3583016078460285,True
common,0.994,1.0654238975566814,1.0654238975566814,0.6046183831475815,0.35823580836652336,True
common,0.995,1.0664957525844045,1.0664957525844045,0.605694683701663,0.35817621853013043,True
common,0.996,1.0675676076121277,1.0675676076121277,0.6067709750681605,0.3581228413603398,True
common,0.997,1.0686394626398505,1.0686394626398505,0.6078472571849569,0.35807567934234413,True
common,0.998,1.0697113176675737,1.0697113176675737,0.6089235300797635,0.35803473460873814,True
common,0.999,1.0707831726952965,1.0707831726952965,0.6099997937779378,0.3580000091700109,True
common,1.0,1.0718550277230197,1.0718550277230197,0.6110760482679778,0.3579715048082065,True
common,1.0010000000000001,1.0729268827507428,1.0729268827507428,0.612152293493462,0.3579492225090333,True
common,1.002,1.0739987377784657,1.0739987377784657,0.6132285294463191,0.35793316338847087,True
common,1.0030000000000001,1.0750705928061888,1.0750705928061888,0.6143047562267245,0.35792332793542486,True
common,1.004,1.0761424478339117,1.0761424478339117,0.6153809738044136,0.35791971663389116,True
common,1.0050000000000001,1.0772143028616348,1.0772143028616348,0.6164571821545395,0.3579223292546388,True
common,1.006,1.0782861578893579,1.0782861578893579,0.6175333812606709,0.35793116565097116,True
common,1.0070000000000001,1.079358012917081,1.079358012917081,0.6186095711589235,0.3579462250358596,True
common,1.008,1.080429867944804,1.080429867944804,0.6196857518237397,0.35796750640847813,True
common,1.0090000000000001,1.081501722972527,1.081501722972527,0.6207619232520001,0.35799500852866245,True
common,1.01,1.08257357800025,1.08257357800025,0.6218380855169237,0.3580287295997424,True
common,1.0110000000000001,1.083645433027973,1.083645433027973,0.6229142384926334,0.35806866778069096,True
common,1.012,1.084717288055696,1.084717288055696,0.6239903822835347,0.3581148208433397,True
common,1.0130000000000001,1.085789143083419,1.085789143083419,0.6250665168570646,0.3581671858954977,True
common,1.014,1.086860998111142,1.086860998111142,0.6261426421258931,0.3582257602890398,True
common,1.0150000000000001,1.087932853138865,1.087932853138865,0.6272187582799571,0.3582905407967409,True
common,1.016,1.089004708166588,1.089004708166588,0.628294865194079,0.3583615234455458,True
common,1.0170000000000001,1.0900765631943112,1.0900765631943112,0.629370962811393,0.3584387048629075,True
common,1.018,1.0911484182220341,1.0911484182220341,0.6304470512378924,0.35852208029427374,True
common,1.0190000000000001,1.0922202732497572,1.0922202732497572,0.631523130529843,0.3586116456132758,True
common,1.02,1.0932921282774801,1.0932921282774801,0.6325992005161152,0.35870739581918004,True
common,1.0210000000000001,1.0943639833052032,1.0943639833052032,0.6336752612528973,0.3588093256929,True
common,1.022,1.0954358383329261,1.0954358383329261,0.6347513128066917,0.3589174299158399,True
common,1.0230000000000001,1.0965076933606492,1.0965076933606492,0.6358273551292593,0.359031702653036,True
common,1.024,1.0975795483883721,1.0975795483883721,0.6369033882238084,0.3591521376515446,True
common,1.025,1.098651403416095,1.098651403416095,0.6379794121261995,0.3592787288251167,True
common,1.026,1.0997232584438181,1.0997232584438181,0.6390554267770354,0.3594114690969174,True
common,1.027,1.100795113471541,1.100795113471541,0.6401314322122542,0.3595503517533555,True
common,1.028,1.1018669684992641,1.1018669684992641,0.6412074284078306,0.3596953689868551,True
common,1.029,1.1029388235269872,1.1029388235269872,0.6422834153874235,0.35984651380020083,True
common,1.03,1.1040106785547104,1.1040106785547104,0.6433593931839732,0.36000377760923474,True
common,1.031,1.1050825335824332,1.1050825335824332,0.6444353617251708,0.36016715324124415,True
common,1.032,1.1061543886101564,1.1061543886101564,0.6455113210505514,0.3603366306478624,True
common,1.033,1.1072262436378792,1.1072262436378792,0.6465872711455933,0.36051220240797865,True
common,1.034,1.1082980986656024,1.1082980986656024,0.6476632120817949,0.3606938586561409,True
common,1.035,1.1093699536933253,1.1093699536933253,0.6487391437226098,0.360881590417347,True
common,1.036,1.1104418087210484,1.1104418087210484,0.6498150661163993,0.36107538734326533,True
common,1.037,1.1115136637487713,1.1115136637487713,0.6508909793109918,0.36127523999590916,True
common,1.038,1.1125855187764944,1.1125855187764944,0.6519668833300463,0.3614811383688677,True
common,1.039,1.1136573738042173,1.1136573738042173,0.6530427781000658,0.36169307100442777,True
common,1.04,1.1147292288319406,1.1147292288319406,0.6541186636326524,0.36191102808668374,True
common,1.041,1.1158010838596635,1.1158010838596635,0.6551945400113168,0.3621349980456934,True
common,1.042,1.1168729388873866,1.1168729388873866,0.6562704070702363,0.3623649694934203,True
common,1.043,1.1179447939151095,1.1179447939151095,0.6573462649216322,0.3626009308752713,True
common,1.044,1.1190166489428326,1.1190166489428326,0.6584221135987001,0.36284287051872827,True
common,1.045,1.1200885039705555,1.1200885039705555,0.6594979530290868,0.36309077578515,True
common,1.046,1.1211603589982786,1.1211603589982786,0.660573783213525,0.36334463472725775,True
common,1.047,1.1222322140260015,1.1222322140260015,0.6616496042371911,0.36360443446694096,True
common,1.048,1.1233040690537246,1.1233040690537246,0.6627254159970231,0.3638701618333927,True
common,1.049,1.1243759240814475,1.1243759240814475,0.6638012185909759,0.3641418037240765,True
common,1.05,1.1254477791091706,1.1254477791091706,0.6648770119305758,0.3644193476313585,True
common,1.051,1.1265196341368935,1.1265196341368935,0.6659527960338973,0.3647027784077448,True
common,1.052,1.1275914891646168,1.1275914891646168,0.6670285709111656,0.36499208332828426,True
common,1.053,1.1286633441923397,1.1286633441923397,0.6681043365179606,0.36528724724519346,True
common,1.054,1.1297351992200628,1.1297351992200628,0.669180093008015,0.3655882567107193,True
common,1.055,1.1308070542477857,1.1308070542477857,0.6702558402303938,0.3658950961891223,True
common,1.056,1.1318789092755088,1.1318789092755088,0.6713315781917695,0.3662077514683934,True
common,1.057,1.1329507643032317,1.1329507643032317,0.6724073069882763,0.36652620702461425,True
common,1.058,1.1340226193309548,1.1340226193309548,0.6734830265447522,0.36685044799478694,True
common,1.059,1.1350944743586777,1.1350944743586777,0.6745587368923056,0.36718045837145424,True
common,1.06,1.1361663293864008,1.1361663293864008,0.6756344380021595,0.3675162228980639,True
common,1.061,1.1372381844141237,1.1372381844141237,0.6767101298549294,0.3678577255160376,True
common,1.062,1.1383100394418468,1.1383100394418468,0.6777858125434522,0.36820494933381587,True
common,1.063,1.13938189446957,1.13938189446957,0.6788614859918662,0.36855787910184223,True
common,1.064,1.140453749497293,1.140453749497293,0.6799371502060114,0.3689164975954442,True
common,1.065,1.141525604525016,1.141525604525016,0.6810128052474274,0.3692807877929267,True
common,1.066,1.142597459552739,1.142597459552739,0.6820884510289726,0.36965073308625945,True
common,1.067,1.143669314580462,1.143669314580462,0.6831640875805789,0.3700263162904818,True
common,1.068,1.144741169608185,1.144741169608185,0.6842397149429913,0.37040752049370007,True
common,1.069,1.145813024635908,1.145813024635908,0.6853153330511952,0.37079432735731205,True
common,1.07,1.146884879663631,1.146884879663631,0.6863909419660197,0.37118671959265825,True
common,1.071,1.147956734691354,1.147956734691354,0.6874665415915637,0.37158467868416484,True
common,1.072,1.149028589719077,1.149028589719077,0.688542132071035,0.37198818771304343,True
common,1.073,1.1501004447468,1.1501004447468,0.6896177132888037,0.37239722792362684,True
common,1.074,1.1511722997745233,1.1511722997745233,0.6906932852996372,0.3728117805314889,True
common,1.075,1.1522441548022462,1.1522441548022462,0.6917688480955309,0.37323182717680614,True
common,1.076,1.1533160098299693,1.1533160098299693,0.692844401686632,0.37365734900751546,True
common,1.077,1.1543878648576922,1.1543878648576922,0.6939199460423318,0.37408832752018706,True
common,1.078,1.1554597198854153,1.1554597198854153,0.6949954811892756,0.3745247434682879,True
common,1.079,1.1565315749131382,1.1565315749131382,0.696071007099941,0.37496657776778536,True
common,1.08,1.1576034299408613,1.1576034299408613,0.6971465237903263,0.37541381094162096,True
common,1.081,1.1586752849685842,1.1586752849685842,0.6982220312533927,0.3758664230633606,True
common,1.082,1.1597471399963073,1.1597471399963073,0.6992975295035397,0.37632439563679787,True
common,1.083,1.1608189950240302,1.1608189950240302,0.7003730185280221,0.37678770815566964,True
common,1.084,1.1618908500517533,1.1618908500517533,0.7014484983321689,0.37725634087431265,True
common,1.085,1.1629627050794762,1.1629627050794762,0.7025239689762985,0.3777302732520612,True
common,1.086,1.1640345601071995,1.1640345601071995,0.7035994303428939,0.37820948591928477,True
common,1.087,1.1651064151349224,1.1651064151349224,0.7046748824821703,0.3786939594388068,True
common,1.088,1.1661782701626455,1.1661782701626455,0.7057503253711461,0.3791836715980272,True
common,1.089,1.1672501251903684,1.1672501251903684,0.7068257590723936,0.37967860297570993,True
common,1.09,1.1683219802180915,1.1683219802180915,0.7079011835844695,0.38017873253545226,True
common,1.091,1.1693938352458144,1.1693938352458144,0.7089765988813945,0.38068404001563055,True
common,1.092,1.1704656902735375,1.1704656902735375,0.7100520048981762,0.3811945042272588,True
common,1.093,1.1715375453012604,1.1715375453012604,0.7111274017393199,0.3817101048069021,True
common,1.094,1.1726094003289835,1.1726094003289835,0.7122027893129323,0.38223082037942935,True
common,1.095,1.1736812553567064,1.1736812553567064,0.7132781677328226,0.38275662977702574,True
common,1.096,1.1747531103844295,1.1747531103844295,0.714353536890977,0.3832875122122767,True
common,1.097,1.1758249654121526,1.1758249654121526,0.7154288968340472,0.38382344588781736,True
common,1.098,1.1768968204398758,1.1768968204398758,0.7165042475655192,0.384364410256244,True
common,1.099,1.1779686754675986,1.1779686754675986,0.7175795890895231,0.3849103833755521,True
common,1.1,1.1790405304953218,1.1790405304953218,0.7186549213759608,0.385461344083706,True
common,1.101,1.1801123855230446,1.1801123855230446,0.7197302443911369,0.38601727025708743,True
common,1.102,1.1811842405507678,1.1811842405507678,0.7208055582450412,0.38657814053887435,True
common,1.103,1.1822560955784907,1.1822560955784907,0.7218808628854712,0.38714393401512603,True
common,1.104,1.1833279506062138,1.1833279506062138,0.7229561582649535,0.3877146275885346,True
common,1.105,1.1843998056339367,1.1843998056339367,0.7240314444503126,0.3882902008813508,True
common,1.106,1.1854716606616598,1.1854716606616598,0.7251067214071316,0.3888706302867049,True
common,1.107,1.1865435156893827,1.1865435156893827,0.7261819891968724,0.38945589578430445,True
common,1.108,1.187615370717106,1.187615370717106,0.7272572477127648,0.39004597393756923,True
common,1.109,1.1886872257448289,1.1886872257448289,0.7283324970333016,0.39064084356860035,True
common,1.11,1.189759080772552,1.189759080772552,0.7294077371254648,0.39124048285069285,True
common,1.111,1.1908309358002749,1.1908309358002749,0.7304829679619429,0.39184486857882556,True
common,1.112,1.191902790827998,1.191902790827998,0.7315581896142342,0.3924539798233015,True
common,1.113,1.1929746458557209,1.1929746458557209,0.732633402030769,0.3930677934840376,True
common,1.114,1.194046500883444,1.194046500883444,0.7337086052504493,0.3936862874508541,True
common,1.115,1.1951183559111669,1.1951183559111669,0.7347837992819684,0.39430944075449326,True
common,1.116,1.19619021093889,1.19619021093889,0.7358589840216201,0.39493723009558535,True
common,1.117,1.1972620659666129,1.1972620659666129,0.7369341595504397,0.3955696326436205,True
common,1.118,1.198333920994336,1.198333920994336,0.7380093259075959,0.39620662760501274,True
common,1.119,1.199405776022059,1.199405776022059,0.7390844830208243,0.396848191493273,True
common,1.12,1.2004776310497822,1.2004776310497822,0.7401596308996394,0.39749430301834904,True
common,1.121,1.2015494860775051,1.2015494860775051,0.7412347695811894,0.39814493817779883,True
common,1.122,1.2026213411052282,1.2026213411052282,0.7423098990595456,0.3988000766156946,True
common,1.123,1.2036931961329511,1.2036931961329511,0.7433850192487657,0.39945969418772986,True
common,1.124,1.2047650511606742,1.2047650511606742,0.7444601302919684,0.40012377002033633,True
common,1.125,1.2058369061883971,1.2058369061883971,0.7455352320912656,0.4007922810967774,True
common,1.1260000000000001,1.2069087612161202,1.2069087612161202,0.7466103246854816,0.4014652053772378,True
common,1.127,1.2079806162438431,1.2079806162438431,0.7476854080462947,0.402142519981561,True
common,1.1280000000000001,1.2090524712715662,1.2090524712715662,0.7487604821814431,0.40282420318254064,True
common,1.129,1.2101243262992891,1.2101243262992891,0.7498355470775819,0.40351023239204065,True
common,1.1300000000000001,1.2111961813270122,1.2111961813270122,0.7509106028020462,0.4042005849371826,True
common,1.131,1.2122680363547353,1.2122680363547353,0.7519856492797405,0.4048952388658624,True
common,1.1320000000000001,1.2133398913824585,1.2133398913824585,0.7530606865276512,0.40559417215170585,True
common,1.133,1.2144117464101813,1.2144117464101813,0.7541357145824157,0.4062973624571649,True
common,1.1340000000000001,1.2154836014379045,1.2154836014379045,0.7552107334135028,0.40700478652142774,True
common,1.135,1.2165554564656273,1.2165554564656273,0.7562857430615466,0.40771642349747755,True
common,1.1360000000000001,1.2176273114933505,1.2176273114933505,0.7573607434420926,0.40843225097688557,True
common,1.137,1.2186991665210734,1.2186991665210734,0.7584357345982728,0.4091522447925475,True
common,1.1380000000000001,1.2197710215487965,1.2197710215487965,0.7595107165775494,0.40987638560160017,True
common,1.139,1.2208428765765194,1.2208428765765194,0.7605856892635932,0.4106046501477634,True
common,1.1400000000000001,1.2219147316042425,1.2219147316042425,0.7616606528148107,0.41133701600936445,True
common,1.141,1.2229865866319654,1.2229865866319654,0.762735607091547,0.4120734627001448,True
common,1.1420000000000001,1.2240584416596887,1.2240584416596887,0.7638105521660998,0.4128139653733491,True
common,1.143,1.2251302966874116,1.2251302966874116,0.7648854880385358,0.41355850383912807,True
common,1.1440000000000001,1.2262021517151347,1.2262021517151347,0.7659604146964205,0.4143070560807069,True
common,1.145,1.2272740067428576,1.2272740067428576,0.7670353320783363,0.41505960013498105,True
common,1.1460000000000001,1.2283458617705807,1.2283458617705807,0.7681102403028994,0.4158161141450957,True
common,1.147,1.2294177167983036,1.2294177167983036,0.7691851392633064,0.4165765767307407,True
common,1.1480000000000001,1.2304895718260267,1.2304895718260267,0.7702600290623751,0.4173409647464804,True
common,1.149,1.2315614268537496,1.2315614268537496,0.771334909581245,0.41810925783287184,True
common,1.1500000000000001,1.2326332818814727,1.2326332818814727,0.772409780949812,0.41888143319216353,True
common,1.151,1.2337051369091956,1.2337051369091956,0.7734846430565767,0.4196574706153632,True
common,1.1520000000000001,1.2347769919369187,1.2347769919369187,0.7745594959679525,0.42043734683585077,True
common,1.153,1.2358488469646416,1.2358488469646416,0.7756343396550514,0.4212210417333386,True
common,1.154,1.2369207019923647,1.2369207019923647,0.7767091740561893,0.42200853393849624,True
common,1.155,1.2379925570200878,1.2379925570200878,0.7777839993244995,0.4227998011897709,True
common,1.156,1.2390644120478107,1.2390644120478107,0.7788588153516462,0.42359482282205085,True
common,1.157,1.2401362670755338,1.2401362670755338,0.7799336221592013,0.4243935771354957,True
common,1.158,1.2412081221032567,1.2412081221032567,0.781008419723328,0.4251960430350533,True
common,1.159,1.2422799771309798,1.2422799771309798,0.7820832081081086,0.426002199180409,True
common,1.16,1.2433518321587027,1.2433518321587027,0.7831579873016192,0.42681202457062173,True
common,1.161,1.2444236871864258,1.2444236871864258,0.7842327572254004,0.4276254984205978,True
common,1.162,1.2454955422141487,1.2454955422141487,0.7853075179514946,0.4284425992782058,True
common,1.163,1.2465673972418718,1.2465673972418718,0.7863822694127887,0.42926330654963557,True
common,1.164,1.2476392522695947,1.2476392522695947,0.7874570116787494,0.43008760024858117,True
common,1.165,1.248711107297318,1.248711107297318,0.7885317447822282,0.43091545804819265,True
common,1.166,1.249782962325041,1.249782962325041,0.7896064686063298,0.43174686127765877,True
common,1.167,1.250854817352764,1.250854817352764,0.7906811832162131,0.4325817870573991,True
common,1.168,1.251926672380487,1.251926672380487,0.7917558886377241,0.4334202167009851,True
common,1.169,1.25299852740821,1.25299852740821,0.7928305848452832,0.43426212782762724,True
common,1.17,1.254070382435933,1.254070382435933,0.7939052717681361,0.4351075016958447,True
common,1.171,1.255142237463656,1.255142237463656,0.794979949608432,0.43595631753108915,True
common,1.172,1.256214092491379,1.256214092491379,0.7960546181133621,0.4368085551959867,True
common,1.173,1.257285947519102,1.257285947519102,0.7971292774330063,0.43766419402517104,True
common,1.174,1.258357802546825,1.258357802546825,0.7982039275607811,0.4385232140757585,True
common,1.175,1.259429657574548,1.259429657574548,0.7992785684205694,0.43938559667146204,True
common,1.176,1.260501512602271,1.260501512602271,0.8003532001220837,0.44025131930453965,True
common,1.177,1.2615733676299943,1.2615733676299943,0.8014278225256022,0.44112036446110436,True
common,1.178,1.2626452226577172,1.2626452226577172,0.8025024358118915,0.4419927108900699,True
common,1.179,1.2637170776854403,1.2637170776854403,0.8035770398143627,0.44286834010451154,True
common,1.18,1.2647889327131632,1.2647889327131632,0.8046516345980081,0.4437472323308673,True
common,1.181,1.2658607877408863,1.2658607877408863,0.8057262201691451,0.44462936770945694,True
common,1.182,1.2669326427686092,1.2669326427686092,0.8068007965195578,0.4455147260247355,True
common,1.183,1.2680044977963323,1.2680044977963323,0.8078753636859948,0.4464032882327889,True
common,1.184,1.2690763528240552,1.2690763528240552,0.8089499216599183,0.44729503618301314,True
common,1.185,1.2701482078517783,1.2701482078517783,0.8100244703413972,0.4481899498845695,True
common,1.186,1.2712200628795012,1.2712200628795012,0.8110990098603277,0.44908801052328134,True
common,1.187,1.2722919179072243,1.2722919179072243,0.8121735401675823,0.4499891986308924,True
common,1.188,1.2733637729349474,1.2733637729349474,0.8132480612045523,0.4508934952616663,True
common,1.189,1.2744356279626705,1.2744356279626705,0.81432257304761,0.4518008825863257,True
common,1.19,1.2755074829903934,1.2755074829903934,0.8153970756728524,0.45271134150486064,True
common,1.191,1.2765793380181165,1.2765793380181165,0.8164715690992086,0.4536248525684336,True
common,1.192,1.2776511930458394,1.2776511930458394,0.8175460533237255,0.4545413973158316,True
common,1.193,1.2787230480735625,1.2787230480735625,0.8186205283018722,0.4554609576270651,True
common,1.194,1.2797949031012854,1.2797949031012854,0.819694994034148,0.4563835156131033,True
common,1.195,1.2808667581290085,1.2808667581290085,0.8207694505913188,0.4573090528004332,True
common,1.196,1.2819386131567314,1.2819386131567314,0.8218438979634923,0.4582375495284988,True
common,1.197,1.2830104681844545,1.2830104681844545,0.8229183360549563,0.45916898933970823,True
common,1.198,1.2840823232121774,1.2840823232121774,0.8239927649212442,0.4601033536099742,True
common,1.199,1.2851541782399007,1.2851541782399007,0.8250671846219748,0.46104062446194743,True
common,1.2,1.2862260332676236,1.2862260332676236,0.8261415950729156,0.46198078402589615,True
common,1.201,1.2872978882953467,1.2872978882953467,0.8272159963024217,0.46292381487500966,True
common,1.202,1.2883697433230696,1.2883697433230696,0.8282903884008541,0.4638696979880589,True
common,1.203,1.2894415983507928,1.2894415983507928,0.8293647712239172,0.46481841794985207,True
common,1.204,1.2905134533785156,1.2905134533785156,0.8304391448195836,0.46576995570118973,True
common,1.205,1.2915853084062388,1.2915853084062388,0.8315135092116344,0.46672429392570075,True
common,1.206,1.2926571634339616,1.2926571634339616,0.8325878643410389,0.46768141612275665,True
common,1.207,1.2937290184616848,1.2937290184616848,0.8336622102816826,0.4686413041287735,True
common,1.208,1.2948008734894076,1.2948008734894076,0.8347365470362966,0.4696039418565497,True
common,1.209,1.2958727285171308,1.2958727285171308,0.8358108745748716,0.4705693114605556,True
common,1.21,1.2969445835448536,1.2969445835448536,0.8368851928436838,0.471537396178869,True
common,1.211,1.298016438572577,1.298016438572577,0.837959501938712,0.4725081791485689,True
common,1.212,1.2990882936002999,1.2990882936002999,0.8390338018114507,0.4734816434523908,True
common,1.213,1.300160148628023,1.300160148628023,0.8401080924829607,0.474457772983943,True
common,1.214,1.3012320036557459,1.3012320036557459,0.8411823739063462,0.4754365516061853,True
common,1.215,1.302303858683469,1.302303858683469,0.8422566461624759,0.476417960971956,True
common,1.216,1.3033757137111919,1.3033757137111919,0.8433309091262942,0.477401985895492,True
common,1.217,1.304447568738915,1.304447568738915,0.844405162938977,0.4783886108024859,True
common,1.218,1.3055194237666379,1.3055194237666379,0.8454794075066996,0.47937781772792365,True
common,1.219,1.306591278794361,1.306591278794361,0.8465536429076881,0.48036959178258526,True
common,1.22,1.3076631338220839,1.3076631338220839,0.8476278690015993,0.48136391668828876,True
common,1.221,1.308734988849807,1.308734988849807,0.8487020859812677,0.48236077706740804,True
common,1.222,1.30980684387753,1.30980684387753,0.8497762936725328,0.4833601560697125,True
common,1.223,1.3108786989052532,1.3108786989052532,0.8508504921714843,0.48436203881072276,True
common,1.224,1.311950553932976,1.311950553932976,0.8519246814327253,0.48536640846038565,True
common,1.225,1.3130224089606992,1.3130224089606992,0.8529988614985662,0.486373251043543,True
common,1.226,1.314094263988422,1.314094263988422,0.8540730323835399,0.4873825498551421,True
common,1.227,1.3151661190161452,1.3151661190161452,0.8551471939755473,0.48839428948931407,True
common,1.228,1.316237974043868,1.316237974043868,0.8562213464012203,0.4894084562004379,True
common,1.229,1.3173098290715912,1.3173098290715912,0.8572954896251317,0.4904250328643181,True
common,1.23,1.318381684099314,1.318381684099314,0.8583696235943461,0.4914440055590659,True
common,1.231,1.3194535391270372,1.3194535391270372,0.8594437483939288,0.4924653583055449,True
common,1.232,1.3205253941547601,1.3205253941547601,0.860517863903576,0.49348907707352385,True
common,1.233,1.3215972491824834,1.3215972491824834,0.861591970279818,0.49451514656168954,True
common,1.234,1.3226691042102063,1.3226691042102063,0.8626660674349584,0.495543552533176,True
common,1.235,1.3237409592379294,1.3237409592379294,0.8637401553180046,0.49657427966348205,True
common,1.236,1.3248128142656523,1.3248128142656523,0.8648142340062726,0.4976073140097891,True
common,1.237,1.3258846692933755,1.3258846692933755,0.8658883034611708,0.4986426388253153,True
common,1.238,1.3269565243210983,1.3269565243210983,0.8669623638290158,0.4996802432893256,True
common,1.239,1.3280283793488215,1.3280283793488215,0.8680364148044406,0.5007201117978282,True
common,1.24,1.3291002343765443,1.3291002343765443,0.8691104566544317,0.5017622288161433,True
common,1.241,1.3301720894042675,1.3301720894042675,0.8701844892452626,0.5028065815626719,True
common,1.242,1.3312439444319903,1.3312439444319903,0.8712585126802508,0.5038531552733977,True
common,1.243,1.3323157994597135,1.3323157994597135,0.8723325268571003,0.5049019361554173,True
common,1.244,1.3333876544874363,1.3333876544874363,0.8734065318753426,0.5059529122462378,True
common,1.245,1.3344595095151597,1.3344595095151597,0.8744805276424739,0.5070060660457469,True
common,1.246,1.3355313645428826,1.3355313645428826,0.8755545141822862,0.5080613858012252,True
common,1.247,1.3366032195706057,1.3366032195706057,0.8766284914947131,0.5091188585636754,True
common,1.248,1.3376750745983286,1.3376750745983286,0.8777024595936656,0.5101784693792436,True
common,1.249,1.3387469296260517,1.3387469296260517,0.8787764185043345,0.5112402057083847,True
common,1.25,1.3398187846537746,1.3398187846537746,0.8798503681828107,0.5123040547734317,True
common,1.2510000000000001,1.3408906396814977,1.3408906396814977,0.8809243086907226,0.5133700013563199,True
common,1.252,1.3419624947092206,1.3419624947092206,0.8819982399076443,0.5144380347004405,True
common,1.2530000000000001,1.3430343497369437,1.3430343497369437,0.8830721619794812,0.5155081394718547,True
common,1.254,1.3441062047646666,1.3441062047646666,0.8841460748317043,0.5165803042417355,True
common,1.2550000000000001,1.3451780597923897,1.3451780597923897,0.8852199784106896,0.5176545155598956,True
common,1.256,1.3462499148201128,1.3462499148201128,0.8862938728046332,0.5187307591806032,True
common,1.2570000000000001,1.347321769847836,1.347321769847836,0.8873677580285233,0.5198090255910125,True
common,1.258,1.3483936248755588,1.3483936248755588,0.8884416339806744,0.520889299017122,True
common,1.2590000000000001,1.349465479903282,1.349465479903282,0.8895155007168198,0.5219715667511652,True
common,1.26,1.3505373349310048,1.3505373349310048,0.8905893582942914,0.5230558187124148,True
common,1.2610000000000001,1.351609189958728,1.351609189958728,0.891663206636284,0.5241420413703581,True
common,1.262,1.3526810449864508,1.3526810449864508,0.8927370457038397,0.5252302218682149,True
common,1.2630000000000001,1.353752900014174,1.353752900014174,0.8938108756253338,0.5263203481983453,True
common,1.264,1.3548247550418968,1.3548247550418968,0.8948846963289459,0.527412408472477,True
common,1.2650000000000001,1.35589661006962,1.35589661006962,0.8959585077990107,0.5285063902378466,True
common,1.266,1.3569684650973428,1.3569684650973428,0.8970323100552902,0.5296022810073021,True
common,1.2670000000000001,1.3580403201250661,1.3580403201250661,0.8981061030676307,0.5307000697195452,True
common,1.268,1.359112175152789,1.359112175152789,0.8991798868773437,0.5317997442522181,True
common,1.2690000000000001,1.3601840301805121,1.3601840301805121,0.9002536615272283,0.5329012923222359,True
common,1.27,1.361255885208235,1.361255885208235,0.9013274269098592,0.5340047020015206,True
common,1.2710000000000001,1.3623277402359582,1.3623277402359582,0.9024011830490619,0.5351099626169922,True
common,1.272,1.363399595263681,1.363399595263681,0.903474930107484,0.5362170624662719,True
common,1.2730000000000001,1.3644714502914042,1.3644714502914042,0.9045486678390446,0.537325989017331,True
common,1.274,1.365543305319127,1.365543305319127,0.9056223963804677,0.5384367311041793,True
common,1.2750000000000001,1.3666151603468502,1.3666151603468502,0.9066961157338849,0.5395492788900517,True
common,1.276,1.367687015374573,1.367687015374573,0.9077698258592726,0.5406636193356434,True
common,1.2770000000000001,1.3687588704022962,1.3687588704022962,0.9088435267541772,0.5417797416919861,True
common,1.278,1.369830725430019,1.369830725430019,0.9099172184448667,0.5428976348165554,True
common,1.2790000000000001,1.3709025804577424,1.3709025804577424,0.910990900975206,0.5440172878191933,True
common,1.28,1.3719744354854653,1.3719744354854653,0.9120645741638178,0.5451386899969541,True
common,1.281,1.3730462905131882,1.3730462905131882,0.9131382382213005,0.546261830130699,True
common,1.282,1.3741181455409113,1.3741181455409113,0.9142118930670851,0.5473866971547201,True
common,1.283,1.3751900005686342,1.3751900005686342,0.9152855386756809,0.5485132811632993,True
common,1.284,1.3762618555963573,1.3762618555963573,0.9163591751016109,0.549641570434461,True
common,1.285,1.3773337106240802,1.3773337106240802,0.9174328022894307,0.550771555353512,True
common,1.286,1.3784055656518033,1.3784055656518033,0.9185064202763105,0.5519032243081511,True
common,1.287,1.3794774206795262,1.3794774206795262,0.9195800290154099,0.5530365681692472,True
common,1.288,1.3805492757072493,1.3805492757072493,0.920653628595014,0.5541715738946288,True
common,1.289,1.3816211307349722,1.3816211307349722,0.921727218949675,0.5553082338173694,True
common,1.29,1.3826929857626955,1.3826929857626955,0.9228008000555898,0.5564465369859507,True
common,1.291,1.3837648407904184,1.3837648407904184,0.9238743720190845,0.5575864736934049,True
common,1.292,1.3848366958181415,1.3848366958181415,0.9249479346680745,0.5587280322176894,True
common,1.293,1.3859085508458644,1.3859085508458644,0.926021488177553,0.5598712038521407,True
common,1.294,1.3869804058735875,1.3869804058735875,0.9270950324519189,0.5610159769570396,True
common,1.295,1.3880522609013104,1.3880522609013104,0.928168567528076,0.5621623448033835,True
common,1.296,1.3891241159290335,1.3891241159290335,0.9292420933633472,0.5633102944451547,True
common,1.297,1.3901959709567564,1.3901959709567564,0.9303156099931598,0.5644598173297294,True
common,1.298,1.3912678259844795,1.3912678259844795,0.9313891174473565,0.5656109036354282,True
common,1.299,1.3923396810122024,1.3923396810122024,0.9324626156479665,0.5667635438404889,True
common,1.3,1.3934115360399255,1.3934115360399255,0.9335361046545088,0.5679177280008411,True
common,1.301,1.3944833910676484,1.3944833910676484,0.9346095844329438,0.5690734465480678,True
common,1.302,1.3955552460953717,1.3955552460953717,0.9356830549863138,0.5702306894987602,True
common,1.303,1.3966271011230946,1.3966271011230946,0.9367565163672764,0.5713894501890074,True
common,1.304,1.3976989561508177,1.3976989561508177,0.9378299685102509,0.572549715831314,True
common,1.305,1.3987708111785406,1.3987708111785406,0.9389034114257955,0.5737114798272172,True
common,1.306,1.3998426662062637,1.3998426662062637,0.9399768451409884,0.5748747308493597,True
common,1.307,1.4009145212339866,1.4009145212339866,0.941050269644983,0.576039461490614,True
common,1.308,1.4019863762617097,1.4019863762617097,0.9421236849646131,0.5772056610534446,True
common,1.309,1.4030582312894326,1.4030582312894326,0.9431970910561249,0.5783733212882309,True
common,1.31,1.4041300863171557,1.4041300863171557,0.9442704878990904,0.5795424337983015,True
common,1.311,1.4052019413448786,1.4052019413448786,0.9453438755596788,0.5807129889495288,True
common,1.312,1.4062737963726017,1.4062737963726017,0.9464172540182725,0.5818849779447097,True
common,1.313,1.4073456514003249,1.4073456514003249,0.9474906232408542,0.5830583921205851,True
common,1.314,1.408417506428048,1.408417506428048,0.948563983228623,0.5842332233570833,True
common,1.315,1.4094893614557709,1.4094893614557709,0.9496373341396858,0.5854094617213257,True
common,1.316,1.410561216483494,1.410561216483494,0.9507106756942885,0.5865870998520628,True
common,1.317,1.4116330715112169,1.4116330715112169,0.9517840080391027,0.5877661287998824,True
common,1.318,1.41270492653894,1.41270492653894,0.9528573312557631,0.5889465398267316,True
common,1.319,1.4137767815666629,1.4137767815666629,0.9539306451768814,0.5901283251656094,True
common,1.32,1.414848636594386,1.414848636594386,0.9550039499225726,0.5913114750671316,True
common,1.321,1.4159204916221089,1.4159204916221089,0.9560772454859423,0.5924959824688038,True
common,1.322,1.416992346649832,1.416992346649832,0.9571505317835127,0.5936818395204653,True
common,1.323,1.4180642016775549,1.4180642016775549,0.9582238088694184,0.5948690368326368,True
common,1.324,1.4191360567052782,1.4191360567052782,0.9592970768315334,0.5960575665136025,True
common,1.325,1.420207911733001,1.420207911733001,0.960370335492744,0.5972474202471043,True
common,1.326,1.4212797667607242,1.4212797667607242,0.9614435849882863,0.5984385914444862,True
common,1.327,1.422351621788447,1.422351621788447,0.9625168252388794,0.5996310708879954,True
common,1.328,1.4234234768161702,1.4234234768161702,0.9635900562819044,0.6008248509706546,True
common,1.329,1.424495331843893,1.424495331843893,0.964663278142075,0.6020199225932783,True
common,1.33,1.4255671868716162,1.4255671868716162,0.9657364907603938,0.6032162813447295,True
common,1.331,1.426639041899339,1.426639041899339,0.9668096941585214,0.6044139156815029,True
common,1.332,1.4277108969270622,1.4277108969270622,0.9678828883385671,0.6056128199035322,True
common,1.333,1.428782751954785,1.428782751954785,0.9689560733239122,0.6068129865685508,True
common,1.334,1.4298546069825082,1.4298546069825082,0.9700292491365836,0.6080144068978418,True
common,1.335,1.430926462010231,1.430926462010231,0.9711024156842996,0.6092170741202314,True
common,1.336,1.4319983170379544,1.4319983170379544,0.9721755730317749,0.6104209800266437,True
common,1.337,1.4330701720656773,1.4330701720656773,0.9732487212032681,0.6116261179916891,True
common,1.338,1.4341420270934004,1.4341420270934004,0.9743218601215409,0.6128324806507482,True
common,1.339,1.4352138821211233,1.4352138821211233,0.9753949898463121,0.6140400595200357,True
common,1.34,1.4362857371488464,1.4362857371488464,0.9764681103661688,0.6152488495450987,True
common,1.341,1.4373575921765693,1.4373575921765693,0.9775412216678658,0.6164588413477867,True
common,1.342,1.4384294472042924,1.4384294472042924,0.9786143238052158,0.6176700288351576,True
common,1.343,1.4395013022320153,1.4395013022320153,0.9796874166127401,0.618882403819493,True
common,1.344,1.4405731572597384,1.4405731572597384,0.980760500292166,0.6200959606052983,True
common,1.345,1.4416450122874613,1.4416450122874613,0.9818335747558193,0.6213106905000425,True
common,1.346,1.4427168673151844,1.4427168673151844,0.9829066399888453,0.6225265886984708,True
common,1.347,1.4437887223429076,1.4437887223429076,0.9839796959894453,0.6237436467452808,True
common,1.348,1.4448605773706307,1.4448605773706307,0.985052742838699,0.624961856955479,True
common,1.349,1.4459324323983536,1.4459324323983536,0.9861257804372303,0.6261812143157195,True
common,1.35,1.4470042874260767,1.4470042874260767,0.9871988088377193,0.6274017106395632,True
common,1.351,1.4480761424537996,1.4480761424537996,0.9882718280181169,0.6286233403700897,True
common,1.352,1.4491479974815227,1.4491479974815227,0.9893448379900249,0.6298460966994281,True
common,1.353,1.4502198525092456,1.4502198525092456,0.9904178387431184,0.6310699714679405,True
common,1.354,1.4512917075369687,1.4512917075369687,0.9914908303009451,0.6322949610799399,True
common,1.355,1.4523635625646916,1.4523635625646916,0.9925638126408232,0.6335210546543754,True
common,1.356,1.4534354175924147,1.4534354175924147,0.9936367857494854,0.6347482493671319,True
common,1.357,1.4545072726201376,1.4545072726201376,0.9947097497322255,0.6359765364519971,True
common,1.358,1.455579127647861,1.455579127647861,0.9957827043880929,0.6372059108023315,True
common,1.359,1.4566509826755838,1.4566509826755838,0.9968556499312164,0.6384363668942735,True
common,1.36,1.457722837703307,1.457722837703307,0.9979285862015908,0.6396678947210158,True
common,1.361,1.4587946927310298,1.4587946927310298,0.9990015132370633,0.6409004903579207,True
common,1.362,1.459866547758753,1.459866547758753,1.0000744311086551,0.6421341486781612,False
common,1.363,1.4609384027864758,1.4609384027864758,1.0011473398015114,0.6433688614595181,False
common,1.364,1.462010257814199,1.462010257814199,1.0022202392615642,0.6446046238103805,False
common,1.365,1.4630821128419218,1.4630821128419218,1.0032931294567504,0.6458414307473301,False
common,1.366,1.464153967869645,1.464153967869645,1.0043660104980257,0.647079271976347,False
common,1.367,1.4652258228973678,1.4652258228973678,1.0054388822934857,0.6483181454870609,False
common,1.368,1.466297677925091,1.466297677925091,1.0065117448904815,0.6495580426384316,False
common,1.369,1.4673695329528138,1.4673695329528138,1.0075845982635445,0.6507989600174956,False
common,1.37,1.4684413879805371,1.4684413879805371,1.0086574424507222,0.6520408896152102,False
common,1.371,1.46951324300826,1.46951324300826,1.0097302774416006,0.6532838265159796,False
common,1.372,1.4705850980359831,1.4705850980359831,1.0108031032007525,0.654527763461902,False
common,1.373,1.471656953063706,1.471656953063706,1.011875919744365,0.6557726973704873,False
common,1.374,1.4727288080914291,1.4727288080914291,1.0129487270505333,0.657018619273657,False
common,1.375,1.473800663119152,1.473800663119152,1.014021525201425,0.6582655264674718,False
common,1.3760000000000001,1.4748725181468751,1.4748725181468751,1.0150943140920354,0.6595134109760008,False
common,1.377,1.475944373174598,1.475944373174598,1.0161670938195866,0.6607622678393194,False
common,1.3780000000000001,1.4770162282023211,1.4770162282023211,1.0172398643189529,0.6620120920838085,False
common,1.379,1.478088083230044,1.478088083230044,1.0183126255855046,0.6632628783182272,False
common,1.3800000000000001,1.4791599382577671,1.4791599382577671,1.0193853776897965,0.6645146180855267,False
common,1.381,1.4802317932854903,1.4802317932854903,1.0204581205278673,0.6657673091410004,False
common,1.3820000000000001,1.4813036483132134,1.4813036483132134,1.0215308541891788,0.6670209460246559,False
common,1.383,1.4823755033409363,1.4823755033409363,1.0226035786418342,0.6682755222597081,False
common,1.3840000000000001,1.4834473583686594,1.4834473583686594,1.023676293871023,0.6695310322352064,False
common,1.385,1.4845192133963823,1.4845192133963823,1.0247489999493764,0.6707874703085445,False
common,1.3860000000000001,1.4855910684241054,1.4855910684241054,1.0258216966988143,0.6720448316203462,False
common,1.387,1.4866629234518283,1.4866629234518283,1.0268943843901535,0.6733031105329709,False
common,1.3880000000000001,1.4877347784795514,1.4877347784795514,1.027967062734969,0.6745623036412792,False
common,1.389,1.4888066335072743,1.4888066335072743,1.0290397319182354,0.6758224035645082,False
common,1.3900000000000001,1.4898784885349974,1.4898784885349974,1.0301123918934452,0.6770834052716969,False
common,1.391,1.4909503435627203,1.4909503435627203,1.0311850426449887,0.6783453052100317,False
common,1.3920000000000001,1.4920221985904436,1.4920221985904436,1.032257684225002,0.679608096718289,False
common,1.393,1.4930940536181665,1.4930940536181665,1.0333303165726226,0.6808717760079075,False
common,1.3940000000000001,1.4941659086458896,1.4941659086458896,1.0344029397034937,0.6821363366894461,False
common,1.395,1.4952377636736125,1.4952377636736125,1.035475553638321,0.6834017744366314,False
common,1.3960000000000001,1.4963096187013356,1.4963096187013356,1.0365481584081238,0.6846680845851633,False
common,1.397,1.4973814737290585,1.4973814737290585,1.037620753848767,0.685935261393918,False
common,1.3980000000000001,1.4984533287567816,1.4984533287567816,1.0386933401505094,0.687203301281073,False
common,1.399,1.4995251837845045,1.4995251837845045,1.0397659172852736,0.6884721979065953,False
common,1.4000000000000001,1.5005970388122276,1.5005970388122276,1.0408384851155583,0.6897419463591109,False
common,1.401,1.5016688938399505,1.5016688938399505,1.0419110438277812,0.6910125431578894,False
common,1.4020000000000001,1.5027407488676736,1.5027407488676736,1.0429835932704523,0.6922839832617447,False
common,1.403,1.5038126038953965,1.5038126038953965,1.0440561335152032,0.6935562607768522,False
common,1.4040000000000001,1.5048844589231198,1.5048844589231198,1.045128664588546,0.6948293724352421,False
common,1.405,1.5059563139508427,1.5059563139508427,1.0462011864160181,0.6961033121842254,False
common,1.4060000000000001,1.5070281689785658,1.5070281689785658,1.0472736990632336,0.6973780769667821,False
common,1.407,1.5081000240062887,1.5081000240062887,1.0483462024303836,0.6986536606193109,False
common,1.408,1.5091718790340116,1.5091718790340116,1.0494186966370278,0.699930059233554,False
common,1.409,1.5102437340617347,1.5102437340617347,1.0504911816608398,0.7012072685881705,False
common,1.41,1.5113155890894576,1.5113155890894576,1.0515636574636278,0.7024852841477066,False
common,1.411,1.5123874441171807,1.5123874441171807,1.0526361240183135,0.7037641000314887,False
common,1.412,1.5134592991449036,1.5134592991449036,1.0537085814209535,0.7050437129633926,False
common,1.413,1.5145311541726267,1.5145311541726267,1.0547810295628568,0.7063241198656595,False
common,1.414,1.5156030092003496,1.5156030092003496,1.0558534685555898,0.7076053134011709,False
common,1.415,1.516674864228073,1.516674864228073,1.0569258982728424,0.7088872909253774,False
common,1.416,1.5177467192557959,1.5177467192557959,1.0579983187999575,0.710170047011046,False
common,1.417,1.518818574283519,1.518818574283519,1.0590707301677216,0.7114535797015978,False
common,1.418,1.5198904293112419,1.5198904293112419,1.0601431322149524,0.7127378818564359,False
common,1.419,1.520962284338965,1.520962284338965,1.0612155251579214,0.7140229512395038,False
common,1.42,1.5220341393666879,1.5220341393666879,1.0622879088721282,0.7153087813637005,False
common,1.421,1.523105994394411,1.523105994394411,1.063360283351289,0.7165953711867971,False
common,1.422,1.5241778494221339,1.5241778494221339,1.0644326486530131,0.7178827150870928,False
common,1.423,1.525249704449857,1.525249704449857,1.0655050047264747,0.7191708075812919,False
common,1.424,1.5263215594775799,1.5263215594775799,1.0665773515651678,0.7204596454137722,False
common,1.425,1.527393414505303,1.527393414505303,1.067649689209349,0.7217492256061625,False
common,1.426,1.5284652695330259,1.5284652695330259,1.068722017672552,0.7230395430790626,False
common,1.427,1.5295371245607492,1.5295371245607492,1.069794336955121,0.7243305936255,False
common,1.428,1.530608979588472,1.530608979588472,1.0708666470074957,0.7256223737059065,False
common,1.429,1.5316808346161952,1.5316808346161952,1.0719389477704455,0.7269148785169691,False
common,1.43,1.532752689643918,1.532752689643918,1.0730112394020108,0.7282081065657677,False
common,1.431,1.5338245446716412,1.5338245446716412,1.0740835218117084,0.7295020506315895,False
common,1.432,1.534896399699364,1.534896399699364,1.0751557950142376,0.7307967071832072,False
common,1.433,1.5359682547270872,1.5359682547270872,1.0762280589684536,0.7320920754497211,False
common,1.434,1.53704010975481,1.53704010975481,1.077300313826346,0.7333881485164803,False
common,1.435,1.5381119647825332,1.5381119647825332,1.0783725593026094,0.7346849229832612,False
common,1.436,1.539183819810256,1.539183819810256,1.0794447957377273,0.7359823963242481,False
common,1.437,1.5402556748379792,1.5402556748379792,1.0805170228539773,0.7372805638143298,False
common,1.438,1.5413275298657023,1.5413275298657023,1.0815892408125638,0.7385794230070823,False
common,1.439,1.5423993848934254,1.5423993848934254,1.0826614495858644,0.7398789672129716,False
common,1.44,1.5434712399211483,1.5434712399211483,1.0837336490967409,0.7411791955897966,False
common,1.441,1.5445430949488714,1.5445430949488714,1.084805839440628,0.7424801021128768,False
common,1.442,1.5456149499765943,1.5456149499765943,1.0858780205488916,0.7437816876904544,False
common,1.443,1.5466868050043174,1.5466868050043174,1.086950192417846,0.745083942892621,False
common,1.444,1.5477586600320403,1.5477586600320403,1.088022355118412,0.7463868669758531,False
common,1.445,1.5488305150597634,1.5488305150597634,1.0890945086580062,0.747690456320538,False
common,1.446,1.5499023700874863,1.5499023700874863,1.090166652942659,0.7489947070357117,False
common,1.447,1.5509742251152094,1.5509742251152094,1.0912387880351426,0.7502996146080638,False
common,1.448,1.5520460801429323,1.5520460801429323,1.0923109139173826,0.751605178224243,False
common,1.449,1.5531179351706557,1.5531179351706557,1.093383030576156,0.7529113915124106,False
common,1.45,1.5541897901983786,1.5541897901983786,1.0944551379964862,0.7542182512861241,False
common,1.451,1.5552616452261017,1.5552616452261017,1.0955272362301982,0.7555257572732358,False
common,1.452,1.5563335002538246,1.5563335002538246,1.0965993253082118,0.7568339005685537,False
common,1.453,1.5574053552815477,1.5574053552815477,1.097671405123113,0.7581426837164272,False
common,1.454,1.5584772103092706,1.5584772103092706,1.0987434757619985,0.7594520991961268,False
common,1.455,1.5595490653369937,1.5595490653369937,1.1002414868207744,0.76076214567304,False
common,1.456,1.5606209203647166,1.5606209203647166,1.1030272435034627,0.7620728192300535,False
common,1.457,1.5616927753924397,1.5616927753924397,1.1058129545504225,0.7633841158226995,False
common,1.458,1.5627646304201626,1.5627646304201626,1.1085986200039866,0.7646960317331022,False
common,1.459,1.5638364854478857,1.5638364854478857,1.1113842398330132,0.766008566072771,False
common,1.46,1.5649083404756086,1.5649083404756086,1.1141698140601286,0.7673217137334052,False
common,1.461,1.565980195503332,1.565980195503332,1.1169553426864987,0.7686354710714732,False
common,1.462,1.5670520505310548,1.5670520505310548,1.1197408256825137,0.7699498367497976,False
common,1.463,1.568123905558778,1.568123905558778,1.1225262630747412,0.7712648068371449,False
common,1.464,1.5691957605865008,1.5691957605865008,1.1253116548396558,0.7725803774885414,False
common,1.465,1.570267615614224,1.570267615614224,1.1280970010016267,0.7738965445513836,False
common,1.466,1.5713394706419468,1.5713394706419468,1.1308823015378389,0.7752133069621886,False
common,1.467,1.57241132566967,1.57241132566967,1.1336675564758925,0.7765306613900055,False
common,1.468,1.5734831806973928,1.5734831806973928,1.1364527657968915,0.7778486038547896,False
common,1.469,1.574555035725116,1.574555035725116,1.139237929508563,0.7791671319007544,False
common,1.47,1.5756268907528388,1.5756268907528388,1.142023047597862,0.7804862419228437,False
common,1.471,1.576698745780562,1.576698745780562,1.1448081200834737,0.7818059317012548,False
common,1.472,1.577770600808285,1.577770600808285,1.1475931469551393,0.7831261967431026,False
common,1.473,1.5788424558360081,1.5788424558360081,1.150378128205365,0.7844470354115238,False
common,1.474,1.579914310863731,1.579914310863731,1.153163063847018,0.7857684441032388,False
common,1.475,1.5809861658914541,1.5809861658914541,1.155947953867953,0.7870904212243759,False
common,1.476,1.582058020919177,1.582058020919177,1.1587327982928275,0.7884129608074726,False
common,1.477,1.5831298759469001,1.5831298759469001,1.1615175970848157,0.7897360620308673,False
common,1.478,1.584201730974623,1.584201730974623,1.1643023502751704,0.7910597235880864,False
common,1.479,1.5852735860023461,1.5852735860023461,1.1670870578552095,0.7923839378083142,False
common,1.48,1.586345441030069,1.586345441030069,1.169871719794413,0.7937087064811046,False
common,1.481,1.5874172960577921,1.5874172960577921,1.17265633614404,0.7950340251352331,False
common,1.482,1.588489151085515,1.588489151085515,1.1754409068767124,0.7963598908942089,False
common,1.483,1.5895610061132384,1.5895610061132384,1.1782254319916974,0.7976862986219841,False
common,1.484,1.5906328611409613,1.5906328611409613,1.1810099114748507,0.7990132502309836,False
common,1.485,1.5917047161686844,1.5917047161686844,1.1837943453572364,0.8003407383494945,False
common,1.486,1.5927765711964073,1.5927765711964073,1.1865787336499345,0.8016687639106306,False
common,1.487,1.5938484262241304,1.5938484262241304,1.189363076290395,0.8029973223815344,False
common,1.488,1.5949202812518533,1.5949202812518533,1.1921473733350396,0.8043264106062286,False
common,1.489,1.5959921362795764,1.5959921362795764,1.194931624763873,0.8056560269660638,False
common,1.49,1.5970639913072993,1.5970639913072993,1.1977158305718216,0.8069861674896576,False
common,1.491,1.5981358463350224,1.5981358463350224,1.2004999907729075,0.8083168306169793,False
common,1.492,1.5992077013627453,1.5992077013627453,1.2032841053329246,0.8096480134349581,False
common,1.493,1.6002795563904684,1.6002795563904684,1.2060681743098378,0.8109797132773178,False
common,1.494,1.6013514114181913,1.6013514114181913,1.2088521976492794,0.812311926781247,False
common,1.495,1.6024232664459146,1.6024232664459146,1.2116361753920168,0.8136446531025742,False
common,1.496,1.6034951214736375,1.6034951214736375,1.2144201074966054,0.8149778881783647,False
common,1.497,1.6045669765013606,1.6045669765013606,1.2172039940051116,0.8163116294532194,False
common,1.498,1.6056388315290835,1.6056388315290835,1.2199878348907678,0.8176458741006363,False
common,1.499,1.6067106865568066,1.6067106865568066,1.222771630156294,0.8189806209216038,False
common,1.5,1.6077825415845295,1.6077825415845295,1.2255553798048435,0.820315865689534,False
common,1.5010000000000001,1.6088543966122526,1.6088543966122526,1.2283390838362496,0.8216516073273901,False
common,1.502,1.6099262516399755,1.6099262516399755,1.2311227422702187,0.8229878430018702,False
common,1.5030000000000001,1.6109981066676986,1.6109981066676986,1.2339063550784624,0.8243245690594684,False
common,1.504,1.6120699616954215,1.6120699616954215,1.2366899222503003,0.8256617848560834,False
common,1.5050000000000001,1.6131418167231446,1.6131418167231446,1.2394734438368582,0.8269994875973218,False
common,1.506,1.6142136717508677,1.6142136717508677,1.2422569197958033,0.8283376720280167,False
common,1.5070000000000001,1.6152855267785908,1.6152855267785908,1.2450403501375606,0.8296763401173071,False
common,1.508,1.6163573818063137,1.6163573818063137,1.2478237348674037,0.8310154867447372,False
common,1.5090000000000001,1.6174292368340368,1.6174292368340368,1.250607073963328,0.8323551096847842,False
common,1.51,1.6185010918617597,1.6185010918617597,1.253390367445728,0.8336952071671634,False
common,1.5110000000000001,1.6195729468894828,1.6195729468894828,1.256173615320999,0.8350357766684324,False
common,1.512,1.6206448019172057,1.6206448019172057,1.2589568175705224,0.8363768150835933,False
common,1.5130000000000001,1.6217166569449288,1.6217166569449288,1.2617399742020696,0.8377183215198799,False
common,1.514,1.6227885119726517,1.6227885119726517,1.264523085231617,0.8390602913858504,False
common,1.5150000000000001,1.6238603670003748,1.6238603670003748,1.2673061506325078,0.8404027256195166,False
common,1.516,1.6249322220280977,1.6249322220280977,1.270089170425226,0.8417456200193569,False
common,1.5170000000000001,1.626004077055821,1.626004077055821,1.27287214459203,0.8430889718198684,False
common,1.518,1.627075932083544,1.627075932083544,1.2756550731358507,0.8444327794066762,False
common,1.5190000000000001,1.628147787111267,1.628147787111267,1.2784379560798476,0.8457770402602753,False
common,1.52,1.62921964213899,1.62921964213899,1.2812207933827868,0.8471217529676773,False
common,1.5210000000000001,1.630291497166713,1.630291497166713,1.284003585066007,0.8484669138762249,False
common,1.522,1.631363352194436,1.631363352194436,1.2867863311496808,0.8498125213134236,False
common,1.5230000000000001,1.632435207222159,1.632435207222159,1.2895690316202302,0.8511585741538991,False
common,1.524,1.633507062249882,1.633507062249882,1.2923516864686957,0.8525050698714299,False
common,1.5250000000000001,1.634578917277605,1.634578917277605,1.2951342956884937,0.8538520050517422,False
common,1.526,1.635650772305328,1.635650772305328,1.297916859299908,0.8551993777378614,False
common,1.5270000000000001,1.636722627333051,1.636722627333051,1.3006993772796016,0.8565471867769202,False
common,1.528,1.637794482360774,1.637794482360774,1.3034818496438172,0.857895429635147,False
common,1.5290000000000001,1.6388663373884973,1.6388663373884973,1.3062642763927212,0.8592441040837779,False
common,1.53,1.6399381924162202,1.6399381924162202,1.3090466575342519,0.8605932071587753,False
common,1.5310000000000001,1.6410100474439433,1.6410100474439433,1.3118289930518556,0.8619427395473387,False
common,1.532,1.6420819024716662,1.6420819024716662,1.3146112829354295,0.8632926956089483,False
common,1.5330000000000001,1.6431537574993893,1.6431537574993893,1.3173935272113302,0.8646430761510101,False
common,1.534,1.6442256125271122,1.6442256125271122,1.3201757258716529,0.865993876167941,False
common,1.5350000000000001,1.6452974675548353,1.6452974675548353,1.3229578789012986,0.8673450971582324,False
common,1.536,1.6463693225825582,1.6463693225825582,1.3257399863304098,0.8686967341906896,False
common,1.537,1.647441177610281,1.647441177610281,1.3285220481247362,0.870048785846618,False
common,1.538,1.6485130326380042,1.6485130326380042,1.3313040643033514,0.8714012514347249,False
common,1.539,1.649584887665727,1.649584887665727,1.3340860348635908,0.872754127445741,False
common,1.54,1.6506567426934504,1.6506567426934504,1.3368679597980493,0.8741074133640545,False
common,1.541,1.6517285977211733,1.6517285977211733,1.339649839121826,0.8754611059246638,False
common,1.542,1.6528004527488964,1.6528004527488964,1.342431672830624,0.8768152031267219,False
common,1.543,1.6538723077766193,1.6538723077766193,1.3452134609115207,0.8781697026558705,False
common,1.544,1.6549441628043424,1.6549441628043424,1.3479952033713438,0.8795246048962992,False
common,1.545,1.6560160178320653,1.6560160178320653,1.3507769002291115,0.8808799059473927,False
common,1.546,1.6570878728597884,1.6570878728597884,1.353558551443157,0.8822356053048197,False
common,1.547,1.6581597278875113,1.6581597278875113,1.3563401570443223,0.8835916974367732,False
common,1.548,1.6592315829152344,1.6592315829152344,1.3591217170174308,0.8849481865507905,False
common,1.549,1.6603034379429573,1.6603034379429573,1.3619032313832213,0.8863050643269141,False
common,1.55,1.6613752929706804,1.6613752929706804,1.3646847001166362,0.8876623324376371,False
common,1.551,1.6624471479984033,1.6624471479984033,1.367466123236838,0.8890199890863612,False
common,1.552,1.6635190030261267,1.6635190030261267,1.3702475007307147,0.8903780318898775,False
common,1.553,1.6645908580538495,1.6645908580538495,1.3730288326103457,0.8917364579939376,False
common,1.554,1.6656627130815727,1.6656627130815727,1.3758101188923733,0.8930952671039247,False
common,1.555,1.6667345681092955,1.6667345681092955,1.3785913595195542,0.8944544565467193,False
common,1.556,1.6678064231370187,1.6678064231370187,1.3813725545469446,0.8958140254140156,False
common,1.557,1.6688782781647415,1.6688782781647415,1.3841537039257723,0.8971739712217888,False
common,1.558,1.6699501331924647,1.6699501331924647,1.386934807695872,0.8985342907499784,False
common,1.559,1.6710219882201875,1.6710219882201875,1.389715865853547,0.8998949843626999,False
common,1.56,1.6720938432479107,1.6720938432479107,1.3924968783913583,0.901256048823687,False
common,1.561,1.6731656982756336,1.6731656982756336,1.3952778453132142,0.9026174828339603,False
common,1.562,1.6742375533033567,1.6742375533033567,1.3980587665963773,0.9039792873319688,False
common,1.563,1.6753094083310798,1.6753094083310798,1.4008396422664937,0.9053414559678828,False
common,1.564,1.6763812633588029,1.6763812633588029,1.403620472318512,0.9067039896819834,False
common,1.565,1.6774531183865258,1.6774531183865258,1.406401256727885,0.908066885536178,False
common,1.566,1.6785249734142489,1.6785249734142489,1.409181995538633,0.9094301436373131,False
common,1.567,1.6795968284419718,1.6795968284419718,1.4119626887194148,0.9107937608940008,False
common,1.568,1.680668683469695,1.680668683469695,1.4147433362779793,0.912157736481825,False
common,1.569,1.6817405384974178,1.6817405384974178,1.4175239382123173,0.913522067375242,False
common,1.57,1.682812393525141,1.682812393525141,1.4203044945294674,0.9148867526783839,False
common,1.571,1.6838842485528638,1.6838842485528638,1.4230850052348254,0.9162517903309303,False
common,1.572,1.684956103580587,1.684956103580587,1.4258654702953066,0.9176171800022583,False
common,1.573,1.6860279586083098,1.6860279586083098,1.4286458897466825,0.918982918849801,False
common,1.574,1.6870998136360331,1.6870998136360331,1.4314262635650388,0.920349005187213,False
common,1.575,1.688171668663756,1.688171668663756,1.4342065917702485,0.9217154370831476,False
common,1.576,1.6892435236914791,1.6892435236914791,1.436986874347701,0.9230822142337765,False
common,1.577,1.690315378719202,1.690315378719202,1.439767111308754,0.9244493334653824,False
common,1.578,1.6913872337469251,1.6913872337469251,1.4425473026524638,0.9258167957745745,False
common,1.579,1.692459088774648,1.692459088774648,1.4453274483526846,0.9271845960034696,False
common,1.58,1.6935309438023711,1.6935309438023711,1.4481075484578332,0.9285527355792019,False
common,1.581,1.694602798830094,1.694602798830094,1.450887602914408,0.9299212110115906,False
common,1.582,1.6956746538578171,1.6956746538578171,1.453667611751186,0.9312900225917025,False
common,1.583,1.69674650888554,1.69674650888554,1.4564475749708095,0.9326591668018621,False
common,1.584,1.6978183639132631,1.6978183639132631,1.459227492567161,0.9340286426494308,False
common,1.585,1.698890218940986,1.698890218940986,1.462007364552953,0.9353984485417759,False
common,1.586,1.6999620739687094,1.6999620739687094,1.4647871908890941,0.9367685852242802,False
common,1.587,1.7010339289964322,1.7010339289964322,1.4675669716357476,0.9381390479934871,False
common,1.588,1.7021057840241554,1.7021057840241554,1.4703467067283316,0.939509836994086,False
common,1.589,1.7031776390518782,1.7031776390518782,1.4731263962011854,0.940880949995532,False
common,1.59,1.7042494940796014,1.7042494940796014,1.475906040064634,0.9422523862892782,False
common,1.591,1.7053213491073242,1.7053213491073242,1.4786856383059432,0.9436241435115361,False
common,1.592,1.7063932041350474,1.7063932041350474,1.4814651909035859,0.9449962214548795,False
common,1.593,1.7074650591627702,1.7074650591627702,1.4842446978784896,0.9463686171635571,False
common,1.594,1.7085369141904934,1.7085369141904934,1.4870241592445432,0.9477413292413635,False
common,1.595,1.7096087692182163,1.7096087692182163,1.4898035749797311,0.949114356808805,False
common,1.596,1.7106806242459394,1.7106806242459394,1.492582945075771,0.9504876996547682,False
common,1.597,1.7117524792736625,1.7117524792736625,1.4953622695714874,0.9518613545634413,False
common,1.598,1.7128243343013856,1.7128243343013856,1.4981415484355498,0.9532353203691281,False
common,1.599,1.7138961893291085,1.7138961893291085,1.5009207816801817,0.9546095958785071,False
common,1.6,1.7149680443568316,1.7149680443568316,1.5036999692831454,0.9559841797578039,False
common,1.601,1.7160398993845545,1.7160398993845545,1.506479111277903,0.9573590704897968,False
common,1.602,1.7171117544122776,1.7171117544122776,1.509258207641151,0.9587342680048092,False
common,1.603,1.7181836094400005,1.7181836094400005,1.512037258390675,0.9601097680228958,False
common,1.604,1.7192554644677236,1.7192554644677236,1.5148162634933349,0.9614855723186212,False
common,1.605,1.7203273194954465,1.7203273194954465,1.5175952229776746,0.9628616765948137,False
common,1.606,1.7213991745231696,1.7213991745231696,1.5203741368422397,0.9642380820971553,False
common,1.607,1.7224710295508925,1.7224710295508925,1.5231530050840991,0.9656147861342735,False
common,1.608,1.7235428845786158,1.7235428845786158,1.5259318276796385,0.9669917883827368,False
common,1.609,1.7246147396063387,1.7246147396063387,1.5287106046635524,0.968369084938392,False
common,1.61,1.7256865946340618,1.7256865946340618,1.5314893360538706,0.9697466762695995,False
common,1.611,1.7267584496617847,1.7267584496617847,1.5342680217739213,0.9711245612260948,False
common,1.612,1.7278303046895078,1.7278303046895078,1.5370466618872647,0.9725027385132443,False
common,1.613,1.7289021597172307,1.7289021597172307,1.539825256388938,0.9738812064860625,False
common,1.614,1.7299740147449538,1.7299740147449538,1.5426038052277158,0.9752599645295986,False
common,1.615,1.7310458697726767,1.7310458697726767,1.5453823084533358,0.9766390100556959,False
common,1.616,1.7321177248003998,1.7321177248003998,1.5481607660642327,0.97801834182232,False
common,1.617,1.7331895798281227,1.7331895798281227,1.5509391780520798,0.9793979605440623,False
common,1.618,1.7342614348558458,1.7342614348558458,1.5537175444057194,0.9807778613190767,False
common,1.619,1.7353332898835687,1.7353332898835687,1.5564958651377636,0.9821580473229867,False
common,1.62,1.736405144911292,1.736405144911292,1.5592741402270738,0.9835385133839171,False
common,1.621,1.737476999939015,1.737476999939015,1.562052369713296,0.984919260222838,False
common,1.622,1.738548854966738,1.738548854966738,1.5648305535724383,0.9863002861346295,False
common,1.623,1.739620709994461,1.739620709994461,1.5676086917879695,0.9876815911146295,False
common,1.624,1.740692565022184,1.740692565022184,1.570386784385791,0.9890631712806575,False
common,1.625,1.741764420049907,1.741764420049907,1.573164831359808,0.9904450287409172,False
common,1.6260000000000001,1.74283627507763,1.74283627507763,1.5759428326950098,0.9918271590741924,False
common,1.627,1.743908130105353,1.743908130105353,1.5787207884113474,0.9932095627024392,False
common,1.6280000000000001,1.744979985133076,1.744979985133076,1.5814986984893364,0.9945922386462311,False
common,1.629,1.746051840160799,1.746051840160799,1.5842765629577316,0.9959751837362435,False
common,1.6300000000000001,1.747123695188522,1.747123695188522,1.5870543817721572,0.9973583995807829,False
common,1.631,1.7481955502162452,1.7481955502162452,1.589832154988513,0.9987418834473144,False
common,1.6320000000000001,1.7492674052439683,1.7492674052439683,1.592609882581908,1.0001256340698872,False
common,1.633,1.7503392602716912,1.7503392602716912,1.5953875645305704,1.0015096506667274,False
common,1.6340000000000001,1.7514111152994143,1.7514111152994143,1.598165200863444,1.0028939322671084,False
common,1.635,1.7524829703271372,1.7524829703271372,1.6009427915546492,1.0042784772379367,False
common,1.6360000000000001,1.7535548253548603,1.7535548253548603,1.6037203366533803,1.0056632847809683,False
common,1.637,1.7546266803825832,1.7546266803825832,1.6064978360696425,1.0070483532559442,False
common,1.6380000000000001,1.7556985354103063,1.7556985354103063,1.6092752898924423,1.0084336809890857,False
common,1.639,1.7567703904380292,1.7567703904380292,1.6120526980727745,1.0098192690560115,False
common,1.6400000000000001,1.7578422454657523,1.7578422454657523,1.6148300606254162,1.0112051138752476,False
common,1.641,1.7589141004934752,1.7589141004934752,1.6176073775602928,1.0125912161134087,False
common,1.6420000000000001,1.7599859555211985,1.7599859555211985,1.620384648862494,1.0139775731030727,False
common,1.643,1.7610578105489214,1.7610578105489214,1.6231618745395138,1.0153641847427242,False
common,1.6440000000000001,1.7621296655766445,1.7621296655766445,1.6259390545860564,1.0167510504652495,False
common,1.645,1.7632015206043674,1.7632015206043674,1.6287161890014001,1.0181381669931164,False
common,1.6460000000000001,1.7642733756320905,1.7642733756320905,1.6314932777987456,1.019525536292564,False
common,1.647,1.7653452306598134,1.7653452306598134,1.6342703209489273,1.0209131542595826,False
common,1.6480000000000001,1.7664170856875365,1.7664170856875365,1.6370473185008616,1.0223010219749546,False
common,1.649,1.7674889407152594,1.7674889407152594,1.6398242703893673,1.023689137485306,False
common,1.6500000000000001,1.7685607957429825,1.7685607957429825,1.6426011766646154,1.025077498004027,False
common,1.651,1.7696326507707054,1.7696326507707054,1.6453780373175797,1.0264661055845756,False
common,1.6520000000000001,1.7707045057984285,1.7707045057984285,1.6481548523371026,1.0278549584560206,False
common,1.653,1.7717763608261514,1.7717763608261514,1.6509316217207304,1.0292440534114384,False
common,1.6540000000000001,1.7728482158538748,1.7728482158538748,1.653708345481264,1.0306333919441502,False
common,1.655,1.7739200708815976,1.7739200708815976,1.656485023610632,1.0320229716543126,False
common,1.6560000000000001,1.7749919259093208,1.7749919259093208,1.6592616561120987,1.033412792238006,False
common,1.657,1.7760637809370436,1.7760637809370436,1.6620382429808678,1.0348028497669646,False
common,1.6580000000000001,1.7771356359647668,1.7771356359647668,1.6648147842291405,1.0361931480432347,False
common,1.659,1.7782074909924896,1.7782074909924896,1.6675912798149284,1.0375836828928682,False
common,1.6600000000000001,1.7792793460202128,1.7792793460202128,1.670367729795208,1.0389744535679737,False
common,1.661,1.7803512010479356,1.7803512010479356,1.6731441341593767,1.0403654612588498,False
common,1.6620000000000001,1.7814230560756588,1.7814230560756588,1.6759204928880278,1.0417567014188538,False
common,1.663,1.7824949111033817,1.7824949111033817,1.6786968059824603,1.0431481754225485,False
common,1.6640000000000001,1.7835667661311048,1.7835667661311048,1.6814730734483252,1.0445398805274067,False
common,1.665,1.7846386211588279,1.7846386211588279,1.684249295285456,1.0459318190246796,False
common,1.666,1.7857104761865508,1.7857104761865508,1.6870254714842492,1.047323987078776,False
common,1.667,1.7867823312142739,1.7867823312142739,1.6898016020582274,1.04871638411255,False
common,1.668,1.7878541862419968,1.7878541862419968,1.6925776869865627,1.0501090091205125,False
common,1.669,1.7889260412697199,1.7889260412697199,1.6953537263112772,1.0515018612671057,False
common,1.67,1.7899978962974428,1.7899978962974428,1.698129719993735,1.0528949397008938,False
common,1.671,1.7910697513251659,1.7910697513251659,1.7009056680358792,1.0542882432794916,False
common,1.672,1.7921416063528888,1.7921416063528888,1.7036815704591146,1.0556817725381928,False
common,1.673,1.7932134613806119,1.7932134613806119,1.7064574272525612,1.0570755244102283,False
common,1.674,1.7942853164083348,1.7942853164083348,1.709233238410568,1.0584694992769579,False
common,1.675,1.7953571714360579,1.7953571714360579,1.7120090039220437,1.059863695342657,False
common,1.676,1.7964290264637808,1.7964290264637808,1.7147847238327185,1.0612581127357117,False
common,1.677,1.797500881491504,1.797500881491504,1.7175603981054222,1.0626527475064524,False
common,1.678,1.798572736519227,1.798572736519227,1.7203360267473267,1.0640476033701656,False
common,1.679,1.7996445915469501,1.7996445915469501,1.7231116097588428,1.0654426766066227,False
common,1.68,1.800716446574673,1.800716446574673,1.725887147120908,1.0668379664936205,False
common,1.681,1.8017883016023961,1.8017883016023961,1.7286626388672954,1.0682334719277469,False
common,1.682,1.802860156630119,1.802860156630119,1.7314380849688726,1.0696291934218365,False
common,1.683,1.8039320116578421,1.8039320116578421,1.7342134854487101,1.0710251279738223,False
common,1.684,1.805003866685565,1.805003866685565,1.7369888403014344,1.0724212760579965,False
common,1.685,1.8060757217132881,1.8060757217132881,1.7397641495188632,1.0738176362471594,False
common,1.686,1.807147576741011,1.807147576741011,1.7425394131010852,1.0752142089876426,False
common,1.687,1.8082194317687341,1.8082194317687341,1.7453146310616452,1.0766109909511081,False
common,1.688,1.8092912867964572,1.8092912867964572,1.748089803371089,1.0780079831983727,False
common,1.689,1.8103631418241803,1.8103631418241803,1.7508649300661094,1.0794051841605474,False
common,1.69,1.8114349968519032,1.8114349968519032,1.753640011120361,1.0808025942035921,False
common,1.691,1.8125068518796263,1.8125068518796263,1.756415046538784,1.0822002090802703,False
common,1.692,1.8135787069073492,1.8135787069073492,1.7591900363406965,1.0835980318264151,False
common,1.693,1.8146505619350723,1.8146505619350723,1.7619649805035609,1.0849960601615114,False
common,1.694,1.8157224169627952,1.8157224169627952,1.7647398790293978,1.086394292215497,False
common,1.695,1.8167942719905184,1.8167942719905184,1.7675147319266449,1.0877927274713481,False
common,1.696,1.8178661270182412,1.8178661270182412,1.770289539178549,1.0891913660387937,False
common,1.697,1.8189379820459644,1.8189379820459644,1.7730643008253555,1.090590205296469,False
common,1.698,1.8200098370736872,1.8200098370736872,1.775839016806935,1.0919892478596154,False
common,1.699,1.8210816921014106,1.8210816921014106,1.7786136871786429,1.0933884895878558,False
common,1.7,1.8221535471291335,1.8221535471291335,1.781388311913612,1.0947879301576005,False
common,1.701,1.8232254021568566,1.8232254021568566,1.7841628910116203,1.096187569761547,False
common,1.702,1.8242972571845795,1.8242972571845795,1.7869374244728564,1.0975874075097714,False
common,1.703,1.8253691122123026,1.8253691122123026,1.7897119123241656,1.0989874410261913,False
common,1.704,1.8264409672400255,1.8264409672400255,1.7924863545130787,1.100387672017795,False
common,1.705,1.8275128222677486,1.8275128222677486,1.7952607510797747,1.1017880974565089,False
common,1.706,1.8285846772954715,1.8285846772954715,1.7980351020146168,1.1031887178748703,False
common,1.707,1.8296565323231946,1.8296565323231946,1.8008094073075687,1.1045895317703383,False
common,1.708,1.8307283873509175,1.8307283873509175,1.8035836669754723,1.1059905382733248,False
common,1.709,1.8318002423786406,1.8318002423786406,1.8063578810393444,1.1073917362983225,False
common,1.71,1.8328720974063635,1.8328720974063635,1.8091320494139862,1.1087931271300309,False
common,1.711,1.8339439524340868,1.8339439524340868,1.8119061721904361,1.1101947062123871,False
common,1.712,1.8350158074618097,1.8350158074618097,1.8146802493354541,1.1115964770599867,False
common,1.713,1.8360876624895328,1.8360876624895328,1.8174542808142569,1.1129984358640435,False
common,1.714,1.8371595175172557,1.8371595175172557,1.8202282666856529,1.1144005840088997,False
common,1.715,1.8382313725449788,1.8382313725449788,1.8230022069217866,1.1158029182146634,False
common,1.716,1.8393032275727017,1.8393032275727017,1.825776101515597,1.1172054389749888,False
common,1.717,1.8403750826004248,1.8403750826004248,1.8285499504751557,1.1186081470432796,False
common,1.718,1.8414469376281477,1.8414469376281477,1.8313237538072125,1.120011038469772,False
common,1.719,1.8425187926558708,1.8425187926558708,1.8340975114944813,1.121414115360437,False
common,1.72,1.8435906476835937,1.8435906476835937,1.8368712235516393,1.122817374641151,False
common,1.721,1.8446625027113168,1.8446625027113168,1.8396448899865914,1.1242208180607134,False
common,1.722,1.84573435773904,1.84573435773904,1.842418510778654,1.125624441519411,False
common,1.723,1.846806212766763,1.846806212766763,1.845192085931957,1.1270282485151697,False
common,1.724,1.847878067794486,1.847878067794486,1.847965615453906,1.1284322347635816,False
common,1.725,1.848949922822209,1.848949922822209,1.8507390993460549,1.1298364021833542,False
common,1.726,1.850021777849932,1.850021777849932,1.8535125375960138,1.1312407490223089,False
common,1.727,1.851093632877655,1.851093632877655,1.8562859302140633,1.1326452716727817,False
common,1.728,1.852165487905378,1.852165487905378,1.859059277189512,1.1340499738895644,False
common,1.729,1.853237342933101,1.853237342933101,1.8618325785409229,1.1354548519811316,False
common,1.73,1.854309197960824,1.854309197960824,1.864605834251487,1.1368599060786289,False
common,1.731,1.855381052988547,1.855381052988547,1.8673790443366034,1.138265137575381,False
common,1.732,1.85645290801627,1.85645290801627,1.8701522087623879,1.1396705421406534,False
common,1.733,1.8575247630439933,1.8575247630439933,1.8729253275681645,1.1410761220508083,False
common,1.734,1.8585966180717162,1.8585966180717162,1.8756984007539224,1.1424818739907452,False
common,1.735,1.8596684730994393,1.8596684730994393,1.8784714282875759,1.143887799949911,False
common,1.736,1.8607403281271622,1.8607403281271622,1.8812444101796832,1.1452938964073731,False
common,1.737,1.8618121831548853,1.8618121831548853,1.8840173464433008,1.1467001645568864,False
common,1.738,1.8628840381826082,1.8628840381826082,1.8867902370794942,1.1481066033092968,False
common,1.739,1.8639558932103313,1.8639558932103313,1.889563082065926,1.1495132127316778,False
common,1.74,1.8650277482380542,1.8650277482380542,1.8923358814247337,1.1509199906488814,False
common,1.741,1.8660996032657773,1.8660996032657773,1.895108635153342,1.1523269372670597,False
common,1.742,1.8671714582935002,1.8671714582935002,1.8978813432272812,1.1537340521681125,False
common,1.743,1.8682433133212233,1.8682433133212233,1.9006540056829113,1.1551413320846102,False
common,1.744,1.8693151683489462,1.8693151683489462,1.9034266224815632,1.1565487804520864,False
common,1.745,1.8703870233766695,1.8703870233766695,1.9061991936743405,1.1579563937731492,False
common,1.746,1.8714588784043924,1.8714588784043924,1.9089717192022237,1.159364173972821,False
common,1.747,1.8725307334321155,1.8725307334321155,1.9117441990991524,1.1607721167343872,False
common,1.748,1.8736025884598384,1.8736025884598384,1.9145166333727204,1.1621802245953943,False
common,1.749,1.8746744434875615,1.8746744434875615,1.917289022017643,1.1635884952311673,False
common,1.75,1.8757462985152844,1.8757462985152844,1.9200613649790088,1.1649969277878782,False
common,1.7510000000000001,1.8768181535430075,1.8768181535430075,1.92283366235394,1.1664055238592572,False
common,1.752,1.8778900085707304,1.8778900085707304,1.9256059140619675,1.1678142797485065,False
common,1.7530000000000001,1.8789618635984535,1.8789618635984535,1.9283781201586137,1.169223195813302,False
common,1.754,1.8800337186261764,1.8800337186261764,1.9311502806020786,1.1706322724204006,False
common,1.7550000000000001,1.8811055736538995,1.8811055736538995,1.9339223953920848,1.172041508935564,False
common,1.756,1.8821774286816226,1.8821774286816226,1.9366944645845208,1.1734509027464097,False
common,1.7570000000000001,1.8832492837093457,1.8832492837093457,1.939466488110242,1.174860455763481,False
common,1.758,1.8843211387370686,1.8843211387370686,1.9422384660075953,1.1762701661478339,False
common,1.7590000000000001,1.8853929937647917,1.8853929937647917,1.9450103982543765,1.177680032474893,False
common,1.76,1.8864648487925146,1.8864648487925146,1.9477822848872783,1.179090055314873,False
common,1.7610000000000001,1.8875367038202377,1.8875367038202377,1.9505541258736492,1.1805002342772606,False
common,1.762,1.8886085588479606,1.8886085588479606,1.953325921219129,1.1819105676835169,False
common,1.7630000000000001,1.8896804138756838,1.8896804138756838,1.9560976709342648,1.1833210550505964,False
common,1.764,1.8907522689034066,1.8907522689034066,1.9588693749911568,1.1847316965017294,False
common,1.7650000000000001,1.8918241239311298,1.8918241239311298,1.9616410334303613,1.1861424917143155,False
common,1.766,1.8928959789588526,1.8928959789588526,1.9644126462241673,1.187553437859122,False
common,1.7670000000000001,1.893967833986576,1.893967833986576,1.9671842133797024,1.188964536335398,False
common,1.768,1.8950396890142989,1.8950396890142989,1.969955734900064,1.1903757860638282,False
common,1.7690000000000001,1.896111544042022,1.896111544042022,1.972727210785541,1.1917871884644515,False
common,1.77,1.8971833990697449,1.8971833990697449,1.9754986410153164,1.193198737520054,False
common,1.7710000000000001,1.898255254097468,1.898255254097468,1.9782700256270713,1.1946104381012967,False
common,1.772,1.8993271091251909,1.8993271091251909,1.9810413645909852,1.1960222869962214,False
common,1.7730000000000001,1.900398964152914,1.900398964152914,1.9838126579173498,1.1974342845250197,False
common,1.774,1.9014708191806369,1.9014708191806369,1.986583905607886,1.198846429720363,False
common,1.7750000000000001,1.90254267420836,1.90254267420836,1.9893551076652694,1.2002587230551018,False
common,1.776,1.9036145292360829,1.9036145292360829,1.9921262640792858,1.201671161994409,False
common,1.7770000000000001,1.904686384263806,1.904686384263806,1.9948973748457055,1.2030837467764561,False
common,1.778,1.9057582392915289,1.9057582392915289,1.9976684399772293,1.2044964768997837,False
common,1.7790000000000001,1.9068300943192522,1.9068300943192522,2.0004394594826835,1.2059093516108648,False
common,1.78,1.907901949346975,1.907901949346975,2.00321043331797,1.2073223711246293,False
common,1.7810000000000001,1.9089738043746982,1.9089738043746982,2.005981361556408,1.2087355343083723,False
common,1.782,1.910045659402421,1.910045659402421,2.0087522441216143,1.2101488411312076,False
common,1.7830000000000001,1.9111175144301442,1.9111175144301442,2.0115230810654916,1.211562289325644,False
common,1.784,1.912189369457867,1.912189369457867,2.0142938723666792,1.2129758812957838,False
common,1.7850000000000001,1.9132612244855902,1.9132612244855902,2.0170646180235785,1.214389612479172,False
common,1.786,1.914333079513313,1.914333079513313,2.019835318045804,1.21580348564494,False
common,1.7870000000000001,1.9154049345410362,1.9154049345410362,2.0226059724179013,1.2172175004279282,False
common,1.788,1.916476789568759,1.916476789568759,2.0253765811740987,1.2186316538169217,False
common,1.7890000000000001,1.9175486445964822,1.9175486445964822,2.0281471442712973,1.2200459459075377,False
common,1.79,1.9186204996242053,1.9186204996242053,2.03091766171839,1.2214603774834694,False
common,1.7910000000000001,1.9196923546519284,1.9196923546519284,2.0336881335541457,1.222874946861828,False
common,1.792,1.9207642096796513,1.9207642096796513,2.0364585597293483,1.2242896547767732,False
common,1.793,1.9218360647073742,1.9218360647073742,2.0392289402824892,1.2257044990031103,False
common,1.794,1.9229079197350973,1.9229079197350973,2.0419992751820493,1.227119479494154,False
common,1.795,1.9239797747628202,1.9239797747628202,2.0447695644363995,1.228534596378595,False
common,1.796,1.9250516297905433,1.9250516297905433,2.0475398080578855,1.2299498494067194,False
common,1.797,1.9261234848182662,1.9261234848182662,2.0503100060459856,1.2313652369859218,False
common,1.798,1.9271953398459893,1.9271953398459893,2.053080158384213,1.2327807588340367,False
common,1.799,1.9282671948737122,1.9282671948737122,2.0558502650883326,1.2341964148309394,False
common,1.8,1.9293390499014353,1.9293390499014353,2.05862032614591,1.2356122048652771,False
common,1.801,1.9304109049291582,1.9304109049291582,2.0613903415753976,1.2370281277316806,False
common,1.802,1.9314827599568816,1.9314827599568816,2.0641603113507045,1.2384441820076966,False
common,1.803,1.9325546149846045,1.9325546149846045,2.0669302354862973,1.2398603690826508,False
common,1.804,1.9336264700123276,1.9336264700123276,2.069700113979245,1.2412766860035023,False
common,1.805,1.9346983250400505,1.9346983250400505,2.0724699468391172,1.2426931358305433,False
common,1.806,1.9357701800677736,1.9357701800677736,2.0752397340644158,1.2441097156505532,False
common,1.807,1.9368420350954965,1.9368420350954965,2.0780094756155942,1.2455264246903957,False
common,1.808,1.9379138901232196,1.9379138901232196,2.0807791715695467,1.2469432628257864,False
common,1.809,1.9389857451509425,1.9389857451509425,2.0835488218589493,1.2483602311214652,False
common,1.81,1.9400576001786656,1.9400576001786656,2.086318426507827,1.249777326960329,False
common,1.811,1.9411294552063885,1.9411294552063885,2.089087985530369,1.2511945504983022,False
common,1.812,1.9422013102341116,1.9422013102341116,2.0918574988800565,1.2526119020886366,False
common,1.813,1.9432731652618347,1.9432731652618347,2.0946269666150763,1.2540293800857327,False
common,1.814,1.9443450202895578,1.9443450202895578,2.0973963886960267,1.2554469838400726,False
common,1.815,1.9454168753172807,1.9454168753172807,2.1001657651504524,1.2568647155232593,False
common,1.816,1.9464887303450038,1.9464887303450038,2.102935095943048,1.2582825710102417,False
common,1.817,1.9475605853727267,1.9475605853727267,2.10570438110087,1.2597005512312291,False
common,1.818,1.9486324404004498,1.9486324404004498,2.108473620622908,1.2611186561480738,False
common,1.819,1.9497042954281727,1.9497042954281727,2.111242814498182,1.262536886194553,False
common,1.82,1.9507761504558958,1.9507761504558958,2.1140119627411913,1.2639552386365338,False
common,1.821,1.9518480054836187,1.9518480054836187,2.116781065336437,1.2653737151719826,False
common,1.822,1.9529198605113418,1.9529198605113418,2.1195501222787905,1.2667923136793333,False
common,1.823,1.9539917155390647,1.9539917155390647,2.1223191335836944,1.2682110339462505,False
common,1.824,1.955063570566788,1.955063570566788,2.1250880992537358,1.269629876386923,False
common,1.825,1.956135425594511,1.956135425594511,2.127857019274515,1.2710488408704665,False
common,1.826,1.957207280622234,1.957207280622234,2.1306258936691247,1.2724679245689912,False
common,1.827,1.958279135649957,1.958279135649957,2.1333947224148497,1.2738871298484964,False
common,1.828,1.95935099067768,1.95935099067768,2.1361635054934602,1.275306454539151,False
common,1.829,1.960422845705403,1.960422845705403,2.138932242950242,1.2767258984052747,False
common,1.83,1.961494700733126,1.961494700733126,2.1417009347702853,1.278145460683169,False
common,1.831,1.962566555760849,1.962566555760849,2.144469580930697,1.2795651426630668,False
common,1.832,1.963638410788572,1.963638410788572,2.1472381814735875,1.2809849412247507,False
common,1.833,1.964710265816295,1.964710265816295,2.1500067363435793,1.2824048584496182,False
common,1.834,1.965782120844018,1.965782120844018,2.1527752455782867,1.2838248912021766,False
common,1.835,1.966853975871741,1.966853975871741,2.1555437091732133,1.2852450425802688,False
common,1.836,1.9679258308994643,1.9679258308994643,2.15831212712545,1.2866653084137223,False
common,1.837,1.9689976859271872,1.9689976859271872,2.161080499449053,1.2880856908492289,False
common,1.838,1.9700695409549103,1.9700695409549103,2.1638488261148225,1.2895061896013686,False
common,1.839,1.9711413959826332,1.9711413959826332,2.1666171071314966,1.2909268024577685,False
common,1.84,1.9722132510103563,1.9722132510103563,2.1693853425062803,1.292347530623348,False
common,1.841,1.9732851060380792,1.9732851060380792,2.1721535322561825,1.2937683720427637,False
common,1.842,1.9743569610658023,1.9743569610658023,2.1749216763482515,1.2951893271347696,False
common,1.843,1.9754288160935252,1.9754288160935252,2.1776897747952884,1.2966103945272371,False
common,1.844,1.9765006711212483,1.9765006711212483,2.1804578275903763,1.2980315757879124,False
common,1.845,1.9775725261489712,1.9775725261489712,2.1832258347521227,1.2994528698473924,False
common,1.846,1.9786443811766943,1.9786443811766943,2.1859937962755205,1.300874274532751,False
common,1.847,1.9797162362044174,1.9797162362044174,2.1887617121468694,1.3022957906429145,False
common,1.848,1.9807880912321405,1.9807880912321405,2.1915295823842884,1.303717419608355,False
common,1.849,1.9818599462598634,1.9818599462598634,2.1942974069615206,1.305139158188079,False
common,1.85,1.9829318012875865,1.9829318012875865,2.197065185909497,1.3065610063773847,False
common,1.851,1.9840036563153094,1.9840036563153094,2.199832919216016,1.307982965119867,False
common,1.852,1.9850755113430325,1.9850755113430325,2.202600606859484,1.3094050329519678,False
common,1.853,1.9861473663707554,1.9861473663707554,2.2053682488685333,1.310827210390732,False
common,1.854,1.9872192213984785,1.9872192213984785,2.208135845234216,1.3122494961596483,False
common,1.855,1.9882910764262014,1.9882910764262014,2.2109033959455737,1.3136718894361505,False
common,1.856,1.9893629314539245,1.9893629314539245,2.213670901026532,1.3150943907328072,False
common,1.857,1.9904347864816474,1.9904347864816474,2.216438360455786,1.3165170001481106,False
common,1.858,1.9915066415093707,1.9915066415093707,2.219205774252242,1.3179397162455468,False
common,1.859,1.9925784965370936,1.9925784965370936,2.221973142374767,1.319362537849966,False
common,1.86,1.9936503515648167,1.9936503515648167,2.2247404648803593,1.3207854676103725,False
common,1.861,1.9947222065925396,1.9947222065925396,2.2275077417357125,1.3222085022766483,False
common,1.862,1.9957940616202627,1.9957940616202627,2.230274972923385,1.3236316412212905,False
common,1.863,1.9968659166479856,1.9968659166479856,2.233042158496701,1.32505488712555,False
common,1.864,1.9979377716757087,1.9979377716757087,2.2358092984236855,1.326478235427544,False
common,1.865,1.9990096267034316,1.9990096267034316,2.2385763926807023,1.3279016894746332,False
common,1.866,2.0000814817311547,2.0000814817311547,2.2413434412974054,1.3293252471638244,False
common,1.867,2.0011533367588776,2.0011533367588776,2.2441104442873505,1.3307489073773815,False
common,1.868,2.002225191786601,2.002225191786601,2.2468774016242143,1.3321726730753747,False
common,1.869,2.003297046814324,2.003297046814324,2.2496443133084854,1.3335965385144855,False
common,1.87,2.0043689018420467,2.0043689018420467,2.252411179356084,1.3350205076531436,False
common,1.871,2.0054407568697696,2.0054407568697696,2.2551779997538657,1.3364445792234885,False
common,1.872,2.006512611897493,2.006512611897493,2.257944774495524,1.337868750320515,False
common,1.873,2.007584466925216,2.007584466925216,2.2607115036019865,1.3392930251547897,False
common,1.874,2.0086563219529388,2.0086563219529388,2.263478187066015,1.3407173987776442,False
common,1.875,2.009728176980662,2.009728176980662,2.2662448248783607,1.3421418734017911,False
common,1.8760000000000001,2.010800032008385,2.010800032008385,2.2690114170561437,1.3435664481261038,False
common,1.877,2.011871887036108,2.011871887036108,2.271777963570465,1.344991122625852,False
common,1.8780000000000001,2.012943742063831,2.012943742063831,2.274544464456274,1.3464158963478403,False
common,1.879,2.014015597091554,2.014015597091554,2.277310919675246,1.3478407689645129,False
common,1.8800000000000001,2.015087452119277,2.015087452119277,2.280077329261443,1.3492657396528742,False
common,1.881,2.016159307147,2.016159307147,2.282843693193537,1.3506908093498946,False
common,1.8820000000000001,2.017231162174723,2.017231162174723,2.285610011499406,1.3521159778420597,False
common,1.883,2.018303017202446,2.018303017202446,2.288376284127769,1.3535412414922903,False
common,1.8840000000000001,2.019374872230169,2.019374872230169,2.2911425111407313,1.3549666029655278,False
common,1.885,2.020446727257892,2.020446727257892,2.2939086924912977,1.3563920617643477,False
common,1.8860000000000001,2.021518582285615,2.021518582285615,2.2966748281844307,1.3578176166168971,False
common,1.887,2.022590437313338,2.022590437313338,2.299440918255513,1.359243267516462,False
common,1.8880000000000001,2.0236622923410614,2.0236622923410614,2.3022069626726815,1.3606690126350867,False
common,1.889,2.0247341473687843,2.0247341473687843,2.3049729614195047,1.3620948557901396,False
common,1.8900000000000001,2.025806002396507,2.025806002396507,2.3077389145441107,1.3635207926626285,False
common,1.891,2.02687785742423,2.02687785742423,2.310504821995285,1.364946824315341,False
common,1.8920000000000001,2.0279497124519534,2.0279497124519534,2.3132706838306705,1.36637294981293,False
common,1.893,2.0290215674796763,2.0290215674796763,2.3160364999925798,1.3677991695590266,False
common,1.8940000000000001,2.030093422507399,2.030093422507399,2.318802270523823,1.3692254833431967,False
common,1.895,2.031165277535122,2.031165277535122,2.321567995402385,1.370651889223595,False
common,1.8960000000000001,2.0322371325628454,2.0322371325628454,2.3243336746527232,1.3720783885085792,False
common,1.897,2.0333089875905683,2.0333089875905683,2.32709930821946,1.3735049808641548,False
common,1.8980000000000001,2.0343808426182917,2.0343808426182917,2.329864896151379,1.3749316657579127,False
common,1.899,2.0354526976460146,2.0354526976460146,2.3326304384624352,1.3763584411115566,False
common,1.9000000000000001,2.0365245526737374,2.0365245526737374,2.3353959351033238,1.377785308290982,False
common,1.901,2.0375964077014603,2.0375964077014603,2.3381613860883554,1.379212268067924,False
common,1.9020000000000001,2.0386682627291837,2.0386682627291837,2.3409267914378806,1.3806393184973333,False
common,1.903,2.0397401177569066,2.0397401177569066,2.343692151143706,1.3820664574720969,False
common,1.9040000000000001,2.0408119727846294,2.0408119727846294,2.3464574651860803,1.3834936878916861,False
common,1.905,2.0418838278123523,2.0418838278123523,2.3492227335960236,1.38492100820184,False
common,1.9060000000000001,2.0429556828400757,2.0429556828400757,2.3519879563362767,1.3863484183994272,False
common,1.907,2.0440275378677986,2.0440275378677986,2.3547531334511818,1.3877759167744586,False
common,1.9080000000000001,2.0450993928955215,2.0450993928955215,2.357518264909375,1.3892035044524977,False
common,1.909,2.046171247923245,2.046171247923245,2.360283350738046,1.3906311827086058,False
common,1.9100000000000001,2.0472431029509677,2.0472431029509677,2.363048390880984,1.392058947033182,False
common,1.911,2.0483149579786906,2.0483149579786906,2.36581338539279,1.3934867985259562,False
common,1.9120000000000001,2.049386813006414,2.049386813006414,2.368578334257143,1.3949147396524733,False
common,1.913,2.050458668034137,2.050458668034137,2.371343237481527,1.3963427668067243,False
common,1.9140000000000001,2.0515305230618597,2.0515305230618597,2.3741080950349214,1.3977708811483434,False
common,1.915,2.0526023780895826,2.0526023780895826,2.376872906963823,1.3991990819251794,False
common,1.9160000000000001,2.053674233117306,2.053674233117306,2.379637673227719,1.4006273700767868,False
common,1.917,2.054746088145029,2.054746088145029,2.382402393849814,1.4020557440237846,False
common,1.9180000000000001,2.0558179431727517,2.0558179431727517,2.385167068833982,1.40348420326156,False
common,1.919,2.0568897982004746,2.0568897982004746,2.387931698148671,1.404912746297159,False
common,1.92,2.0579616532281975,2.0579616532281975,2.3906962818077804,1.4063413766181023,False
common,1.921,2.059033508255921,2.059033508255921,2.3934608198418528,1.4077700907593789,False
common,1.922,2.0601053632836437,2.0601053632836437,2.396225312221645,1.4091988895292458,False
common,1.923,2.061177218311367,2.061177218311367,2.398989758945602,1.410627773327552,False
common,1.924,2.06224907333909,2.06224907333909,2.4017541600287906,1.4120567409775096,False
common,1.925,2.063320928366813,2.063320928366813,2.404518515458365,1.4134857905689158,False
common,1.926,2.0643927833945357,2.0643927833945357,2.4072828252190703,1.4149149243236696,False
common,1.927,2.065464638422259,2.065464638422259,2.410047089347289,1.41634414044231,False
common,1.928,2.066536493449982,2.066536493449982,2.412811307829499,1.4177734403298454,False
common,1.929,2.067608348477705,2.067608348477705,2.415575480666732,1.4192028218954238,False
common,1.93,2.0686802035054277,2.0686802035054277,2.418339607833808,1.4206322851268676,False
common,1.931,2.069752058533151,2.069752058533151,2.421103689363957,1.4220618305318298,False
common,1.932,2.070823913560874,2.070823913560874,2.4238677252493845,1.423491457331763,False
common,1.933,2.0718957685885973,2.0718957685885973,2.4266317154684525,1.4249211652039615,False
common,1.934,2.07296762361632,2.07296762361632,2.4293956600511146,1.4263509550471591,False
common,1.935,2.074039478644043,2.074039478644043,2.432159558978564,1.4277808233575393,False
common,1.936,2.075111333671766,2.075111333671766,2.4349234122543306,1.4292107739920328,False
common,1.937,2.0761831886994893,2.0761831886994893,2.437687219892415,1.4306408020480097,False
common,1.938,2.077255043727212,2.077255043727212,2.440450981855369,1.4320709104894693,False
common,1.939,2.078326898754935,2.078326898754935,2.4432146981878677,1.433501099615563,False
common,1.94,2.079398753782658,2.079398753782658,2.4459783688521752,1.4349313684240135,False
common,1.941,2.0804706088103813,2.0804706088103813,2.448741993884551,1.4363617152538213,False
common,1.942,2.081542463838104,2.081542463838104,2.4515055732668656,1.4377921399434193,False
common,1.943,2.0826143188658275,2.0826143188658275,2.4542691069866063,1.4392226439000861,False
common,1.944,2.0836861738935504,2.0836861738935504,2.4570325950537764,1.4406532252725406,False
common,1.945,2.0847580289212733,2.0847580289212733,2.459796037486517,1.4420838841967525,False
common,1.946,2.085829883948996,2.085829883948996,2.4625594342578716,1.443514620453824,False
common,1.947,2.0869017389767195,2.0869017389767195,2.465322785377988,1.4449454339805596,False
common,1.948,2.0879735940044424,2.0879735940044424,2.468086090856225,1.4463763244142696,False
common,1.949,2.0890454490321653,2.0890454490321653,2.4708493506776064,1.4478072918334486,False
common,1.95,2.090117304059888,2.090117304059888,2.473612564835992,1.4492383356795528,False
common,1.951,2.0911891590876115,2.0911891590876115,2.4763757333568948,1.4506694552000174,False
common,1.952,2.0922610141153344,2.0922610141153344,2.4791388562239836,1.4521006500504168,False
common,1.953,2.0933328691430573,2.0933328691430573,2.4819019334267223,1.4535319208747317,False
common,1.954,2.09440472417078,2.09440472417078,2.4846649649951646,1.4549632673005979,False
common,1.955,2.0954765791985035,2.0954765791985035,2.4874279509049635,1.456394686834777,False
common,1.956,2.0965484342262264,2.0965484342262264,2.490190891173749,1.4578261826571672,False
common,1.957,2.0976202892539497,2.0976202892539497,2.492953785768015,1.4592577516061833,False
common,1.958,2.0986921442816726,2.0986921442816726,2.4957166347234327,1.4606893962869534,False
common,1.959,2.0997639993093955,2.0997639993093955,2.498479438033263,1.4621211150031075,False
common,1.96,2.1008358543371184,2.1008358543371184,2.501242195686959,1.463552905716075,False
common,1.961,2.1019077093648417,2.1019077093648417,2.5040049076986204,1.4649847714837012,False
common,1.962,2.1029795643925646,2.1029795643925646,2.5067675740325424,1.4664167086224658,False
common,1.963,2.1040514194202875,2.1040514194202875,2.50953019475062,1.4678487187621907,False
common,1.964,2.1051232744480104,2.1051232744480104,2.5122927697844855,1.4692808032717755,False
common,1.965,2.1061951294757337,2.1061951294757337,2.5150552991714092,1.4707129595242017,False
common,1.966,2.1072669845034566,2.1072669845034566,2.5178177829174198,1.4721451872529305,False
common,1.967,2.10833883953118,2.10833883953118,2.5205802210079953,1.4735774861784319,False
common,1.968,2.109410694558903,2.109410694558903,2.52334261345456,1.4750098574472588,False
common,1.969,2.1104825495866257,2.1104825495866257,2.526104960220077,1.4764422993822397,False
common,1.97,2.1115544046143486,2.1115544046143486,2.5288672613578145,1.47787481221561,False
common,1.971,2.112626259642072,2.112626259642072,2.5316295168312686,1.479307396147141,False
common,1.972,2.113698114669795,2.113698114669795,2.5343917266586247,1.4807400510616313,False
common,1.973,2.1147699696975177,2.1147699696975177,2.537153890823407,1.4821727756839556,False
common,1.974,2.1158418247252406,2.1158418247252406,2.5399160093533046,1.4836055701687472,False
common,1.975,2.116913679752964,2.116913679752964,2.5426780822155437,1.4850384340878648,False
common,1.976,2.117985534780687,2.117985534780687,2.5454401094243573,1.4864713683463444,False
common,1.977,2.11905738980841,2.11905738980841,2.548202090989493,1.4879043723447984,False
common,1.978,2.120129244836133,2.120129244836133,2.550964026911151,1.4893374446876924,False
common,1.979,2.121201099863856,2.121201099863856,2.55372591715054,1.4907705853668956,False
common,1.98,2.122272954891579,2.122272954891579,2.5564877617521575,1.4922037952919898,False
common,1.981,2.123344809919302,2.123344809919302,2.5592495607018706,1.4936370728296566,False
common,1.982,2.124416664947025,2.124416664947025,2.562011314002366,1.4950704185927113,False
common,1.983,2.125488519974748,2.125488519974748,2.564773021637623,1.4965038315771655,False
common,1.984,2.126560375002471,2.126560375002471,2.567534683637218,1.4979373125891902,False
common,1.985,2.127632230030194,2.127632230030194,2.5702962999695655,1.4993708611699013,False
common,1.986,2.128704085057917,2.128704085057917,2.5730578706553597,1.5008044761621282,False
common,1.987,2.12977594008564,2.12977594008564,2.575819395681611,1.5022381595040077,False
common,1.988,2.130847795113363,2.130847795113363,2.5785808750527606,1.5036719081010972,False
common,1.989,2.131919650141086,2.131919650141086,2.581342308776813,1.5051057238088597,False
common,1.99,2.132991505168809,2.132991505168809,2.584103696839002,1.5065396049691673,False
common,1.991,2.1340633601965324,2.1340633601965324,2.586865039242414,1.5079735531051381,False
common,1.992,2.1351352152242553,2.1351352152242553,2.589626336015871,1.509407565426907,False
common,1.993,2.136207070251978,2.136207070251978,2.592387587118117,1.510841642570996,False
common,1.994,2.137278925279701,2.137278925279701,2.5951487925613415,1.512275786948722,False
common,1.995,2.1383507803074244,2.1383507803074244,2.597909952376154,1.5137099950728186,False
common,1.996,2.1394226353351473,2.1394226353351473,2.600671066515048,1.5151442672217161,False
common,1.997,2.14049449036287,2.14049449036287,2.6034321349962752,1.5165786062096476,False
common,1.998,2.141566345390593,2.141566345390593,2.606193157823966,1.5180130072247384,False
common,1.999,2.1426382004183164,2.1426382004183164,2.6089541349971213,1.519447473791216,False
common,2.0,2.1437100554460393,2.1437100554460393,2.611715066534903,1.5208820019750315,False
seed_only,-0.25,-0.2679637569307549,1.0718550277230197,1.8884606959483685,1.2234083397975328,False
seed_only,-0.249,-0.2668919019030319,1.0718550277230197,1.8870876543720883,1.222561066962253,False
seed_only,-0.248,-0.26582004687530886,1.0718550277230197,1.885714612524314,1.2217138376137524,False
seed_only,-0.247,-0.26474819184758586,1.0718550277230197,1.884341570387349,1.2208666517275082,False
seed_only,-0.246,-0.26367633681986286,1.0718550277230197,1.8829685279945663,1.220019509355694,False
seed_only,-0.245,-0.2626044817921398,1.0718550277230197,1.881595485300469,1.2191724107012583,False
seed_only,-0.244,-0.2615326267644168,1.0718550277230197,1.8802224423343228,1.2183253559865013,False
seed_only,-0.243,-0.2604607717366938,1.0718550277230197,1.878849399106497,1.2174783450958657,False
seed_only,-0.242,-0.25938891670897074,1.0718550277230197,1.8774763555875484,1.2166313779937685,False
seed_only,-0.241,-0.25831706168124774,1.0718550277230197,1.8761033118108728,1.2157844553613013,False
seed_only,-0.24,-0.2572452066535247,1.0718550277230197,1.8747302677415645,1.2149375766639114,False
seed_only,-0.239,-0.2561733516258017,1.0718550277230197,1.8733572234098217,1.2140907425878313,False
seed_only,-0.238,-0.2551014965980787,1.0718550277230197,1.8719841787814273,1.2132439531294745,False
seed_only,-0.237,-0.2540296415703556,1.0718550277230197,1.8706111338941511,1.2123972081023373,False
seed_only,-0.236,-0.2529577865426326,1.0718550277230197,1.869238088729963,1.2115505078181068,False
seed_only,-0.235,-0.2518859315149096,1.0718550277230197,1.8678650432754518,1.210703852437555,False
seed_only,-0.23399999999999999,-0.25081407648718657,1.0718550277230197,1.8664919975622363,1.209857241876465,False
seed_only,-0.23299999999999998,-0.24974222145946356,1.0718550277230197,1.8651189515718203,1.2090106764782647,False
seed_only,-0.23199999999999998,-0.24867036643174054,1.0718550277230197,1.863745905307046,1.2081641563064829,False
seed_only,-0.231,-0.24759851140401756,1.0718550277230197,1.862372858755168,1.2073176814111852,False
seed_only,-0.23,-0.24652665637629453,1.0718550277230197,1.8609998119654358,1.2064712520992227,False
seed_only,-0.229,-0.2454548013485715,1.0718550277230197,1.859626764865907,1.2056248680184927,False
seed_only,-0.228,-0.2443829463208485,1.0718550277230197,1.8582537175101388,1.204778529983105,False
seed_only,-0.227,-0.24331109129312548,1.0718550277230197,1.8568806698943563,1.2039322374311803,False
seed_only,-0.226,-0.24223923626540245,1.0718550277230197,1.8555076219730626,1.2030859908716127,False
seed_only,-0.225,-0.24116738123767942,1.0718550277230197,1.8541345737917547,1.2022397904599895,False
seed_only,-0.224,-0.24009552620995642,1.0718550277230197,1.8527615253486118,1.201393636134698,False
seed_only,-0.223,-0.2390236711822334,1.0718550277230197,1.8513884766122812,1.2005475279016005,False
seed_only,-0.222,-0.23795181615451036,1.0718550277230197,1.8500154276235525,1.1997014663053969,False
seed_only,-0.221,-0.23687996112678736,1.0718550277230197,1.8486423783555361,1.1988554511147904,False
seed_only,-0.22,-0.23580810609906433,1.0718550277230197,1.8472693287928665,1.1980094827453354,False
seed_only,-0.219,-0.2347362510713413,1.0718550277230197,1.8458962789958955,1.1971635608493023,False
seed_only,-0.218,-0.23366439604361827,1.0718550277230197,1.844523228903694,1.196317685877669,False
seed_only,-0.217,-0.23259254101589527,1.0718550277230197,1.8431501785650228,1.1954718580513353,False
seed_only,-0.216,-0.23152068598817224,1.0718550277230197,1.8417771279233497,1.194626077355881,False
seed_only,-0.215,-0.2304488309604492,1.0718550277230197,1.8404040770458874,1.1937803439250396,False
seed_only,-0.214,-0.2293769759327262,1.0718550277230197,1.8390310258766585,1.1929346576828728,False
seed_only,-0.213,-0.22830512090500318,1.0718550277230197,1.837657974439666,1.1920890190669193,False
seed_only,-0.212,-0.22723326587728016,1.0718550277230197,1.836284922712883,1.191243428075658,False
seed_only,-0.211,-0.22616141084955715,1.0718550277230197,1.834911870740652,1.1903978848912193,False
seed_only,-0.21,-0.22508955582183413,1.0718550277230197,1.8335388184829604,1.1895523893201696,False
seed_only,-0.209,-0.2240177007941111,1.0718550277230197,1.8321657659877255,1.188706942081038,False
seed_only,-0.208,-0.22294584576638807,1.0718550277230197,1.830792713186824,1.1878615426680483,False
seed_only,-0.207,-0.22187399073866507,1.0718550277230197,1.8294196601251755,1.1870161916959325,False
seed_only,-0.20600000000000002,-0.22080213571094207,1.0718550277230197,1.8280466068067769,1.1861708890800597,False
seed_only,-0.20500000000000002,-0.21973028068321904,1.0718550277230197,1.8266735532165734,1.1853256350487362,False
seed_only,-0.20400000000000001,-0.21865842565549604,1.0718550277230197,1.8253004993370903,1.1844804295101539,False
seed_only,-0.203,-0.217586570627773,1.0718550277230197,1.8239274452048315,1.183635272957516,False
seed_only,-0.202,-0.21651471560004998,1.0718550277230197,1.8225543908301889,1.1827901650216768,False
seed_only,-0.201,-0.21544286057232698,1.0718550277230197,1.8211813361498352,1.181945106170322,False
seed_only,-0.2,-0.21437100554460395,1.0718550277230197,1.819808281220947,1.1811000965680536,False
seed_only,-0.199,-0.21329915051688092,1.0718550277230197,1.8184352260203873,1.1802551361593072,False
seed_only,-0.198,-0.2122272954891579,1.0718550277230197,1.817062170531747,1.1794102251958087,False
seed_only,-0.197,-0.2111554404614349,1.0718550277230197,1.8156891148034981,1.178565363589588,False
seed_only,-0.196,-0.21008358543371186,1.0718550277230197,1.8143160588026008,1.1777205517862221,False
seed_only,-0.195,-0.20901173040598883,1.0718550277230197,1.8129430025334292,1.176875790024301,False
seed_only,-0.194,-0.20793987537826583,1.0718550277230197,1.8115699459954948,1.176031077760669,False
seed_only,-0.193,-0.2068680203505428,1.0718550277230197,1.810196889175586,1.1751864158625187,False
seed_only,-0.192,-0.20579616532281977,1.0718550277230197,1.8088238321211536,1.1743418040718243,False
seed_only,-0.191,-0.20472431029509675,1.0718550277230197,1.8074507747801283,1.1734972425278172,False
seed_only,-0.19,-0.20365245526737374,1.0718550277230197,1.806077717175003,1.1726527314940771,False
seed_only,-0.189,-0.20258060023965072,1.0718550277230197,1.8047046593074434,1.1718082711237914,False
seed_only,-0.188,-0.2015087452119277,1.0718550277230197,1.8033316011681455,1.1709638613845608,False
seed_only,-0.187,-0.20043689018420469,1.0718550277230197,1.801958542781401,1.1701195025571571,False
seed_only,-0.186,-0.19936503515648166,1.0718550277230197,1.8005854841143698,1.1692751945029947,False
seed_only,-0.185,-0.19829318012875863,1.0718550277230197,1.7992124251791308,1.1684309377895816,False
seed_only,-0.184,-0.19722132510103563,1.0718550277230197,1.7978393659962677,1.1675867323846951,False
seed_only,-0.183,-0.1961494700733126,1.0718550277230197,1.79646630653012,1.1667425784731873,False
seed_only,-0.182,-0.19507761504558957,1.0718550277230197,1.795093246815993,1.165898475839023,False
seed_only,-0.181,-0.19400576001786654,1.0718550277230197,1.7937201868354569,1.1650544249825245,False
seed_only,-0.18,-0.19293390499014354,1.0718550277230197,1.7923471265717472,1.1642104259760295,False
seed_only,-0.179,-0.1918620499624205,1.0718550277230197,1.7909740660726037,1.1633664787733053,False
seed_only,-0.178,-0.19079019493469748,1.0718550277230197,1.7896010052999456,1.1625225836276636,False
seed_only,-0.177,-0.18971833990697448,1.0718550277230197,1.7882279442567706,1.1616787407497464,False
seed_only,-0.176,-0.18864648487925145,1.0718550277230197,1.7868548829564235,1.1608349506092082,False
seed_only,-0.175,-0.18757462985152842,1.0718550277230197,1.7854818213977275,1.1599912124269216,False
seed_only,-0.174,-0.1865027748238054,1.0718550277230197,1.7841087595575011,1.159147527139572,False
seed_only,-0.173,-0.1854309197960824,1.0718550277230197,1.782735697485216,1.1583038944437638,False
seed_only,-0.172,-0.18435906476835937,1.0718550277230197,1.781362635121564,1.1574603148581895,False
seed_only,-0.17099999999999999,-0.18328720974063634,1.0718550277230197,1.7799895725128412,1.1566167880427887,False
seed_only,-0.16999999999999998,-0.18221535471291334,1.0718550277230197,1.7786165096314477,1.1557733146580826,False
seed_only,-0.16899999999999998,-0.1811434996851903,1.0718550277230197,1.7772434464918163,1.1549298944814963,False
seed_only,-0.16799999999999998,-0.18007164465746728,1.0718550277230197,1.7758703831111555,1.154086527848803,False
seed_only,-0.16699999999999998,-0.17899978962974428,1.0718550277230197,1.774497319440771,1.1532432148546903,False
seed_only,-0.16599999999999998,-0.17792793460202125,1.0718550277230197,1.7731242555278914,1.1523999556596336,False
seed_only,-0.16499999999999998,-0.17685607957429822,1.0718550277230197,1.7717511913456496,1.15155675019455,False
seed_only,-0.16399999999999998,-0.1757842245465752,1.0718550277230197,1.7703781269032826,1.1507135988072477,False
seed_only,-0.16299999999999998,-0.1747123695188522,1.0718550277230197,1.7690050622038989,1.149870501880889,False
seed_only,-0.162,-0.1736405144911292,1.0718550277230197,1.767631997237329,1.1490274588853266,False
seed_only,-0.161,-0.17256865946340616,1.0718550277230197,1.7662589320128985,1.1481844706304012,False
seed_only,-0.16,-0.17149680443568316,1.0718550277230197,1.7648858665360478,1.147341536832237,False
seed_only,-0.159,-0.17042494940796013,1.0718550277230197,1.763512800792788,1.1464986578791103,False
seed_only,-0.158,-0.1693530943802371,1.0718550277230197,1.7621397347898693,1.1456558338114502,False
seed_only,-0.157,-0.1682812393525141,1.0718550277230197,1.7607666685230283,1.1448130647161825,False
seed_only,-0.156,-0.16720938432479107,1.0718550277230197,1.7593936020093848,1.1439703510408499,False
seed_only,-0.155,-0.16613752929706804,1.0718550277230197,1.7580205352204947,1.143127692515791,False
seed_only,-0.154,-0.16506567426934501,1.0718550277230197,1.7566474682057853,1.1422850894582994,False
seed_only,-0.153,-0.163993819241622,1.0718550277230197,1.7552744009168286,1.1414425422502459,False
seed_only,-0.152,-0.16292196421389898,1.0718550277230197,1.7539013333500275,1.1406000507156444,False
seed_only,-0.151,-0.16185010918617596,1.0718550277230197,1.752528265533071,1.1397576149643047,False
seed_only,-0.15,-0.16077825415845295,1.0718550277230197,1.7511551974931816,1.1389152355348462,False
seed_only,-0.149,-0.15970639913072993,1.0718550277230197,1.7497821291505122,1.1380729123384778,False
seed_only,-0.148,-0.1586345441030069,1.0718550277230197,1.7484090605838665,1.1372306452570142,False
seed_only,-0.147,-0.15756268907528387,1.0718550277230197,1.7470359917383993,1.1363884349722864,False
seed_only,-0.146,-0.15649083404756087,1.0718550277230197,1.7456629226463294,1.1355462812149617,False
seed_only,-0.14500000000000002,-0.15541897901983787,1.0718550277230197,1.7442898532799456,1.1347041844593653,False
seed_only,-0.14400000000000002,-0.15434712399211484,1.0718550277230197,1.7429167836716442,1.1338621444837194,False
seed_only,-0.14300000000000002,-0.15327526896439184,1.0718550277230197,1.7415437138150303,1.1330201618959446,False
seed_only,-0.14200000000000002,-0.1522034139366688,1.0718550277230197,1.7401706436893427,1.1321782364387933,False
seed_only,-0.14100000000000001,-0.15113155890894578,1.0718550277230197,1.7387975733171857,1.1313363684421949,False
seed_only,-0.14,-0.15005970388122278,1.0718550277230197,1.7374245026842816,1.1304945580298793,False
seed_only,-0.139,-0.14898784885349975,1.0718550277230197,1.7360514317848574,1.129652805465611,False
seed_only,-0.138,-0.14791599382577672,1.0718550277230197,1.7346783606441152,1.1288111106770105,False
seed_only,-0.137,-0.1468441387980537,1.0718550277230197,1.7333052892655187,1.127969473987526,False
seed_only,-0.136,-0.1457722837703307,1.0718550277230197,1.7319322175925356,1.1271278955505182,False
seed_only,-0.135,-0.14470042874260766,1.0718550277230197,1.7305591456886038,1.1262863755378165,False
seed_only,-0.134,-0.14362857371488463,1.0718550277230197,1.7291860735258346,1.1254449139486735,False
seed_only,-0.133,-0.14255671868716163,1.0718550277230197,1.7278130011108672,1.1246035111136183,False
seed_only,-0.132,-0.1414848636594386,1.0718550277230197,1.7264399284396603,1.1237621669320679,False
seed_only,-0.131,-0.14041300863171557,1.0718550277230197,1.7250668555232496,1.12292088181058,False
seed_only,-0.13,-0.13934115360399257,1.0718550277230197,1.7236937823394305,1.1220796559538413,False
seed_only,-0.129,-0.13826929857626954,1.0718550277230197,1.7223207089060333,1.1212384895584662,False
seed_only,-0.128,-0.13719744354854652,1.0718550277230197,1.7209476352329167,1.1203973823117954,False
seed_only,-0.127,-0.1361255885208235,1.0718550277230197,1.7195745612974545,1.1195563350792468,False
seed_only,-0.126,-0.1350537334931005,1.0718550277230197,1.7182014870949613,1.1187153471063076,False
seed_only,-0.125,-0.13398187846537746,1.0718550277230197,1.7168284126455546,1.1178744195135084,False
seed_only,-0.124,-0.13291002343765443,1.0718550277230197,1.7154553379465476,1.117033551742051,False
seed_only,-0.123,-0.13183816840993143,1.0718550277230197,1.7140822630201447,1.1161927444971882,False
seed_only,-0.122,-0.1307663133822084,1.0718550277230197,1.712709187797934,1.1153519974628523,False
seed_only,-0.121,-0.12969445835448537,1.0718550277230197,1.7113361123547,1.1145113111414782,False
seed_only,-0.12,-0.12862260332676234,1.0718550277230197,1.7099630366712804,1.1136706855368146,False
seed_only,-0.119,-0.12755074829903934,1.0718550277230197,1.708589960692497,1.112830120952039,False
seed_only,-0.118,-0.1264788932713163,1.0718550277230197,1.70721688449742,1.1119896173461556,False
seed_only,-0.11699999999999999,-0.12540703824359328,1.0718550277230197,1.7058438080328697,1.111149175117298,False
seed_only,-0.11599999999999999,-0.12433518321587027,1.0718550277230197,1.7044707313406793,1.1103087941463352,False
seed_only,-0.11499999999999999,-0.12326332818814725,1.0718550277230197,1.7030976543716214,1.109468474835192,False
seed_only,-0.11399999999999999,-0.12219147316042422,1.0718550277230197,1.701724577165531,1.1086282171370274,False
seed_only,-0.11299999999999999,-0.12111961813270121,1.0718550277230197,1.700351499720587,1.1077880214601032,False
seed_only,-0.11199999999999999,-0.1200477631049782,1.0718550277230197,1.6989784220038162,1.1069478879089452,False
seed_only,-0.11099999999999999,-0.11897590807725517,1.0718550277230197,1.6976053440516337,1.1061078166610812,False
seed_only,-0.10999999999999999,-0.11790405304953215,1.0718550277230197,1.6962322658361506,1.1052678075685596,False
seed_only,-0.10899999999999999,-0.11683219802180912,1.0718550277230197,1.6948591873733987,1.1044278611181444,False
seed_only,-0.10799999999999998,-0.11576034299408611,1.0718550277230197,1.693486108680542,1.1035879776047588,False
seed_only,-0.10699999999999998,-0.11468848796636309,1.0718550277230197,1.6921130297095965,1.102748156944508,False
seed_only,-0.10599999999999998,-0.11361663293864006,1.0718550277230197,1.6907399505053045,1.101908399212026,False
seed_only,-0.10500000000000001,-0.11254477791091708,1.0718550277230197,1.6893668710628251,1.1010687048702459,False
seed_only,-0.10400000000000001,-0.11147292288319405,1.0718550277230197,1.6879937913621301,1.1002290738174618,False
seed_only,-0.10300000000000001,-0.11040106785547103,1.0718550277230197,1.6866207114201393,1.099389506535011,False
seed_only,-0.10200000000000001,-0.10932921282774802,1.0718550277230197,1.6852476312080755,1.0985500029483417,False
seed_only,-0.101,-0.10825735780002499,1.0718550277230197,1.6838745507751884,1.097710563219913,False
seed_only,-0.1,-0.10718550277230197,1.0718550277230197,1.6825014700835306,1.0968711876411816,False
seed_only,-0.099,-0.10611364774457895,1.0718550277230197,1.6811283891401185,1.0960318764409536,False
seed_only,-0.098,-0.10504179271685593,1.0718550277230197,1.6797553079514582,1.0951926296568297,False
seed_only,-0.097,-0.10396993768913292,1.0718550277230197,1.6783822265227677,1.0943534473462748,False
seed_only,-0.096,-0.10289808266140989,1.0718550277230197,1.677009144835373,1.0935143299781735,False
seed_only,-0.095,-0.10182622763368687,1.0718550277230197,1.6756360629121447,1.0926752776753186,False
seed_only,-0.094,-0.10075437260596384,1.0718550277230197,1.6742629807505516,1.0918362904531524,False
seed_only,-0.093,-0.09968251757824083,1.0718550277230197,1.6728898983239038,1.090997368543401,False
seed_only,-0.092,-0.09861066255051781,1.0718550277230197,1.67151681564921,1.090158511948909,False
seed_only,-0.091,-0.09753880752279478,1.0718550277230197,1.6701437327375057,1.0893197212245538,False
seed_only,-0.09,-0.09646695249507177,1.0718550277230197,1.6687706495788435,1.0884809964875775,False
seed_only,-0.089,-0.09539509746734874,1.0718550277230197,1.6673975661805285,1.0876423375894166,False
seed_only,-0.088,-0.09432324243962573,1.0718550277230197,1.6660244825424941,1.0868037450890786,False
seed_only,-0.087,-0.0932513874119027,1.0718550277230197,1.6646513986459333,1.085965218985576,False
seed_only,-0.086,-0.09217953238417968,1.0718550277230197,1.6632783145197116,1.0851267591386828,False
seed_only,-0.08499999999999999,-0.09110767735645667,1.0718550277230197,1.6619052301323656,1.0842883664163487,False
seed_only,-0.08399999999999999,-0.09003582232873364,1.0718550277230197,1.660532145504301,1.0834500404630796,False
seed_only,-0.08299999999999999,-0.08896396730101062,1.0718550277230197,1.6591590606386486,1.0826117817425995,False
seed_only,-0.08199999999999999,-0.0878921122732876,1.0718550277230197,1.6577859755258606,1.0817735902824561,False
seed_only,-0.08099999999999999,-0.08682025724556458,1.0718550277230197,1.6564128901618513,1.0809354661993242,False
seed_only,-0.07999999999999999,-0.08574840221784157,1.0718550277230197,1.6550398045790615,1.0800974098868512,False
seed_only,-0.07899999999999999,-0.08467654719011854,1.0718550277230197,1.6536667187253995,1.0792594214047737,False
seed_only,-0.07799999999999999,-0.08360469216239552,1.0718550277230197,1.6522936326407667,1.0784215010733245,False
seed_only,-0.07699999999999999,-0.0825328371346725,1.0718550277230197,1.6509205462995613,1.077583648910597,False
seed_only,-0.07599999999999998,-0.08146098210694948,1.0718550277230197,1.649547459732048,1.0767458651091815,False
seed_only,-0.07499999999999998,-0.08038912707922646,1.0718550277230197,1.6481743729234388,1.075908149949165,False
seed_only,-0.07400000000000001,-0.07931727205150346,1.0718550277230197,1.6468012858745107,1.0750705035996233,False
seed_only,-0.07300000000000001,-0.07824541702378045,1.0718550277230197,1.6454281985755603,1.0742329259891754,False
seed_only,-0.07200000000000001,-0.07717356199605742,1.0718550277230197,1.6440551110350254,1.0733954177636456,False
seed_only,-0.07100000000000001,-0.0761017069683344,1.0718550277230197,1.6426820232385175,1.0725579787567758,False
seed_only,-0.07,-0.07502985194061139,1.0718550277230197,1.641308935230934,1.0717206095573244,False
seed_only,-0.069,-0.07395799691288836,1.0718550277230197,1.6399358469694425,1.0708833097947859,False
seed_only,-0.068,-0.07288614188516535,1.0718550277230197,1.6385627584455165,1.070046079991386,False
seed_only,-0.067,-0.07181428685744232,1.0718550277230197,1.6371896697063182,1.0692089202236887,False
seed_only,-0.066,-0.0707424318297193,1.0718550277230197,1.6358165807256464,1.068371831023383,False
seed_only,-0.065,-0.06967057680199629,1.0718550277230197,1.634443491498816,1.0675348119771018,False
seed_only,-0.064,-0.06859872177427326,1.0718550277230197,1.6330704020154352,1.066697863830933,False
seed_only,-0.063,-0.06752686674655024,1.0718550277230197,1.6316973123161826,1.0658609866730937,False
seed_only,-0.062,-0.06645501171882721,1.0718550277230197,1.6303242223687064,1.0650241803804095,False
seed_only,-0.061,-0.0653831566911042,1.0718550277230197,1.6289511321703865,1.0641874452191025,False
seed_only,-0.06,-0.06431130166338117,1.0718550277230197,1.627578041740363,1.0633507816823706,False
seed_only,-0.059,-0.06323944663565816,1.0718550277230197,1.6262049510876286,1.06251418980474,False
seed_only,-0.057999999999999996,-0.062167591607935134,1.0718550277230197,1.6248318601781442,1.0616776698006334,False
seed_only,-0.056999999999999995,-0.06109573658021211,1.0718550277230197,1.6234587690466373,1.0608412219062457,False
seed_only,-0.055999999999999994,-0.0600238815524891,1.0718550277230197,1.6220856776526293,1.0600048459871099,False
seed_only,-0.05499999999999999,-0.058952026524766075,1.0718550277230197,1.6207125860220994,1.0591685426234527,False
seed_only,-0.05399999999999999,-0.057880171497043054,1.0718550277230197,1.6193394941702133,1.0583323120194936,False
seed_only,-0.05299999999999999,-0.05680831646932003,1.0718550277230197,1.6179664020858464,1.0574961541906238,False
seed_only,-0.05199999999999999,-0.05573646144159701,1.0718550277230197,1.6165933097487928,1.05666006921474,False
seed_only,-0.05099999999999999,-0.054664606413873995,1.0718550277230197,1.6152202171827668,1.0558240576429847,False
seed_only,-0.04999999999999999,-0.05359275138615097,1.0718550277230197,1.6138471243631214,1.054988119469214,False
seed_only,-0.04899999999999999,-0.05252089635842795,1.0718550277230197,1.6124740313147257,1.054152255141859,False
seed_only,-0.04799999999999999,-0.05144904133070493,1.0718550277230197,1.6111009380310959,1.0533164643123059,False
seed_only,-0.046999999999999986,-0.05037718630298191,1.0718550277230197,1.6097278445129204,1.0524807477746596,False
seed_only,-0.045999999999999985,-0.049305331275258886,1.0718550277230197,1.6083547507590668,1.0516451052367584,False
seed_only,-0.044999999999999984,-0.04823347624753587,1.0718550277230197,1.6069816567678696,1.0508095373610715,False
seed_only,-0.043999999999999984,-0.04716162121981285,1.0718550277230197,1.6056085625339556,1.0499740440592378,False
seed_only,-0.04299999999999998,-0.04608976619208983,1.0718550277230197,1.6042354680641413,1.0491386257204063,False
seed_only,-0.04199999999999998,-0.045017911164366806,1.0718550277230197,1.6028623733499225,1.0483032822115925,False
seed_only,-0.04100000000000001,-0.04394605613664382,1.0718550277230197,1.6014892784337542,1.0474680142229493,False
seed_only,-0.04000000000000001,-0.0428742011089208,1.0718550277230197,1.6001161832562172,1.0466328214255083,False
seed_only,-0.03900000000000001,-0.041802346081197775,1.0718550277230197,1.59874308785799,1.0457977045629758,False
seed_only,-0.038000000000000006,-0.04073049105347475,1.0718550277230197,1.5973699922078088,1.0449626637989646,False
seed_only,-0.037000000000000005,-0.03965863602575173,1.0718550277230197,1.5959968963346505,1.0441276987312313,False
seed_only,-0.036000000000000004,-0.03858678099802871,1.0718550277230197,1.594623800215822,1.0432928102386947,False
seed_only,-0.035,-0.037514925970305694,1.0718550277230197,1.5932507038855626,1.0424579982053914,False
seed_only,-0.034,-0.03644307094258267,1.0718550277230197,1.5918776072889385,1.04162326268924,False
seed_only,-0.033,-0.03537121591485965,1.0718550277230197,1.5905045104794624,1.0407886043067798,False
seed_only,-0.032,-0.03429936088713663,1.0718550277230197,1.589131413433087,1.039954023168293,False
seed_only,-0.031,-0.03322750585941361,1.0718550277230197,1.587758316132959,1.0391195193602178,False
seed_only,-0.03,-0.032155650831690585,1.0718550277230197,1.5863852186414062,1.0382850930046958,False
seed_only,-0.028999999999999998,-0.031083795803967567,1.0718550277230197,1.5850121208935697,1.0374507446323227,False
seed_only,-0.027999999999999997,-0.03001194077624455,1.0718550277230197,1.5836390229043262,1.0366164742080808,False
seed_only,-0.026999999999999996,-0.028940085748521527,1.0718550277230197,1.5822659246895743,1.0357822818398985,False
seed_only,-0.025999999999999995,-0.027868230720798505,1.0718550277230197,1.5808928262550204,1.0349481681636425,False
seed_only,-0.024999999999999994,-0.026796375693075487,1.0718550277230197,1.5795197275775719,1.0341141330741352,False
seed_only,-0.023999999999999994,-0.025724520665352465,1.0718550277230197,1.578146628659538,1.0332801768901978,False
seed_only,-0.022999999999999993,-0.024652665637629443,1.0718550277230197,1.5767735295168839,1.0324462997766395,False
seed_only,-0.021999999999999992,-0.023580810609906425,1.0718550277230197,1.5754004301475666,1.0316125019647187,False
seed_only,-0.02099999999999999,-0.022508955582183403,1.0718550277230197,1.5740273305391295,1.0307787837056066,False
seed_only,-0.01999999999999999,-0.02143710055446038,1.0718550277230197,1.572654230704651,1.0299451453076418,False
seed_only,-0.01899999999999999,-0.020365245526737363,1.0718550277230197,1.5712811306360042,1.0291115866070863,False
seed_only,-0.017999999999999988,-0.01929339049901434,1.0718550277230197,1.5699080303325896,1.028278108310773,False
seed_only,-0.016999999999999987,-0.01822153547129132,1.0718550277230197,1.568534929801002,1.0274447105212925,False
seed_only,-0.015999999999999986,-0.0171496804435683,1.0718550277230197,1.5671618290543865,1.0266113932614105,False
seed_only,-0.014999999999999986,-0.01607782541584528,1.0718550277230197,1.5657887280607907,1.0257781568759072,False
seed_only,-0.013999999999999985,-0.015005970388122259,1.0718550277230197,1.5644156268408649,1.0249450017085446,False
seed_only,-0.012999999999999984,-0.013934115360399239,1.0718550277230197,1.5630425253826408,1.0241119277773199,False
seed_only,-0.011999999999999983,-0.012862260332676217,1.0718550277230197,1.5616694237134965,1.0232789354897274,False
seed_only,-0.010999999999999982,-0.011790405304953197,1.0718550277230197,1.5602963217949517,1.0224460248400637,False
seed_only,-0.010000000000000009,-0.010718550277230206,1.0718550277230197,1.5589232196682845,1.0216131963392767,False
seed_only,-0.009000000000000008,-0.009646695249507186,1.0718550277230197,1.5575501172966355,1.020780449978025,False
seed_only,-0.008000000000000007,-0.008574840221784164,1.0718550277230197,1.5561770146894638,1.019947786096165,False
seed_only,-0.007000000000000006,-0.007502985194061144,1.0718550277230197,1.5548039118829404,1.01911520473102,False
seed_only,-0.006000000000000005,-0.006431130166338124,1.0718550277230197,1.5534308088216653,1.0182827066110887,False
seed_only,-0.0050000000000000044,-0.005359275138615103,1.0718550277230197,1.5520577055390783,1.0174502914392078,False
seed_only,-0.0040000000000000036,-0.004287420110892082,1.0718550277230197,1.5506846020329368,1.0166179598169334,False
seed_only,-0.0030000000000000027,-0.003215565083169062,1.0718550277230197,1.5493114982929157,1.0157857117110725,False
seed_only,-0.0020000000000000018,-0.002143710055446041,1.0718550277230197,1.5479383943210134,1.0149535473832292,False
seed_only,-0.0010000000000000009,-0.0010718550277230205,1.0718550277230197,1.5465652901323068,1.0141214674257977,False
seed_only,0.0,0.0,1.0718550277230197,1.5451921857185802,1.0132894715011942,False
seed_only,0.0010000000000000009,0.0010718550277230205,1.0718550277230197,1.5438190810679098,1.0124575603685901,False
seed_only,0.0020000000000000018,0.002143710055446041,1.0718550277230197,1.5424459761991915,1.0116257338961872,False
seed_only,0.0030000000000000027,0.003215565083169062,1.0718550277230197,1.5410728710920418,1.010793992573924,False
seed_only,0.0040000000000000036,0.004287420110892082,1.0718550277230197,1.5396997657668443,1.009962336434165,False
seed_only,0.0050000000000000044,0.005359275138615103,1.0718550277230197,1.5383266602104984,1.009130765746648,False
seed_only,0.006000000000000005,0.006431130166338124,1.0718550277230197,1.5369535544356605,1.0082992807792721,False
seed_only,0.007000000000000006,0.007502985194061144,1.0718550277230197,1.5355804484151747,1.007467881884004,False
seed_only,0.008000000000000007,0.008574840221784164,1.0718550277230197,1.5342073422037084,1.0066365692429227,False
seed_only,0.009000000000000008,0.009646695249507186,1.0718550277230197,1.5328342357314284,1.0058053430732599,False
seed_only,0.010000000000000009,0.010718550277230206,1.0718550277230197,1.5314611290693225,1.0049742037305116,False
seed_only,0.01100000000000001,0.011790405304953226,1.0718550277230197,1.530088022158127,1.0041431512891712,False
seed_only,0.01200000000000001,0.012862260332676248,1.0718550277230197,1.5287149150260415,1.0033121859593095,False
seed_only,0.013000000000000012,0.013934115360399268,1.0718550277230197,1.5273418076744427,1.0024813079988004,False
seed_only,0.014000000000000012,0.015005970388122288,1.0718550277230197,1.525968700091962,1.0016505180719433,False
seed_only,0.015000000000000013,0.01607782541584531,1.0718550277230197,1.5245955922897458,1.0008198158835102,False
seed_only,0.016000000000000014,0.01714968044356833,1.0718550277230197,1.523222484248432,0.9999892016146471,False
seed_only,0.017000000000000015,0.01822153547129135,1.0718550277230197,1.5218493760084773,0.9991586761068831,False
seed_only,0.018000000000000016,0.019293390499014372,1.0718550277230197,1.5204762675337768,0.9983282392243042,False
seed_only,0.019000000000000017,0.02036524552673739,1.0718550277230197,1.5191031588219106,0.9974978914848855,False
seed_only,0.020000000000000018,0.021437100554460412,1.0718550277230197,1.5177300499118695,0.9966676327158177,False
seed_only,0.02100000000000002,0.022508955582183434,1.0718550277230197,1.5163569407760313,0.9958374632195099,False
seed_only,0.02200000000000002,0.023580810609906452,1.0718550277230197,1.5149838314024056,0.9950073837490541,False
seed_only,0.02300000000000002,0.024652665637629474,1.0718550277230197,1.5136107218139738,0.9941773939380841,False
seed_only,0.02400000000000002,0.025724520665352496,1.0718550277230197,1.5122376120101588,0.9933474946145069,False
seed_only,0.025000000000000022,0.026796375693075514,1.0718550277230197,1.510864501957232,0.9925176855521358,False
seed_only,0.026000000000000023,0.027868230720798536,1.0718550277230197,1.509491391710882,0.9916879672557969,False
seed_only,0.027000000000000024,0.028940085748521558,1.0718550277230197,1.508118281223414,0.9908583399806755,False
seed_only,0.028000000000000025,0.030011940776244576,1.0718550277230197,1.5067451705249812,0.9900288038596473,False
seed_only,0.029000000000000026,0.031083795803967598,1.0718550277230197,1.5053720596072573,0.9891993591421876,False
seed_only,0.030000000000000027,0.03215565083169062,1.0718550277230197,1.5039989484738392,0.9883700063135077,False
seed_only,0.031000000000000028,0.03322750585941364,1.0718550277230197,1.502625837113447,0.9875407453063186,False
seed_only,0.03200000000000003,0.03429936088713666,1.0718550277230197,1.5012527255100716,0.9867115767342195,False
seed_only,0.03300000000000003,0.03537121591485968,1.0718550277230197,1.4998796137053239,0.9858825006641562,False
seed_only,0.03400000000000003,0.0364430709425827,1.0718550277230197,1.4985065016926535,0.9850535173804198,False
seed_only,0.03500000000000003,0.03751492597030572,1.0718550277230197,1.4971333894379102,0.9842246272205011,False
seed_only,0.03600000000000003,0.038586780998028744,1.0718550277230197,1.495760276976399,0.9833958304534026,False
seed_only,0.03700000000000003,0.039658636025751766,1.0718550277230197,1.494387164291644,0.9825671268673524,False
seed_only,0.038000000000000034,0.04073049105347478,1.0718550277230197,1.4930140513977896,0.9817385172696579,False
seed_only,0.03899999999999998,0.04180234608119775,1.0718550277230197,1.4916409382650153,0.980910001969861,False
seed_only,0.03999999999999998,0.04287420110892076,1.0718550277230197,1.4902678249352208,0.9800815809961848,False
seed_only,0.04099999999999998,0.043946056136643784,1.0718550277230197,1.4888947113616657,0.9792532545637671,False
seed_only,0.04199999999999998,0.045017911164366806,1.0718550277230197,1.4875215975950429,0.9784250230740882,False
seed_only,0.04299999999999998,0.04608976619208983,1.0718550277230197,1.486148483583083,0.9775968867976599,False
seed_only,0.043999999999999984,0.04716162121981285,1.0718550277230197,1.4847753693746135,0.976768845968976,False
seed_only,0.044999999999999984,0.04823347624753587,1.0718550277230197,1.4834022549352621,0.975940900909406,False
seed_only,0.045999999999999985,0.049305331275258886,1.0718550277230197,1.4820291402974473,0.975113051732028,False
seed_only,0.046999999999999986,0.05037718630298191,1.0718550277230197,1.4806560254010837,0.9742852990363208,False
seed_only,0.04799999999999999,0.05144904133070493,1.0718550277230197,1.479282910325419,0.9734576427680076,False
seed_only,0.04899999999999999,0.05252089635842795,1.0718550277230197,1.4779097950208264,0.9726300833715927,False
seed_only,0.04999999999999999,0.05359275138615097,1.0718550277230197,1.4765366794986523,0.97180262096568,False
seed_only,0.05099999999999999,0.054664606413873995,1.0718550277230197,1.475163563767512,0.9709752561085166,False
seed_only,0.05199999999999999,0.05573646144159701,1.0718550277230197,1.4737904478161479,0.9701479888681528,False
seed_only,0.05299999999999999,0.05680831646932003,1.0718550277230197,1.4724173316402744,0.9693208193793948,False
seed_only,0.05399999999999999,0.057880171497043054,1.0718550277230197,1.47104421525186,0.9684937484846179,False
seed_only,0.05499999999999999,0.058952026524766075,1.0718550277230197,1.4696710986503936,0.9676667757555331,False
seed_only,0.055999999999999994,0.0600238815524891,1.0718550277230197,1.4682979818242847,0.9668399020922477,False
seed_only,0.056999999999999995,0.06109573658021211,1.0718550277230197,1.466924864800978,0.9660131271816877,False
seed_only,0.057999999999999996,0.062167591607935134,1.0718550277230197,1.4655517475333335,0.9651864515282814,False
seed_only,0.059,0.06323944663565816,1.0718550277230197,1.4641786300594095,0.9643598759300238,False
seed_only,0.06,0.06431130166338117,1.0718550277230197,1.4628055123869332,0.9635334000858657,False
seed_only,0.061,0.0653831566911042,1.0718550277230197,1.461432394494544,0.9627070244613125,False
seed_only,0.062,0.06645501171882721,1.0718550277230197,1.4600592763766684,0.9618807492558228,False
seed_only,0.063,0.06752686674655024,1.0718550277230197,1.4586861580404564,0.9610545748247094,False
seed_only,0.064,0.06859872177427326,1.0718550277230197,1.4573130395122869,0.9602285017737724,False
seed_only,0.065,0.06967057680199629,1.0718550277230197,1.4559399207665358,0.9594025299507503,False
seed_only,0.066,0.0707424318297193,1.0718550277230197,1.4545668017838853,0.9585766594640968,False
seed_only,0.067,0.07181428685744232,1.0718550277230197,1.4531936826063019,0.9577508912499024,False
seed_only,0.068,0.07288614188516535,1.0718550277230197,1.4518205632180647,0.9569252251855259,False
seed_only,0.069,0.07395799691288836,1.0718550277230197,1.4504474436009218,0.9560996613835887,False
seed_only,0.07,0.07502985194061139,1.0718550277230197,1.4490743237833614,0.9552742007565863,False
seed_only,0.07100000000000001,0.0761017069683344,1.0718550277230197,1.4477012037571013,0.9544488433841608,False
seed_only,0.07200000000000001,0.07717356199605742,1.0718550277230197,1.4463280835084857,0.9536235890843253,False
seed_only,0.07300000000000001,0.07824541702378045,1.0718550277230197,1.444954963047329,0.9527984385678075,False
seed_only,0.07400000000000001,0.07931727205150346,1.0718550277230197,1.4435818423824687,0.9519733923602418,False
seed_only,0.07500000000000001,0.08038912707922649,1.0718550277230197,1.442208721497762,0.9511484502038381,False
seed_only,0.07600000000000001,0.0814609821069495,1.0718550277230197,1.4408356004117273,0.9503236127913662,False
seed_only,0.07700000000000001,0.08253283713467252,1.0718550277230197,1.4394624790879496,0.9494988804294553,False
seed_only,0.07800000000000001,0.08360469216239555,1.0718550277230197,1.4380893575848708,0.9486742530222435,False
seed_only,0.07900000000000001,0.08467654719011856,1.0718550277230197,1.436716235853397,0.947849731299582,False
seed_only,0.08000000000000002,0.0857484022178416,1.0718550277230197,1.4353431139061623,0.9470253154819326,False
seed_only,0.08100000000000002,0.08682025724556461,1.0718550277230197,1.4339699917624182,0.9462010055961355,False
seed_only,0.08200000000000002,0.08789211227328764,1.0718550277230197,1.4325968693930324,0.9453768022907819,False
seed_only,0.08300000000000002,0.08896396730101065,1.0718550277230197,1.4312237468429245,0.9445527059707048,False
seed_only,0.08400000000000002,0.09003582232873367,1.0718550277230197,1.42985062405252,0.9437287163562371,False
seed_only,0.08500000000000002,0.0911076773564567,1.0718550277230197,1.4284775010499517,0.9429048344004818,False
seed_only,0.08600000000000002,0.09217953238417971,1.0718550277230197,1.427104377855426,0.9420810601676926,False
seed_only,0.08700000000000002,0.09325138741190274,1.0718550277230197,1.4257312544254663,0.9412573938066313,False
seed_only,0.08800000000000002,0.09432324243962575,1.0718550277230197,1.4243581308259978,0.9404338357234608,False
seed_only,0.08900000000000002,0.09539509746734877,1.0718550277230197,1.42298500700615,0.9396103863281344,False
seed_only,0.09000000000000002,0.0964669524950718,1.0718550277230197,1.4216118829581736,0.9387870460729385,False
seed_only,0.09100000000000003,0.09753880752279481,1.0718550277230197,1.420238758705894,0.9379638149235623,False
seed_only,0.09200000000000003,0.09861066255051784,1.0718550277230197,1.4188656342517536,0.937140693331754,False
seed_only,0.09300000000000003,0.09968251757824086,1.0718550277230197,1.4174925096059665,0.936317681900386,False
seed_only,0.09400000000000003,0.10075437260596387,1.0718550277230197,1.4161193847104014,0.9354947804092671,False
seed_only,0.09500000000000003,0.1018262276336869,1.0718550277230197,1.4147462596405092,0.93467198957057,False
seed_only,0.09600000000000003,0.10289808266140991,1.0718550277230197,1.4133731343552114,0.9338493094526817,False
seed_only,0.09700000000000003,0.10396993768913294,1.0718550277230197,1.4120000088593265,0.9330267409151154,False
seed_only,0.09800000000000003,0.10504179271685596,1.0718550277230197,1.4106268831650892,0.932204283711558,False
seed_only,0.09900000000000003,0.10611364774457899,1.0718550277230197,1.409253757239326,0.9313819382341751,False
seed_only,0.10000000000000003,0.107185502772302,1.0718550277230197,1.4078806311258463,0.9305597050205139,False
seed_only,0.10100000000000003,0.10825735780002502,1.0718550277230197,1.4065075048026676,0.9297375844847119,False
seed_only,0.10199999999999998,0.10932921282774799,1.0718550277230197,1.4051343782681025,0.9289155766405517,False
seed_only,0.10299999999999998,0.110401067855471,1.0718550277230197,1.4037612515255704,0.9280936819737658,False
seed_only,0.10399999999999998,0.11147292288319402,1.0718550277230197,1.4023881245893488,0.9272719008107948,False
seed_only,0.10499999999999998,0.11254477791091705,1.0718550277230197,1.4010149974388098,0.9264502333854311,False
seed_only,0.10599999999999998,0.11361663293864006,1.0718550277230197,1.3996418701041735,0.9256286801703489,False
seed_only,0.10699999999999998,0.11468848796636309,1.0718550277230197,1.3982687425527551,0.9248072417937825,False
seed_only,0.10799999999999998,0.11576034299408611,1.0718550277230197,1.3968956147650813,0.9239859177937393,False
seed_only,0.10899999999999999,0.11683219802180912,1.0718550277230197,1.3955224867940874,0.9231647093073113,False
seed_only,0.10999999999999999,0.11790405304953215,1.0718550277230197,1.3941493586312914,0.9223436161113873,False
seed_only,0.11099999999999999,0.11897590807725517,1.0718550277230197,1.3927762302405666,0.9215226389763336,False
seed_only,0.11199999999999999,0.1200477631049782,1.0718550277230197,1.3914031016627026,0.9207017777202113,False
seed_only,0.11299999999999999,0.12111961813270121,1.0718550277230197,1.3900299728816234,0.9198810332024279,False
seed_only,0.11399999999999999,0.12219147316042422,1.0718550277230197,1.3886568438828073,0.9190604056132513,False
seed_only,0.11499999999999999,0.12326332818814725,1.0718550277230197,1.3872837146939654,0.9182398952132425,False
seed_only,0.11599999999999999,0.12433518321587027,1.0718550277230197,1.3859105852885634,0.9174195021774055,False
seed_only,0.11699999999999999,0.12540703824359328,1.0718550277230197,1.3845374556958223,0.9165992272640326,False
seed_only,0.118,0.1264788932713163,1.0718550277230197,1.3831643258780169,0.9157790706147617,False
seed_only,0.119,0.12755074829903934,1.0718550277230197,1.3817911958636575,0.9149590324849854,False
seed_only,0.12,0.12862260332676234,1.0718550277230197,1.3804180656664444,0.9141391134502517,False
seed_only,0.121,0.12969445835448537,1.0718550277230197,1.379044935253182,0.9133193138780265,False
seed_only,0.122,0.1307663133822084,1.0718550277230197,1.3776718046299097,0.9124996337500276,False
seed_only,0.123,0.13183816840993143,1.0718550277230197,1.3762986738098393,0.9116800733960246,False
seed_only,0.124,0.13291002343765443,1.0718550277230197,1.3749255427896845,0.9108606337871081,False
seed_only,0.125,0.13398187846537746,1.0718550277230197,1.3735524115727982,0.910041314851641,False
seed_only,0.126,0.1350537334931005,1.0718550277230197,1.3721792801498545,0.9092221168395499,False
seed_only,0.127,0.1361255885208235,1.0718550277230197,1.3708061485121936,0.9084030405204889,False
seed_only,0.128,0.13719744354854652,1.0718550277230197,1.369433016702648,0.9075840859228156,False
seed_only,0.129,0.13826929857626954,1.0718550277230197,1.3680598846650405,0.9067652533884888,False
seed_only,0.13,0.13934115360399257,1.0718550277230197,1.3666867524325443,0.9059465436357267,False
seed_only,0.131,0.14041300863171557,1.0718550277230197,1.3653136199993865,0.9051279566689158,False
seed_only,0.132,0.1414848636594386,1.0718550277230197,1.363940487374049,0.9043094929823201,False
seed_only,0.133,0.14255671868716163,1.0718550277230197,1.3625673545508254,0.9034911527396936,False
seed_only,0.134,0.14362857371488463,1.0718550277230197,1.3611942215026263,0.9026729366473905,False
seed_only,0.135,0.14470042874260766,1.0718550277230197,1.3598210882779682,0.9018548447792992,False
seed_only,0.136,0.1457722837703307,1.0718550277230197,1.3584479548581774,0.9010368779204179,False
seed_only,0.137,0.1468441387980537,1.0718550277230197,1.357074821228843,0.9002190359599846,False
seed_only,0.138,0.14791599382577672,1.0718550277230197,1.355701687391564,0.8994013198064045,False
seed_only,0.139,0.14898784885349975,1.0718550277230197,1.3543285533760718,0.89858372898288,False
seed_only,0.14,0.15005970388122278,1.0718550277230197,1.3529554191436421,0.8977662648128455,False
seed_only,0.14100000000000001,0.15113155890894578,1.0718550277230197,1.3515822847154357,0.8969489270513681,False
seed_only,0.14200000000000002,0.1522034139366688,1.0718550277230197,1.3502091500890545,0.8961317162584693,False
seed_only,0.14300000000000002,0.15327526896439184,1.0718550277230197,1.348836015275845,0.8953146330090935,False
seed_only,0.14400000000000002,0.15434712399211484,1.0718550277230197,1.347462880268413,0.8944976774272595,False
seed_only,0.14500000000000002,0.15541897901983787,1.0718550277230197,1.3460897450491949,0.8936808499720178,False
seed_only,0.14600000000000002,0.1564908340475609,1.0718550277230197,1.3447166096328678,0.8928641511259352,False
seed_only,0.14700000000000002,0.15756268907528392,1.0718550277230197,1.3433434740175443,0.8920475811556103,False
seed_only,0.14800000000000002,0.15863454410300692,1.0718550277230197,1.341970338209486,0.8912311403060299,False
seed_only,0.14900000000000002,0.15970639913072995,1.0718550277230197,1.3405972021922619,0.8904148290717923,False
seed_only,0.15000000000000002,0.16077825415845298,1.0718550277230197,1.3392240659884314,0.8895986481606863,False
seed_only,0.15100000000000002,0.16185010918617598,1.0718550277230197,1.3378509296002816,0.8887825976898122,False
seed_only,0.15200000000000002,0.162921964213899,1.0718550277230197,1.3364777930196858,0.8879666778194721,False
seed_only,0.15300000000000002,0.16399381924162204,1.0718550277230197,1.335104656204078,0.8871508894624881,False
seed_only,0.15400000000000003,0.16506567426934504,1.0718550277230197,1.3337315192372579,0.8863352327721248,False
seed_only,0.15500000000000003,0.16613752929706807,1.0718550277230197,1.332358382049459,0.8855197079608353,False
seed_only,0.15600000000000003,0.1672093843247911,1.0718550277230197,1.330985244658689,0.8847043155298286,False
seed_only,0.15700000000000003,0.16828123935251413,1.0718550277230197,1.3296121070946132,0.8838890559159577,False
seed_only,0.15800000000000003,0.16935309438023713,1.0718550277230197,1.3282389693262342,0.8830739294838419,False
seed_only,0.15900000000000003,0.17042494940796016,1.0718550277230197,1.326865831371804,0.882258937004356,False
seed_only,0.16000000000000003,0.1714968044356832,1.0718550277230197,1.3254926932014133,0.8814440782931202,False
seed_only,0.16100000000000003,0.1725686594634062,1.0718550277230197,1.324119554840153,0.8806293540318746,False
seed_only,0.16200000000000003,0.17364051449112922,1.0718550277230197,1.3227464163010128,0.8798147647474996,False
seed_only,0.16300000000000003,0.17471236951885225,1.0718550277230197,1.3213732775645415,0.8790003106085358,False
seed_only,0.16400000000000003,0.17578422454657527,1.0718550277230197,1.3200001386235893,0.8781859921662191,False
seed_only,0.16500000000000004,0.17685607957429827,1.0718550277230197,1.318626999494743,0.8773718099108678,False
seed_only,0.16600000000000004,0.1779279346020213,1.0718550277230197,1.317253860170231,0.8765577637769056,False
seed_only,0.16699999999999998,0.17899978962974428,1.0718550277230197,1.3158807206633982,0.8757438548010121,False
seed_only,0.16799999999999998,0.18007164465746728,1.0718550277230197,1.3145075809431583,0.8749300830939339,False
seed_only,0.16899999999999998,0.1811434996851903,1.0718550277230197,1.3131344410484136,0.8741164491342276,False
seed_only,0.16999999999999998,0.18221535471291334,1.0718550277230197,1.3117613009496099,0.8733029531867171,False
seed_only,0.17099999999999999,0.18328720974063634,1.0718550277230197,1.3103881606803647,0.8724895959224881,False
seed_only,0.172,0.18435906476835937,1.0718550277230197,1.309015020194959,0.8716763776704556,False
seed_only,0.173,0.1854309197960824,1.0718550277230197,1.3076418795126443,0.8708632986122389,False
seed_only,0.174,0.1865027748238054,1.0718550277230197,1.3062687386581562,0.8700503597297583,False
seed_only,0.175,0.18757462985152842,1.0718550277230197,1.3048955976054932,0.8692375608906578,False
seed_only,0.176,0.18864648487925145,1.0718550277230197,1.3035224563589631,0.8684249028729685,False
seed_only,0.177,0.18971833990697448,1.0718550277230197,1.302149314924117,0.8676123857219675,False
seed_only,0.178,0.19079019493469748,1.0718550277230197,1.300776173280238,0.8668000101719932,False
seed_only,0.179,0.1918620499624205,1.0718550277230197,1.2994030314747107,0.8659877766010718,False
seed_only,0.18,0.19293390499014354,1.0718550277230197,1.2980298894607945,0.8651756856369143,False
seed_only,0.181,0.19400576001786654,1.0718550277230197,1.296656747265268,0.8643637372489837,False
seed_only,0.182,0.19507761504558957,1.0718550277230197,1.2952836048619965,0.8635519323248669,False
seed_only,0.183,0.1961494700733126,1.0718550277230197,1.2939104622882835,0.8627402708943551,False
seed_only,0.184,0.19722132510103563,1.0718550277230197,1.292537319505005,0.8619287538840338,False
seed_only,0.185,0.19829318012875863,1.0718550277230197,1.2911641765488646,0.8611173812940379,False
seed_only,0.186,0.19936503515648166,1.0718550277230197,1.289791033404697,0.8603061537860238,False
seed_only,0.187,0.20043689018420469,1.0718550277230197,1.28841789007772,0.8594950716946625,False
seed_only,0.188,0.2015087452119277,1.0718550277230197,1.2870447465358037,0.8586841356400728,False
seed_only,0.189,0.20258060023965072,1.0718550277230197,1.2856716028284643,0.8578733459426771,False
seed_only,0.19,0.20365245526737374,1.0718550277230197,1.284298458918287,0.8570627028734724,False
seed_only,0.191,0.20472431029509675,1.0718550277230197,1.2829253148269881,0.8562522072830778,False
seed_only,0.192,0.20579616532281977,1.0718550277230197,1.2815521705250355,0.8554418591516987,False
seed_only,0.193,0.2068680203505428,1.0718550277230197,1.2801790260751122,0.8546316595272025,False
seed_only,0.194,0.20793987537826583,1.0718550277230197,1.2788058814208192,0.8538216083607084,False
seed_only,0.195,0.20901173040598883,1.0718550277230197,1.2774327365701499,0.8530117062486987,False
seed_only,0.196,0.21008358543371186,1.0718550277230197,1.2760595915412454,0.8522019537439917,False
seed_only,0.197,0.2111554404614349,1.0718550277230197,1.27468644631763,0.8513923513767372,False
seed_only,0.198,0.2122272954891579,1.0718550277230197,1.2733133009072084,0.850582899342878,False
seed_only,0.199,0.21329915051688092,1.0718550277230197,1.2719401553265897,0.8497735982883915,False
seed_only,0.2,0.21437100554460395,1.0718550277230197,1.2705670095584543,0.8489644485210636,False
seed_only,0.201,0.21544286057232698,1.0718550277230197,1.2691938635732702,0.8481554504349591,False
seed_only,0.202,0.21651471560004998,1.0718550277230197,1.2678207174248612,0.8473466050411752,False
seed_only,0.203,0.217586570627773,1.0718550277230197,1.266447571091689,0.8465379123557759,False
seed_only,0.20400000000000001,0.21865842565549604,1.0718550277230197,1.265074424549728,0.8457293729617977,False
seed_only,0.20500000000000002,0.21973028068321904,1.0718550277230197,1.2637012778393464,0.8449209873480009,False
seed_only,0.20600000000000002,0.22080213571094207,1.0718550277230197,1.2623281309535272,0.8441127558996195,False
seed_only,0.20700000000000002,0.2218739907386651,1.0718550277230197,1.2609549838739076,0.8433046791012543,False
seed_only,0.20800000000000002,0.2229458457663881,1.0718550277230197,1.2595818366080591,0.842496757385572,False
seed_only,0.20900000000000002,0.22401770079411112,1.0718550277230197,1.2582086891574251,0.8416889917387941,False
seed_only,0.21000000000000002,0.22508955582183415,1.0718550277230197,1.2568355415377486,0.8408813817382005,False
seed_only,0.21100000000000002,0.22616141084955718,1.0718550277230197,1.2554623937125031,0.8400739287608473,False
seed_only,0.21200000000000002,0.22723326587728018,1.0718550277230197,1.2540892456988528,0.8392666327934046,False
seed_only,0.21300000000000002,0.2283051209050032,1.0718550277230197,1.2527160975255525,0.8384594943604339,False
seed_only,0.21400000000000002,0.22937697593272624,1.0718550277230197,1.251342949149059,0.8376525139917189,False
seed_only,0.21500000000000002,0.23044883096044924,1.0718550277230197,1.249969800606121,0.8368456923135793,False
seed_only,0.21600000000000003,0.23152068598817227,1.0718550277230197,1.2485966518713143,0.8360390296636458,False
seed_only,0.21700000000000003,0.2325925410158953,1.0718550277230197,1.2472235029299172,0.8352325266254068,False
seed_only,0.21800000000000003,0.23366439604361833,1.0718550277230197,1.2458503538321342,0.8344261836014412,False
seed_only,0.21900000000000003,0.23473625107134133,1.0718550277230197,1.244477204553185,0.8336200011595156,False
seed_only,0.22000000000000003,0.23580810609906436,1.0718550277230197,1.243104055090094,0.832813979748077,False
seed_only,0.22100000000000003,0.2368799611267874,1.0718550277230197,1.2417309054352677,0.8320081200121971,False
seed_only,0.22200000000000003,0.2379518161545104,1.0718550277230197,1.2403577556070244,0.8312024223815302,False
seed_only,0.22300000000000003,0.23902367118223342,1.0718550277230197,1.2389846055828269,0.8303968871372942,False
seed_only,0.22400000000000003,0.24009552620995644,1.0718550277230197,1.2376114553892759,0.8295915149986346,False
seed_only,0.22500000000000003,0.24116738123767945,1.0718550277230197,1.2362383050114722,0.8287863068535366,False
seed_only,0.22600000000000003,0.24223923626540247,1.0718550277230197,1.2348651544628053,0.8279812623053572,False
seed_only,0.22700000000000004,0.2433110912931255,1.0718550277230197,1.233492003708414,0.8271763827040287,False
seed_only,0.22800000000000004,0.24438294632084853,1.0718550277230197,1.2321188527929072,0.8263716682100564,False
seed_only,0.22900000000000004,0.24545480134857153,1.0718550277230197,1.2307457016929257,0.8255671192646077,False
seed_only,0.22999999999999998,0.2465266563762945,1.0718550277230197,1.2293725504128883,0.8247627366235183,False
seed_only,0.23099999999999998,0.24759851140401753,1.0718550277230197,1.227999398947155,0.823958520460071,False
seed_only,0.23199999999999998,0.24867036643174054,1.0718550277230197,1.2266262473047407,0.8231544718433497,False
seed_only,0.23299999999999998,0.24974222145946356,1.0718550277230197,1.2252530954933727,0.8223505908875397,False
seed_only,0.23399999999999999,0.25081407648718657,1.0718550277230197,1.223879943480899,0.8215468780000473,False
seed_only,0.235,0.2518859315149096,1.0718550277230197,1.2225067912933207,0.8207433340197624,False
seed_only,0.236,0.2529577865426326,1.0718550277230197,1.2211336389387206,0.8199399595428715,False
seed_only,0.237,0.2540296415703556,1.0718550277230197,1.2197604864037537,0.8191367548689188,False
seed_only,0.238,0.2551014965980787,1.0718550277230197,1.2183873336848006,0.8183337205769419,False
seed_only,0.239,0.2561733516258017,1.0718550277230197,1.2170141807852586,0.8175308572819252,False
seed_only,0.24,0.2572452066535247,1.0718550277230197,1.2156410277136542,0.8167281651117833,False
seed_only,0.241,0.25831706168124774,1.0718550277230197,1.214267874464281,0.8159256454079652,False
seed_only,0.242,0.25938891670897074,1.0718550277230197,1.2128947210268581,0.8151232981882518,False
seed_only,0.243,0.2604607717366938,1.0718550277230197,1.2115215674216806,0.8143211239878608,False
seed_only,0.244,0.2615326267644168,1.0718550277230197,1.2101484136312735,0.8135191234470271,False
seed_only,0.245,0.2626044817921398,1.0718550277230197,1.20877525966947,0.8127172972214514,False
seed_only,0.246,0.26367633681986286,1.0718550277230197,1.2074021055257456,0.811915645524127,False
seed_only,0.247,0.26474819184758586,1.0718550277230197,1.2060289512087818,0.8111141695358111,False
seed_only,0.248,0.26582004687530886,1.0718550277230197,1.2046557967191562,0.8103128690319737,False
seed_only,0.249,0.2668919019030319,1.0718550277230197,1.2032826420431686,0.8095117450766739,False
seed_only,0.25,0.2679637569307549,1.0718550277230197,1.201909487191788,0.8087107980648314,False
seed_only,0.251,0.2690356119584779,1.0718550277230197,1.2005363321788698,0.8079100288643833,False
seed_only,0.252,0.270107466986201,1.0718550277230197,1.199163176974638,0.8071094377164965,False
seed_only,0.253,0.271179322013924,1.0718550277230197,1.1977900215903947,0.8063090248604102,False
seed_only,0.254,0.272251177041647,1.0718550277230197,1.1964168660302033,0.8055087916012463,False
seed_only,0.255,0.27332303206937003,1.0718550277230197,1.195043710308874,0.8047087381918374,False
seed_only,0.256,0.27439488709709303,1.0718550277230197,1.1936705544226989,0.8039088651372107,False
seed_only,0.257,0.27546674212481603,1.0718550277230197,1.1922973983392593,0.8031091728919753,False
seed_only,0.258,0.2765385971525391,1.0718550277230197,1.1909242420751864,0.8023096624191131,False
seed_only,0.259,0.2776104521802621,1.0718550277230197,1.1895510856550606,0.8015103339318269,False
seed_only,0.26,0.27868230720798515,1.0718550277230197,1.1881779290588534,0.8007111881421977,False
seed_only,0.261,0.27975416223570815,1.0718550277230197,1.1868047722970454,0.7999122256002571,False
seed_only,0.262,0.28082601726343115,1.0718550277230197,1.1854316153391942,0.7991134469790245,False
seed_only,0.263,0.2818978722911542,1.0718550277230197,1.1840584582087699,0.7983148527792879,False
seed_only,0.264,0.2829697273188772,1.0718550277230197,1.1826853009163196,0.7975164437899556,False
seed_only,0.265,0.2840415823466002,1.0718550277230197,1.1813121434430585,0.7967182204604334,False
seed_only,0.266,0.28511343737432326,1.0718550277230197,1.1799389858039966,0.7959201830856689,False
seed_only,0.267,0.28618529240204627,1.0718550277230197,1.1785658279876765,0.7951223328325788,False
seed_only,0.268,0.28725714742976927,1.0718550277230197,1.177192669995053,0.7943246699999461,False
seed_only,0.269,0.2883290024574923,1.0718550277230197,1.175819511838605,0.793527194946891,False
seed_only,0.27,0.2894008574852153,1.0718550277230197,1.174446353495795,0.7927299087927895,False
seed_only,0.271,0.2904727125129383,1.0718550277230197,1.1730731950090334,0.791932811852383,False
seed_only,0.272,0.2915445675406614,1.0718550277230197,1.1717000363281826,0.7911359046434068,False
seed_only,0.273,0.2926164225683844,1.0718550277230197,1.1703268774700737,0.7903391878600674,False
seed_only,0.274,0.2936882775961074,1.0718550277230197,1.1689537184669252,0.7895426623084537,False
seed_only,0.275,0.29476013262383044,1.0718550277230197,1.1675805592506139,0.788746328459769,False
seed_only,0.276,0.29583198765155344,1.0718550277230197,1.1662073999088474,0.7879501867806176,False
seed_only,0.277,0.2969038426792765,1.0718550277230197,1.1648342403739242,0.7871542383146707,False
seed_only,0.278,0.2979756977069995,1.0718550277230197,1.1634610806644297,0.7863584831705226,False
seed_only,0.279,0.2990475527347225,1.0718550277230197,1.162087920782473,0.7855629221741082,False
seed_only,0.28,0.30011940776244556,1.0718550277230197,1.160714760751591,0.784767556121832,False
seed_only,0.281,0.30119126279016856,1.0718550277230197,1.1593416005369894,0.7839723854802945,False
seed_only,0.28200000000000003,0.30226311781789156,1.0718550277230197,1.1579684401552104,0.7831774109187094,False
seed_only,0.28300000000000003,0.3033349728456146,1.0718550277230197,1.1565952796015688,0.7823826329370761,False
seed_only,0.28400000000000003,0.3044068278733376,1.0718550277230197,1.1552221188745104,0.7815880524436084,False
seed_only,0.28500000000000003,0.3054786829010606,1.0718550277230197,1.1538489579629108,0.7807936698707404,False
seed_only,0.28600000000000003,0.3065505379287837,1.0718550277230197,1.1524757969257449,0.7799994858922523,False
seed_only,0.28700000000000003,0.3076223929565067,1.0718550277230197,1.1511026356761045,0.7792055012528246,False
seed_only,0.28800000000000003,0.3086942479842297,1.0718550277230197,1.1497294742705,0.7784117163633532,False
seed_only,0.28900000000000003,0.30976610301195273,1.0718550277230197,1.1483563127067775,0.777618132083964,False
seed_only,0.29000000000000004,0.31083795803967573,1.0718550277230197,1.1469831509734352,0.7768247492373582,False
seed_only,0.29100000000000004,0.31190981306739873,1.0718550277230197,1.145609989069074,0.7760315681035878,False
seed_only,0.29200000000000004,0.3129816680951218,1.0718550277230197,1.1442368270127012,0.7752385894281667,False
seed_only,0.29300000000000004,0.3140535231228448,1.0718550277230197,1.1428636647608181,0.7744458139109509,False
seed_only,0.29400000000000004,0.31512537815056785,1.0718550277230197,1.141490502353748,0.7736532424552466,False
seed_only,0.29500000000000004,0.31619723317829085,1.0718550277230197,1.140117339779656,0.7728608753165347,False
seed_only,0.29600000000000004,0.31726908820601385,1.0718550277230197,1.1387441770407403,0.7720687135729987,False
seed_only,0.29700000000000004,0.3183409432337369,1.0718550277230197,1.137371014131161,0.7712767573362734,False
seed_only,0.29800000000000004,0.3194127982614599,1.0718550277230197,1.135997851058801,0.770485007853465,False
seed_only,0.29900000000000004,0.3204846532891829,1.0718550277230197,1.1346246878289001,0.7696934656345811,False
seed_only,0.30000000000000004,0.32155650831690596,1.0718550277230197,1.1332515243991592,0.7689021310347556,False
seed_only,0.30100000000000005,0.32262836334462897,1.0718550277230197,1.1318783608387673,0.76811100518879,False
seed_only,0.30200000000000005,0.32370021837235197,1.0718550277230197,1.1305051970846636,0.7673200884549316,False
seed_only,0.30300000000000005,0.324772073400075,1.0718550277230197,1.1291320331840549,0.7665293818517828,False
seed_only,0.30400000000000005,0.325843928427798,1.0718550277230197,1.127758869122153,0.7657388854159953,False
seed_only,0.30500000000000005,0.326915783455521,1.0718550277230197,1.126385704877375,0.7649486007143714,False
seed_only,0.30600000000000005,0.3279876384832441,1.0718550277230197,1.1250125404786315,0.7641585277172326,False
seed_only,0.30700000000000005,0.3290594935109671,1.0718550277230197,1.1236393759119334,0.7633686676136653,False
seed_only,0.30800000000000005,0.3301313485386901,1.0718550277230197,1.1222662111826098,0.7625790208381318,False
seed_only,0.30900000000000005,0.33120320356641314,1.0718550277230197,1.1208930462875966,0.7617895881033321,False
seed_only,0.31000000000000005,0.33227505859413614,1.0718550277230197,1.1195198812390617,0.7610003703078013,False
seed_only,0.31100000000000005,0.3333469136218592,1.0718550277230197,1.1181467160106928,0.7602113677839109,False
seed_only,0.31200000000000006,0.3344187686495822,1.0718550277230197,1.116773550623007,0.7594225817332961,False
seed_only,0.31300000000000006,0.3354906236773052,1.0718550277230197,1.1154003850838867,0.758634012409339,False
seed_only,0.31400000000000006,0.33656247870502826,1.0718550277230197,1.1140272193635337,0.7578456606616736,False
seed_only,0.31500000000000006,0.33763433373275126,1.0718550277230197,1.1126540534953877,0.7570575273013973,False
seed_only,0.31600000000000006,0.33870618876047426,1.0718550277230197,1.11128088744894,0.756269613013449,False
seed_only,0.31700000000000006,0.3397780437881973,1.0718550277230197,1.109907721247816,0.7554819186489604,False
seed_only,0.31800000000000006,0.3408498988159203,1.0718550277230197,1.108534554887508,0.7546944447806879,False
seed_only,0.31900000000000006,0.3419217538436433,1.0718550277230197,1.1071613883523401,0.7539071920114809,False
seed_only,0.32000000000000006,0.3429936088713664,1.0718550277230197,1.105788221660453,0.7531201614593065,False
seed_only,0.32100000000000006,0.3440654638990894,1.0718550277230197,1.1044150548177978,0.7523333533274961,False
seed_only,0.32200000000000006,0.3451373189268124,1.0718550277230197,1.1030418878091863,0.7515467690804725,False
seed_only,0.32300000000000006,0.34620917395453543,1.0718550277230197,1.101668720643989,0.7507604086515683,False
seed_only,0.32400000000000007,0.34728102898225843,1.0718550277230197,1.1002955532921632,0.7499742731919256,False
seed_only,0.32500000000000007,0.34835288400998143,1.0718550277230197,1.0989223858031805,0.7491883636585019,False
seed_only,0.32600000000000007,0.3494247390377045,1.0718550277230197,1.0975492181452662,0.7484026803905385,False
seed_only,0.32699999999999996,0.3504965940654274,1.0718550277230197,1.0961760503296558,0.7476172244233431,False
seed_only,0.32799999999999996,0.3515684490931504,1.0718550277230197,1.0948028823561717,0.7468319963161795,False
seed_only,0.32899999999999996,0.35264030412087344,1.0718550277230197,1.0934297142042082,0.746046996741429,False
seed_only,0.32999999999999996,0.35371215914859644,1.0718550277230197,1.0920565459073384,0.7452622269998272,False
seed_only,0.33099999999999996,0.35478401417631944,1.0718550277230197,1.0906833774611657,0.7444776871641797,False
seed_only,0.33199999999999996,0.3558558692040425,1.0718550277230197,1.0893102088491924,0.7436933785185663,False
seed_only,0.33299999999999996,0.3569277242317655,1.0718550277230197,1.0879370400479038,0.7429093015432741,False
seed_only,0.33399999999999996,0.35799957925948855,1.0718550277230197,1.086563871118873,0.7421254571621939,False
seed_only,0.33499999999999996,0.35907143428721155,1.0718550277230197,1.0851907020274831,0.7413418462060992,False
seed_only,0.33599999999999997,0.36014328931493456,1.0718550277230197,1.0838175327718025,0.7405584692202554,False
seed_only,0.33699999999999997,0.3612151443426576,1.0718550277230197,1.0824443633674852,0.7397753270679198,False
seed_only,0.33799999999999997,0.3622869993703806,1.0718550277230197,1.0810711937896844,0.7389924207030625,False
seed_only,0.33899999999999997,0.3633588543981036,1.0718550277230197,1.07969802404988,0.7382097507531219,False
seed_only,0.33999999999999997,0.36443070942582667,1.0718550277230197,1.078324854175583,0.7374273180362358,False
seed_only,0.34099999999999997,0.36550256445354967,1.0718550277230197,1.0769516841111937,0.7366451233112619,False
seed_only,0.34199999999999997,0.3665744194812727,1.0718550277230197,1.0755785139091811,0.735863167469247,False
seed_only,0.34299999999999997,0.36764627450899573,1.0718550277230197,1.074205343558976,0.7350814512135283,False
seed_only,0.344,0.36871812953671873,1.0718550277230197,1.0728321730239854,0.7342999755206052,False
seed_only,0.345,0.36978998456444173,1.0718550277230197,1.0714590023570336,0.7335187411983568,False
seed_only,0.346,0.3708618395921648,1.0718550277230197,1.070085831522949,0.7327377485957872,False
seed_only,0.347,0.3719336946198878,1.0718550277230197,1.068712660553084,0.7319569991670375,False
seed_only,0.348,0.3730055496476108,1.0718550277230197,1.0673394894022303,0.7311764933321973,False
seed_only,0.349,0.37407740467533385,1.0718550277230197,1.0659663180971446,0.7303962319337407,False
seed_only,0.35,0.37514925970305685,1.0718550277230197,1.0645931466303216,0.7296162159893742,False
seed_only,0.351,0.3762211147307799,1.0718550277230197,1.063219975030849,0.7288364462868769,False
seed_only,0.352,0.3772929697585029,1.0718550277230197,1.0618468032757677,0.7280569232837681,False
seed_only,0.353,0.3783648247862259,1.0718550277230197,1.0604736313360785,0.7272776482679697,False
seed_only,0.354,0.37943667981394896,1.0718550277230197,1.0591004592591657,0.7264986219941942,False
seed_only,0.355,0.38050853484167196,1.0718550277230197,1.057727287026311,0.7257198452360075,False
seed_only,0.356,0.38158038986939496,1.0718550277230197,1.0563541146290545,0.7249413189442577,False
seed_only,0.357,0.382652244897118,1.0718550277230197,1.054980942093664,0.7241630436312567,False
seed_only,0.358,0.383724099924841,1.0718550277230197,1.0536077693855672,0.7233850205198082,False
seed_only,0.359,0.384795954952564,1.0718550277230197,1.052234596552304,0.7226072502537725,False
seed_only,0.36,0.3858678099802871,1.0718550277230197,1.0508614235419156,0.7218297336754449,False
seed_only,0.361,0.3869396650080101,1.0718550277230197,1.049488250371855,0.7210524717971019,False
seed_only,0.362,0.3880115200357331,1.0718550277230197,1.0481150770486503,0.7202754653706431,False
seed_only,0.363,0.38908337506345614,1.0718550277230197,1.0467419035956604,0.719498715342223,False
seed_only,0.364,0.39015523009117914,1.0718550277230197,1.045368729961682,0.7187222227008536,False
seed_only,0.365,0.39122708511890214,1.0718550277230197,1.0439955561846848,0.7179459880809572,False
seed_only,0.366,0.3922989401466252,1.0718550277230197,1.04262238227939,0.717170012232355,False
seed_only,0.367,0.3933707951743482,1.0718550277230197,1.041249208197681,0.7163942964546052,False
seed_only,0.368,0.39444265020207125,1.0718550277230197,1.0398760339661584,0.7156188411982537,False
seed_only,0.369,0.39551450522979426,1.0718550277230197,1.0385028595891743,0.7148436479099528,False
seed_only,0.37,0.39658636025751726,1.0718550277230197,1.0371296850421263,0.714068717029248,False
seed_only,0.371,0.3976582152852403,1.0718550277230197,1.0357565103586097,0.7132940496338274,False
seed_only,0.372,0.3987300703129633,1.0718550277230197,1.0343833355179521,0.7125196463746917,False
seed_only,0.373,0.3998019253406863,1.0718550277230197,1.0330101605402708,0.7117455084977109,False
seed_only,0.374,0.40087378036840937,1.0718550277230197,1.0316369854001417,0.7109716367945923,False
seed_only,0.375,0.4019456353961324,1.0718550277230197,1.030263810097698,0.7101980320554488,False
seed_only,0.376,0.4030174904238554,1.0718550277230197,1.028890634660029,0.7094246952125715,False
seed_only,0.377,0.40408934545157843,1.0718550277230197,1.027517459081495,0.7086516274672303,False
seed_only,0.378,0.40516120047930143,1.0718550277230197,1.026144283320951,0.7078788294092285,False
seed_only,0.379,0.40623305550702443,1.0718550277230197,1.0247711074332866,0.7071063019391302,False
seed_only,0.38,0.4073049105347475,1.0718550277230197,1.0233979313891695,0.7063340462323454,False
seed_only,0.381,0.4083767655624705,1.0718550277230197,1.022024755190376,0.7055620631481501,False
seed_only,0.382,0.4094486205901935,1.0718550277230197,1.0206515788612647,0.7047903536581215,False
seed_only,0.383,0.41052047561791655,1.0718550277230197,1.01927840237368,0.704018918584529,False
seed_only,0.384,0.41159233064563955,1.0718550277230197,1.0179052257197396,0.703247759065502,False
seed_only,0.385,0.4126641856733626,1.0718550277230197,1.0165320489366136,0.7024768756077617,False
seed_only,0.386,0.4137360407010856,1.0718550277230197,1.015158872004318,0.7017062697165886,False
seed_only,0.387,0.4148078957288086,1.0718550277230197,1.0137856949130386,0.7009359419848743,False
seed_only,0.388,0.41587975075653166,1.0718550277230197,1.012412517677408,0.7001658934678595,False
seed_only,0.389,0.41695160578425466,1.0718550277230197,1.0110393403049978,0.6993961252149029,False
seed_only,0.39,0.41802346081197767,1.0718550277230197,1.009666162761258,0.6986266381493205,False
seed_only,0.391,0.4190953158397007,1.0718550277230197,1.0082929850939948,0.6978574331744234,False
seed_only,0.392,0.4201671708674237,1.0718550277230197,1.0069198072564678,0.6970885112687206,False
seed_only,0.393,0.4212390258951467,1.0718550277230197,1.0055466292861137,0.6963198734175141,False
seed_only,0.394,0.4223108809228698,1.0718550277230197,1.0041734511670342,0.695551520690781,False
seed_only,0.395,0.4233827359505928,1.0718550277230197,1.0028002728943886,0.6947834542338015,False
seed_only,0.396,0.4244545909783158,1.0718550277230197,1.0014270945024162,0.6940156744689571,False
seed_only,0.397,0.42552644600603884,1.0718550277230197,1.000053915928878,0.6932481829360531,False
seed_only,0.398,0.42659830103376184,1.0718550277230197,0.9986807372400541,0.6924809804285803,True
seed_only,0.399,0.42767015606148484,1.0718550277230197,0.9973075583811442,0.6917140679261924,True
seed_only,0.4,0.4287420110892079,1.0718550277230197,0.9959343793768172,0.6909474465404025,True
seed_only,0.401,0.4298138661169309,1.0718550277230197,0.9945612002420612,0.6901811172825105,True
seed_only,0.402,0.43088572114465395,1.0718550277230197,0.9931880209479882,0.6894150810427923,True
seed_only,0.403,0.43195757617237696,1.0718550277230197,0.991814841515537,0.6886493389088557,True
seed_only,0.404,0.43302943120009996,1.0718550277230197,0.9904416619360479,0.6878838919439882,True
seed_only,0.405,0.434101286227823,1.0718550277230197,0.9890684822128959,0.6871187411531906,True
seed_only,0.406,0.435173141255546,1.0718550277230197,0.9876953023438162,0.6863538872659847,True
seed_only,0.40700000000000003,0.436244996283269,1.0718550277230197,0.9863221223384677,0.6855893318767814,True
seed_only,0.40800000000000003,0.43731685131099207,1.0718550277230197,0.9849489421767332,0.6848250757730863,True
seed_only,0.40900000000000003,0.4383887063387151,1.0718550277230197,0.9835757618793739,0.6840611198076209,True
seed_only,0.41000000000000003,0.4394605613664381,1.0718550277230197,0.9822025814403501,0.6832974656090107,True
seed_only,0.41100000000000003,0.44053241639416113,1.0718550277230197,0.9808294008507357,0.6825341133144175,True
seed_only,0.41200000000000003,0.44160427142188413,1.0718550277230197,0.9794562201204782,0.6817710646867275,True
seed_only,0.41300000000000003,0.44267612644960713,1.0718550277230197,0.9780830392257966,0.6810083207123054,True
seed_only,0.41400000000000003,0.4437479814773302,1.0718550277230197,0.9767098582165623,0.6802458822367197,True
seed_only,0.41500000000000004,0.4448198365050532,1.0718550277230197,0.9753366770551608,0.6794837505471323,True
seed_only,0.41600000000000004,0.4458916915327762,1.0718550277230197,0.9739634957782739,0.6787219265235978,True
seed_only,0.41700000000000004,0.44696354656049925,1.0718550277230197,0.9725903143122938,0.6779604111872299,True
seed_only,0.41800000000000004,0.44803540158822225,1.0718550277230197,0.9712171327335817,0.6771992061063293,True
seed_only,0.41900000000000004,0.4491072566159453,1.0718550277230197,0.9698439509909118,0.6764383118737156,True
seed_only,0.42000000000000004,0.4501791116436683,1.0718550277230197,0.9684707691224537,0.6756777297792377,True
seed_only,0.42100000000000004,0.4512509666713913,1.0718550277230197,0.9670975871136633,0.6749174607195972,True
seed_only,0.42200000000000004,0.45232282169911436,1.0718550277230197,0.9657244049556368,0.6741575061306144,True
seed_only,0.42300000000000004,0.45339467672683736,1.0718550277230197,0.9643512226527484,0.673397866960378,True
seed_only,0.42400000000000004,0.45446653175456037,1.0718550277230197,0.9629780402294674,0.6726385442808805,True
seed_only,0.42500000000000004,0.4555383867822834,1.0718550277230197,0.9616048576502667,0.6718795390257764,True
seed_only,0.42600000000000005,0.4566102418100064,1.0718550277230197,0.9602316749430573,0.6711208527788037,True
seed_only,0.42700000000000005,0.4576820968377294,1.0718550277230197,0.9588584920762644,0.6703624864782777,True
seed_only,0.42800000000000005,0.4587539518654525,1.0718550277230197,0.957485309083661,0.6696044409305532,True
seed_only,0.42900000000000005,0.4598258068931755,1.0718550277230197,0.9561121259557881,0.6688467176658155,True
seed_only,0.43000000000000005,0.4608976619208985,1.0718550277230197,0.9547389426700859,0.6680893177574525,True
seed_only,0.43100000000000005,0.46196951694862154,1.0718550277230197,0.9533657592586176,0.6673322420937278,True
seed_only,0.43200000000000005,0.46304137197634454,1.0718550277230197,0.9519925756939163,0.6665754921524301,True
seed_only,0.43300000000000005,0.46411322700406754,1.0718550277230197,0.9506193919936123,0.6658190689682836,True
seed_only,0.43400000000000005,0.4651850820317906,1.0718550277230197,0.9492462081669872,0.665062973583433,True
seed_only,0.43500000000000005,0.4662569370595136,1.0718550277230197,0.947873024196455,0.6643072073334559,True
seed_only,0.43600000000000005,0.46732879208723666,1.0718550277230197,0.9464998400756208,0.6635517712673049,True
seed_only,0.43700000000000006,0.46840064711495966,1.0718550277230197,0.9451266558406557,0.6627966666753783,True
seed_only,0.43800000000000006,0.46947250214268266,1.0718550277230197,0.9437534714425544,0.6620418945596624,True
seed_only,0.43900000000000006,0.4705443571704057,1.0718550277230197,0.9423802869238385,0.6612874563571896,True
seed_only,0.44000000000000006,0.4716162121981287,1.0718550277230197,0.9410071022527555,0.660533353037411,True
seed_only,0.44100000000000006,0.4726880672258517,1.0718550277230197,0.9396339174756241,0.6597795856176234,True
seed_only,0.44200000000000006,0.4737599222535748,1.0718550277230197,0.9382607325306935,0.6590261558724761,True
seed_only,0.44300000000000006,0.4748317772812978,1.0718550277230197,0.9368875474442095,0.6582730644632673,True
seed_only,0.44400000000000006,0.4759036323090208,1.0718550277230197,0.9355143622368001,0.6575203129266206,True
seed_only,0.44500000000000006,0.47697548733674383,1.0718550277230197,0.9341411768967411,0.6567679021868011,True
seed_only,0.44600000000000006,0.47804734236446683,1.0718550277230197,0.9327679914171272,0.6560158337000465,True
seed_only,0.44700000000000006,0.47911919739218983,1.0718550277230197,0.9313948057822152,0.6552641087295795,True
seed_only,0.44800000000000006,0.4801910524199129,1.0718550277230197,0.9300216200296418,0.6545127282528271,True
seed_only,0.44900000000000007,0.4812629074476359,1.0718550277230197,0.9286484341481938,0.6537616936290996,True
seed_only,0.45000000000000007,0.4823347624753589,1.0718550277230197,0.9272752481184199,0.6530110062343468,True
seed_only,0.45100000000000007,0.48340661750308195,1.0718550277230197,0.9259020619365899,0.6522606669800963,True
seed_only,0.45200000000000007,0.48447847253080495,1.0718550277230197,0.9245288756403625,0.6515106775391017,True
seed_only,0.45300000000000007,0.485550327558528,1.0718550277230197,0.9231556892141723,0.6507610387137607,True
seed_only,0.45399999999999996,0.4866221825862509,1.0718550277230197,0.92178250266024,0.6500117522181915,True
seed_only,0.45499999999999996,0.4876940376139739,1.0718550277230197,0.920409315932158,0.6492628188186161,True
seed_only,0.45599999999999996,0.4887658926416969,1.0718550277230197,0.9190361291115279,0.6485142403462325,True
seed_only,0.45699999999999996,0.48983774766941995,1.0718550277230197,0.9176629421349114,0.6477660176439832,True
seed_only,0.45799999999999996,0.49090960269714295,1.0718550277230197,0.9162897550373028,0.6470181520998854,True
seed_only,0.45899999999999996,0.491981457724866,1.0718550277230197,0.914916567797941,0.6462706451289462,True
seed_only,0.45999999999999996,0.493053312752589,1.0718550277230197,0.9135433804323023,0.6455234976259395,True
seed_only,0.46099999999999997,0.494125167780312,1.0718550277230197,0.9121701929241777,0.6447767114859624,True
seed_only,0.46199999999999997,0.49519702280803507,1.0718550277230197,0.9107970052873116,0.6440302877052931,True
seed_only,0.46299999999999997,0.49626887783575807,1.0718550277230197,0.9094238175045843,0.6432842273993086,True
seed_only,0.46399999999999997,0.49734073286348107,1.0718550277230197,0.9080506295963131,0.6425385321880176,True
seed_only,0.46499999999999997,0.49841258789120413,1.0718550277230197,0.9066774415562806,0.6417932031221776,True
seed_only,0.46599999999999997,0.49948444291892713,1.0718550277230197,0.9053042533893718,0.6410482420081178,True
seed_only,0.46699999999999997,0.5005562979466501,1.0718550277230197,0.9039310650905463,0.6403036495755008,True
seed_only,0.46799999999999997,0.5016281529743731,1.0718550277230197,0.9025578766565845,0.6395594275572578,True
seed_only,0.469,0.5027000080020962,1.0718550277230197,0.9011846880898844,0.6388155769232234,True
seed_only,0.47,0.5037718630298192,1.0718550277230197,0.8998114993962192,0.6380720994092146,True
seed_only,0.471,0.5048437180575422,1.0718550277230197,0.898438310565064,0.6373289964569493,True
seed_only,0.472,0.5059155730852652,1.0718550277230197,0.897065121609697,0.6365862689656436,True
seed_only,0.473,0.5069874281129882,1.0718550277230197,0.8956919325100454,0.6358439183065461,True
seed_only,0.474,0.5080592831407112,1.0718550277230197,0.8943187433085198,0.635101946230667,True
seed_only,0.475,0.5091311381684344,1.0718550277230197,0.8929455539389508,0.6343603540307775,True
seed_only,0.476,0.5102029931961574,1.0718550277230197,0.8915723644547624,0.6336191428615906,True
seed_only,0.477,0.5112748482238804,1.0718550277230197,0.8901991748617277,0.632878314226491,True
seed_only,0.478,0.5123467032516034,1.0718550277230197,0.8888259851196345,0.6321378696197236,True
seed_only,0.479,0.5134185582793264,1.0718550277230197,0.8874527952442257,0.6313978102141568,True
seed_only,0.48,0.5144904133070494,1.0718550277230197,0.8860796052398756,0.6306581375853338,True
seed_only,0.481,0.5155622683347725,1.0718550277230197,0.8847064150993234,0.629918853178292,True
seed_only,0.482,0.5166341233624955,1.0718550277230197,0.8833332248422865,0.6291799582680911,True
seed_only,0.483,0.5177059783902185,1.0718550277230197,0.8819600344740941,0.6284414542977523,True
seed_only,0.484,0.5187778334179415,1.0718550277230197,0.8805868439451414,0.6277033427923048,True
seed_only,0.485,0.5198496884456645,1.0718550277230197,0.8792136532985051,0.626965625212361,True
seed_only,0.486,0.5209215434733876,1.0718550277230197,0.877840462526791,0.6262283027654091,True
seed_only,0.487,0.5219933985011106,1.0718550277230197,0.8764672716350175,0.6254913770353997,True
seed_only,0.488,0.5230652535288336,1.0718550277230197,0.875094080591543,0.6247548496199693,True
seed_only,0.489,0.5241371085565566,1.0718550277230197,0.8737208894381565,0.6240187215113621,True
seed_only,0.49,0.5252089635842796,1.0718550277230197,0.8723476981575606,0.6232829947511972,True
seed_only,0.491,0.5262808186120026,1.0718550277230197,0.8709745067423169,0.6225476705052166,True
seed_only,0.492,0.5273526736397257,1.0718550277230197,0.8696013152101223,0.6218127501971895,True
seed_only,0.493,0.5284245286674487,1.0718550277230197,0.8682281235363076,0.6210782353328292,True
seed_only,0.494,0.5294963836951717,1.0718550277230197,0.8668549317397467,0.6203441278802254,True
seed_only,0.495,0.5305682387228947,1.0718550277230197,0.8654817398211723,0.619610428487586,True
seed_only,0.496,0.5316400937506177,1.0718550277230197,0.8641085477766319,0.618877139368463,True
seed_only,0.497,0.5327119487783407,1.0718550277230197,0.8627353556081463,0.6181442614000994,True
seed_only,0.498,0.5337838038060638,1.0718550277230197,0.8613621633208224,0.6174117968435777,True
seed_only,0.499,0.5348556588337868,1.0718550277230197,0.8599889708932773,0.6166797465952817,True
seed_only,0.5,0.5359275138615098,1.0718550277230197,0.8586157783400106,0.615948112627826,True
seed_only,0.501,0.5369993688892328,1.0718550277230197,0.8572425856748778,0.6152168958532462,True
seed_only,0.502,0.5380712239169558,1.0718550277230197,0.8558693928761407,0.6144860985608886,True
seed_only,0.503,0.5391430789446789,1.0718550277230197,0.8544961999580547,0.6137557218126627,True
seed_only,0.504,0.540214933972402,1.0718550277230197,0.8531230069038997,0.6130257673028164,True
seed_only,0.505,0.541286789000125,1.0718550277230197,0.851749813731062,0.6122962364591099,True
seed_only,0.506,0.542358644027848,1.0718550277230197,0.8503766204410068,0.6115671310301052,True
seed_only,0.507,0.543430499055571,1.0718550277230197,0.8490034270186575,0.6108384525752962,True
seed_only,0.508,0.544502354083294,1.0718550277230197,0.8476302334673891,0.6101102023907771,True
seed_only,0.509,0.5455742091110171,1.0718550277230197,0.8462570398125369,0.6093823826311582,True
seed_only,0.51,0.5466460641387401,1.0718550277230197,0.8448838460078933,0.6086549942873655,True
seed_only,0.511,0.5477179191664631,1.0718550277230197,0.8435106521057945,0.6079280392164425,True
seed_only,0.512,0.5487897741941861,1.0718550277230197,0.8421374580665608,0.6072015189913145,True
seed_only,0.513,0.5498616292219091,1.0718550277230197,0.8407642639168156,0.60647543553708,True
seed_only,0.514,0.5509334842496321,1.0718550277230197,0.8393910696252505,0.605749789955589,True
seed_only,0.515,0.5520053392773552,1.0718550277230197,0.8380178752201761,0.6050245840747367,True
seed_only,0.516,0.5530771943050782,1.0718550277230197,0.8366446806930439,0.6042998196614122,True
seed_only,0.517,0.5541490493328012,1.0718550277230197,0.8352714860534016,0.6035754981185202,True
seed_only,0.518,0.5552209043605242,1.0718550277230197,0.8338982912849291,0.6028516211709336,True
seed_only,0.519,0.5562927593882472,1.0718550277230197,0.8325250963888697,0.602128190578288,True
seed_only,0.52,0.5573646144159703,1.0718550277230197,0.8311519013739055,0.6014052080648696,True
seed_only,0.521,0.5584364694436933,1.0718550277230197,0.8297787062293116,0.6006826750159321,True
seed_only,0.522,0.5595083244714163,1.0718550277230197,0.828405510995478,0.5999605931711715,True
seed_only,0.523,0.5605801794991393,1.0718550277230197,0.8270323156180703,0.5992389645479465,True
seed_only,0.524,0.5616520345268623,1.0718550277230197,0.8256591201176278,0.5985177902905986,True
seed_only,0.525,0.5627238895545853,1.0718550277230197,0.8242859244930179,0.5977970724926004,True
seed_only,0.526,0.5637957445823084,1.0718550277230197,0.8229127287662452,0.5970768127800814,True
seed_only,0.527,0.5648675996100314,1.0718550277230197,0.82153953290931,0.5963570128973689,True
seed_only,0.528,0.5659394546377544,1.0718550277230197,0.8201663369318934,0.5956376744445862,True
seed_only,0.529,0.5670113096654774,1.0718550277230197,0.8187931408395466,0.5949187990666158,True
seed_only,0.53,0.5680831646932004,1.0718550277230197,0.8174199446310926,0.5942003886976273,True
seed_only,0.531,0.5691550197209234,1.0718550277230197,0.8160467482908329,0.5934824450802465,True
seed_only,0.532,0.5702268747486465,1.0718550277230197,0.8146735518395509,0.5927649696516366,True
seed_only,0.533,0.5712987297763695,1.0718550277230197,0.8133003552581286,0.5920479645949874,True
seed_only,0.534,0.5723705848040925,1.0718550277230197,0.8119271585733001,0.5913314313550634,True
seed_only,0.535,0.5734424398318155,1.0718550277230197,0.8105539617680568,0.5906153718258987,True
seed_only,0.536,0.5745142948595385,1.0718550277230197,0.8097454972381346,0.5898997878979713,True
seed_only,0.537,0.5755861498872616,1.0718550277230197,0.8091550577398188,0.5891846811284611,True
seed_only,0.538,0.5766580049149846,1.0718550277230197,0.808564602653794,0.5884700531478813,True
seed_only,0.539,0.5777298599427076,1.0718550277230197,0.8079741319662048,0.5877559062285105,True
seed_only,0.54,0.5788017149704306,1.0718550277230197,0.8073836461071515,0.5870422418557011,True
seed_only,0.541,0.5798735699981536,1.0718550277230197,0.806793144729423,0.5863290620705194,True
seed_only,0.542,0.5809454250258766,1.0718550277230197,0.8062026277413814,0.5856163683543789,True
seed_only,0.543,0.5820172800535998,1.0718550277230197,0.8056120952787404,0.5849041629008811,True
seed_only,0.544,0.5830891350813228,1.0718550277230197,0.8050215474274092,0.5841924472531109,True
seed_only,0.545,0.5841609901090458,1.0718550277230197,0.8044309841015229,0.5834812234900225,True
seed_only,0.546,0.5852328451367688,1.0718550277230197,0.803840405152334,0.582770493308565,True
seed_only,0.547,0.5863047001644918,1.0718550277230197,0.8032498107531927,0.5820602585502421,True
seed_only,0.548,0.5873765551922148,1.0718550277230197,0.8026592009347189,0.5813505213255152,True
seed_only,0.549,0.5884484102199379,1.0718550277230197,0.8020685756546131,0.5806412831869906,True
seed_only,0.55,0.5895202652476609,1.0718550277230197,0.8014779348720191,0.5799325461053375,True
seed_only,0.551,0.5905921202753839,1.0718550277230197,0.8008872785804755,0.5792243120612803,True
seed_only,0.552,0.5916639753031069,1.0718550277230197,0.8002966070045137,0.5785165827411657,True
seed_only,0.553,0.5927358303308299,1.0718550277230197,0.799705919766236,0.5778093605084529,True
seed_only,0.554,0.593807685358553,1.0718550277230197,0.7991152171884064,0.5771026469079599,True
seed_only,0.555,0.594879540386276,1.0718550277230197,0.7985244989436202,0.5763964439587669,True
seed_only,0.556,0.595951395413999,1.0718550277230197,0.7979337653674978,0.5756907535087341,True
seed_only,0.557,0.597023250441722,1.0718550277230197,0.7973430161824169,0.5749855775021507,True
seed_only,0.558,0.598095105469445,1.0718550277230197,0.7967522516113101,0.5742809181110002,True
seed_only,0.559,0.599166960497168,1.0718550277230197,0.7961614714754983,0.5735767769676394,True
seed_only,0.56,0.6002388155248911,1.0718550277230197,0.7955706758008052,0.5728731560503306,True
seed_only,0.561,0.6013106705526141,1.0718550277230197,0.7949798648300588,0.5721700578320705,True
seed_only,0.562,0.6023825255803371,1.0718550277230197,0.7943890383469432,0.5714674836911211,True
seed_only,0.5630000000000001,0.6034543806080601,1.0718550277230197,0.7937981963535234,0.5707654360401052,True
seed_only,0.5640000000000001,0.6045262356357831,1.0718550277230197,0.7932073388472238,0.570063916410287,True
seed_only,0.5650000000000001,0.6055980906635061,1.0718550277230197,0.7926164658726309,0.5693629273200965,True
seed_only,0.5660000000000001,0.6066699456912292,1.0718550277230197,0.7920255776482588,0.5686624705482872,True
seed_only,0.5670000000000001,0.6077418007189522,1.0718550277230197,0.7914346736271671,0.5679625480356908,True
seed_only,0.5680000000000001,0.6088136557466752,1.0718550277230197,0.79084375431282,0.5672631618259505,True
seed_only,0.5690000000000001,0.6098855107743982,1.0718550277230197,0.7902528192402114,0.5665643139096114,True
seed_only,0.5700000000000001,0.6109573658021212,1.0718550277230197,0.7896618690610868,0.5658660065541263,True
seed_only,0.5710000000000001,0.6120292208298443,1.0718550277230197,0.7890709032908338,0.5651682418069063,True
seed_only,0.5720000000000001,0.6131010758575673,1.0718550277230197,0.78847992186315,0.5644710214786931,True
seed_only,0.5730000000000001,0.6141729308852903,1.0718550277230197,0.7878889250581222,0.5637743480826204,True
seed_only,0.5740000000000001,0.6152447859130133,1.0718550277230197,0.7872979127801827,0.5630782231324402,True
seed_only,0.5750000000000001,0.6163166409407363,1.0718550277230197,0.7867068850551329,0.5623826490168025,True
seed_only,0.5760000000000001,0.6173884959684593,1.0718550277230197,0.7861158420391146,0.5616876279735279,True
seed_only,0.5770000000000001,0.6184603509961825,1.0718550277230197,0.7855247832099455,0.560993161795579,True
seed_only,0.5780000000000001,0.6195322060239055,1.0718550277230197,0.7849337091103692,0.5602992527797217,True
seed_only,0.5790000000000001,0.6206040610516285,1.0718550277230197,0.7843426194591663,0.5596059030110782,True
seed_only,0.5800000000000001,0.6216759160793515,1.0718550277230197,0.7837515142822493,0.5589131147904581,True
seed_only,0.5810000000000001,0.6227477711070745,1.0718550277230197,0.783160393629867,0.5582208897901995,True
seed_only,0.5820000000000001,0.6238196261347975,1.0718550277230197,0.7825692576690191,0.5575292306895233,True
seed_only,0.583,0.6248914811625205,1.0718550277230197,0.7819781059581921,0.5568381394570965,True
seed_only,0.584,0.6259633361902435,1.0718550277230197,0.7813869390127959,0.5561476180545796,True
seed_only,0.585,0.6270351912179665,1.0718550277230197,0.7807957565724166,0.5554576691469242,True
seed_only,0.586,0.6281070462456895,1.0718550277230197,0.7802045584141215,0.5547682943010009,True
seed_only,0.587,0.6291789012734125,1.0718550277230197,0.7796133449559983,0.5540794961796084,True
seed_only,0.588,0.6302507563011355,1.0718550277230197,0.7790221162049527,0.5533912768495277,True
seed_only,0.589,0.6313226113288586,1.0718550277230197,0.7784308716401123,0.5527036384438969,True
seed_only,0.59,0.6323944663565816,1.0718550277230197,0.7778396117745778,0.5520165833587347,True
seed_only,0.591,0.6334663213843046,1.0718550277230197,0.7772483363877258,0.5513301136312763,True
seed_only,0.592,0.6345381764120276,1.0718550277230197,0.7766570455161936,0.5506442316508525,True
seed_only,0.593,0.6356100314397506,1.0718550277230197,0.7760657391622017,0.5499589398633355,True
seed_only,0.594,0.6366818864674737,1.0718550277230197,0.7754744173202432,0.5492742398837547,True
seed_only,0.595,0.6377537414951967,1.0718550277230197,0.7748830801604711,0.5485901346653855,True
seed_only,0.596,0.6388255965229197,1.0718550277230197,0.7742917273392935,0.5479066260153719,True
seed_only,0.597,0.6398974515506427,1.0718550277230197,0.7737003590211566,0.5472237165408563,True
seed_only,0.598,0.6409693065783657,1.0718550277230197,0.773108975449821,0.5465414084920323,True
seed_only,0.599,0.6420411616060887,1.0718550277230197,0.7725175760882719,0.545859703890191,True
seed_only,0.6,0.6431130166338118,1.0718550277230197,0.7719261614810957,0.5451786054088328,True
seed_only,0.601,0.6441848716615348,1.0718550277230197,0.7713347313329955,0.5444981152323768,True
seed_only,0.602,0.6452567266892578,1.0718550277230197,0.770743285762121,0.5438182358171693,True
seed_only,0.603,0.6463285817169808,1.0718550277230197,0.7701518246691297,0.5431389690552232,True
seed_only,0.604,0.6474004367447038,1.0718550277230197,0.7695603480415647,0.5424603178671908,True
seed_only,0.605,0.6484722917724268,1.0718550277230197,0.7689688558387697,0.5417822844456082,True
seed_only,0.606,0.6495441468001499,1.0718550277230197,0.768377348507765,0.5411048711243075,True
seed_only,0.607,0.6506160018278729,1.0718550277230197,0.7677858254197867,0.5404280799845893,True
seed_only,0.608,0.6516878568555959,1.0718550277230197,0.7671942870564941,0.5397519140301427,True
seed_only,0.609,0.6527597118833189,1.0718550277230197,0.7666027329191749,0.5390763752379875,True
seed_only,0.61,0.6538315669110419,1.0718550277230197,0.7660111636286215,0.538401466141964,True
seed_only,0.611,0.654903421938765,1.0718550277230197,0.7654195785366413,0.537727189247802,True
seed_only,0.612,0.655975276966488,1.0718550277230197,0.7648279781506506,0.5370535468226,True
seed_only,0.613,0.657047131994211,1.0718550277230197,0.7642363622826664,0.5363805415258494,True
seed_only,0.614,0.658118987021934,1.0718550277230197,0.7636447310167327,0.5357081755572056,True
seed_only,0.615,0.659190842049657,1.0718550277230197,0.7630530840172289,0.5350364515593043,True
seed_only,0.616,0.6602626970773801,1.0718550277230197,0.7624614217983883,0.5343653720600077,True
seed_only,0.617,0.6613345521051032,1.0718550277230197,0.7618697439777167,0.5336949393144336,True
seed_only,0.618,0.6624064071328262,1.0718550277230197,0.7612780506686567,0.5330251558858962,True
seed_only,0.619,0.6634782621605492,1.0718550277230197,0.760686342061967,0.5323560245121781,True
seed_only,0.62,0.6645501171882722,1.0718550277230197,0.7600946177856116,0.5316875473818562,True
seed_only,0.621,0.6656219722159952,1.0718550277230197,0.7595028781249624,0.5310197271317846,True
seed_only,0.622,0.6666938272437182,1.0718550277230197,0.7589111229146184,0.5303525665680582,True
seed_only,0.623,0.6677656822714413,1.0718550277230197,0.758319352293424,0.5296860679065525,True
seed_only,0.624,0.6688375372991643,1.0718550277230197,0.7577275660612282,0.5290202339504638,True
seed_only,0.625,0.6699093923268873,1.0718550277230197,0.7571357644167609,0.5283550668953941,True
seed_only,0.626,0.6709812473546103,1.0718550277230197,0.7565439475240021,0.5276905698716767,True
seed_only,0.627,0.6720531023823333,1.0718550277230197,0.7559521149524073,0.5270267449614342,True
seed_only,0.628,0.6731249574100564,1.0718550277230197,0.7553602668316728,0.526363594814335,True
seed_only,0.629,0.6741968124377794,1.0718550277230197,0.7547684033634372,0.5257011222403578,True
seed_only,0.63,0.6752686674655024,1.0718550277230197,0.7541765242692788,0.5250393300680744,True
seed_only,0.631,0.6763405224932254,1.0718550277230197,0.753584630006765,0.5243782204625591,True
seed_only,0.632,0.6774123775209484,1.0718550277230197,0.7529927200164988,0.5237177962307811,True
seed_only,0.633,0.6784842325486714,1.0718550277230197,0.7524007945879152,0.5230580602231667,True
seed_only,0.634,0.6795560875763945,1.0718550277230197,0.7518088538046364,0.5223990147850914,True
seed_only,0.635,0.6806279426041175,1.0718550277230197,0.751216897403828,0.5217406627818557,True
seed_only,0.636,0.6816997976318405,1.0718550277230197,0.7506249255095243,0.5210830069854133,True
seed_only,0.637,0.6827716526595635,1.0718550277230197,0.7500329382857496,0.5204260499442365,True
seed_only,0.638,0.6838435076872865,1.0718550277230197,0.7494409353665521,0.5197697941452417,True
seed_only,0.639,0.6849153627150095,1.0718550277230197,0.7488489170966339,0.5191142428375262,True
seed_only,0.64,0.6859872177427326,1.0718550277230197,0.7482568833702796,0.5184593983434341,True
seed_only,0.641,0.6870590727704556,1.0718550277230197,0.7476648340757119,0.5178052633726722,True
seed_only,0.642,0.6881309277981786,1.0718550277230197,0.7470727694320667,0.5171518410237542,True
seed_only,0.643,0.6892027828259016,1.0718550277230197,0.7464806891291031,0.5164991338688653,True
seed_only,0.644,0.6902746378536246,1.0718550277230197,0.7458885936718396,0.5158471443937062,True
seed_only,0.645,0.6913464928813478,1.0718550277230197,0.7452964824487873,0.5151958758220723,True
seed_only,0.646,0.6924183479090708,1.0718550277230197,0.7447043559170696,0.5145453308755038,True
seed_only,0.647,0.6934902029367938,1.0718550277230197,0.7441122137184175,0.5138955122178814,True
seed_only,0.648,0.6945620579645168,1.0718550277230197,0.7435200562459388,0.5132464227946325,True
seed_only,0.649,0.6956339129922398,1.0718550277230197,0.742927883289668,0.5125980650030142,True
seed_only,0.65,0.6967057680199628,1.0718550277230197,0.7423356947521498,0.5119504424047611,True
seed_only,0.651,0.6977776230476859,1.0718550277230197,0.7417434906200615,0.51130355715101,True
seed_only,0.652,0.6988494780754089,1.0718550277230197,0.7411512712884427,0.5106574126907008,True
seed_only,0.653,0.6999213331031319,1.0718550277230197,0.7405590363421588,0.5100120114310488,True
seed_only,0.654,0.7009931881308549,1.0718550277230197,0.7399667859566472,0.5093673566044038,True
seed_only,0.655,0.7020650431585779,1.0718550277230197,0.739374519974656,0.5087234509300779,True
seed_only,0.656,0.7031368981863009,1.0718550277230197,0.7387822386481391,0.5080802971718394,True
seed_only,0.657,0.704208753214024,1.0718550277230197,0.7381899418028581,0.50743789861206,True
seed_only,0.658,0.705280608241747,1.0718550277230197,0.7375976295551423,0.5067962580214954,True
seed_only,0.659,0.70635246326947,1.0718550277230197,0.7370053016435785,0.5061553781111625,True
seed_only,0.66,0.707424318297193,1.0718550277230197,0.7364129583235401,0.505515262117678,True
seed_only,0.661,0.708496173324916,1.0718550277230197,0.7358205997823442,0.5048759129367821,True
seed_only,0.662,0.7095680283526391,1.0718550277230197,0.7352282254794673,0.5042373334155891,True
seed_only,0.663,0.7106398833803621,1.0718550277230197,0.734635835746289,0.5035995267695191,True
seed_only,0.664,0.7117117384080851,1.0718550277230197,0.7340434306634336,0.5029624956943288,True
seed_only,0.665,0.7127835934358081,1.0718550277230197,0.7334510100248215,0.5023262434694424,True
seed_only,0.666,0.7138554484635311,1.0718550277230197,0.7328585739146742,0.501690773024393,True
seed_only,0.667,0.7149273034912541,1.0718550277230197,0.7322661222261218,0.501056087476186,True
seed_only,0.668,0.7159991585189772,1.0718550277230197,0.7316736551771674,0.5004221896396959,True
seed_only,0.669,0.7170710135467002,1.0718550277230197,0.7310811726479072,0.49978908262355626,True
seed_only,0.67,0.7181428685744232,1.0718550277230197,0.7304886747519168,0.49915676974729717,True
seed_only,0.671,0.7192147236021462,1.0718550277230197,0.7298961610870958,0.4985252539040052,True
seed_only,0.672,0.7202865786298692,1.0718550277230197,0.7293036321848634,0.4978945382107973,True
seed_only,0.673,0.7213584336575922,1.0718550277230197,0.7287110876652347,0.4972646258839968,True
seed_only,0.674,0.7224302886853153,1.0718550277230197,0.7281185277119739,0.49663551984687354,True
seed_only,0.675,0.7235021437130383,1.0718550277230197,0.7275259525314492,0.4960072232514508,True
seed_only,0.676,0.7245739987407613,1.0718550277230197,0.7269333616388041,0.4953797393553706,True
seed_only,0.677,0.7256458537684843,1.0718550277230197,0.7263407551942214,0.4947530712181938,True
seed_only,0.678,0.7267177087962073,1.0718550277230197,0.7257481333712068,0.4941272220422155,True
seed_only,0.679,0.7277895638239305,1.0718550277230197,0.725155496004426,0.4935021949044087,True
seed_only,0.68,0.7288614188516535,1.0718550277230197,0.7245628432579032,0.4928779931218974,True
seed_only,0.681,0.7299332738793765,1.0718550277230197,0.7239701750608063,0.4922546198931529,True
seed_only,0.682,0.7310051289070995,1.0718550277230197,0.7233774913959046,0.4916320785476579,True
seed_only,0.683,0.7320769839348225,1.0718550277230197,0.7227847921588815,0.49101037187552177,True
seed_only,0.684,0.7331488389625455,1.0718550277230197,0.7221920773511803,0.49038950360240674,True
seed_only,0.685,0.7342206939902686,1.0718550277230197,0.7215993472518889,0.48976947652297087,True
seed_only,0.686,0.7352925490179916,1.0718550277230197,0.7210066016191341,0.489150294335488,True
seed_only,0.687,0.7363644040457146,1.0718550277230197,0.7204138405505933,0.4885319599151707,True
seed_only,0.6880000000000001,0.7374362590734376,1.0718550277230197,0.7198210639968616,0.487914477041705,True
seed_only,0.6890000000000001,0.7385081141011606,1.0718550277230197,0.7192282719570064,0.4872978484845548,True
seed_only,0.6900000000000001,0.7395799691288836,1.0718550277230197,0.7186354643578197,0.48668207791688234,True
seed_only,0.6910000000000001,0.7406518241566067,1.0718550277230197,0.7180426414084451,0.48606716855843835,True
seed_only,0.6920000000000001,0.7417236791843297,1.0718550277230197,0.7174498027935128,0.48545312351797143,True
seed_only,0.6930000000000001,0.7427955342120527,1.0718550277230197,0.7168569489715004,0.48483994661441643,True
seed_only,0.6940000000000001,0.7438673892397757,1.0718550277230197,0.716264079479334,0.48422764055648143,True
seed_only,0.6950000000000001,0.7449392442674987,1.0718550277230197,0.7156711947363004,0.483616209394034,True
seed_only,0.6960000000000001,0.7460110992952218,1.0718550277230197,0.7150782943520229,0.4830056559927032,True
seed_only,0.6970000000000001,0.7470829543229448,1.0718550277230197,0.7144853785101102,0.4823959840528559,True
seed_only,0.6980000000000001,0.7481548093506678,1.0718550277230197,0.7138924469931807,0.48178719679909515,True
seed_only,0.6990000000000001,0.7492266643783908,1.0718550277230197,0.7132995002391507,0.4811792977029754,True
seed_only,0.7000000000000001,0.7502985194061138,1.0718550277230197,0.7127065379737063,0.480572290391832,True
seed_only,0.7010000000000001,0.7513703744338368,1.0718550277230197,0.7121135602847106,0.4799661780468535,True
seed_only,0.7020000000000001,0.7524422294615599,1.0718550277230197,0.7115205671847535,0.47936096425269886,True
seed_only,0.7030000000000001,0.7535140844892829,1.0718550277230197,0.7109275584277652,0.4787566522381043,True
seed_only,0.7040000000000001,0.7545859395170059,1.0718550277230197,0.7103345341864964,0.4781532459697779,True
seed_only,0.7050000000000001,0.7556577945447289,1.0718550277230197,0.7097414946910741,0.4775507486786793,True
seed_only,0.7060000000000001,0.7567296495724519,1.0718550277230197,0.7091484394084135,0.47694916352427547,True
seed_only,0.7070000000000001,0.7578015046001749,1.0718550277230197,0.7085553688539248,0.47634849466682494,True
seed_only,0.7080000000000001,0.758873359627898,1.0718550277230197,0.7079622827882215,0.4757487453526398,True
seed_only,0.7090000000000001,0.759945214655621,1.0718550277230197,0.7073691811636529,0.4751499189114898,True
seed_only,0.71,0.7610170696833439,1.0718550277230197,0.706776064235104,0.47455201914937994,True
seed_only,0.711,0.7620889247110669,1.0718550277230197,0.7061829317386525,0.473955049660086,True
seed_only,0.712,0.7631607797387899,1.0718550277230197,0.7055897836948599,0.47335901390081164,True
seed_only,0.713,0.7642326347665129,1.0718550277230197,0.7049966203010793,0.4727639155671259,True
seed_only,0.714,0.765304489794236,1.0718550277230197,0.7044034413275391,0.47216975808641237,True
seed_only,0.715,0.766376344821959,1.0718550277230197,0.7038102469268948,0.4715765451597421,True
seed_only,0.716,0.767448199849682,1.0718550277230197,0.7032170371396251,0.47098428051304286,True
seed_only,0.717,0.768520054877405,1.0718550277230197,0.7026238118409411,0.4703929677722767,True
seed_only,0.718,0.769591909905128,1.0718550277230197,0.7020305710156105,0.469802610505167,True
seed_only,0.719,0.7706637649328512,1.0718550277230197,0.7014373146520203,0.46921321246263437,True
seed_only,0.72,0.7717356199605742,1.0718550277230197,0.7008440428984075,0.4686247773872428,True
seed_only,0.721,0.7728074749882972,1.0718550277230197,0.700250755653431,0.4680373086395217,True
seed_only,0.722,0.7738793300160202,1.0718550277230197,0.6996574530842237,0.4674508103501657,True
seed_only,0.723,0.7749511850437432,1.0718550277230197,0.699064134803784,0.4668652860745804,True
seed_only,0.724,0.7760230400714662,1.0718550277230197,0.69847080125367,0.46628073959389876,True
seed_only,0.725,0.7770948950991893,1.0718550277230197,0.6978774520853825,0.4656971744773876,True
seed_only,0.726,0.7781667501269123,1.0718550277230197,0.6972840874736708,0.46511459457285814,True
seed_only,0.727,0.7792386051546353,1.0718550277230197,0.6966907073549633,0.4645330035894731,True
seed_only,0.728,0.7803104601823583,1.0718550277230197,0.6960973117758895,0.46395240543024596,True
seed_only,0.729,0.7813823152100813,1.0718550277230197,0.695503900776373,0.4633728040164347,True
seed_only,0.73,0.7824541702378043,1.0718550277230197,0.694910474288668,0.4627942028987925,True
seed_only,0.731,0.7835260252655274,1.0718550277230197,0.6943170322700976,0.46221660614672566,True
seed_only,0.732,0.7845978802932504,1.0718550277230197,0.6937235747732418,0.46164001721791986,True
seed_only,0.733,0.7856697353209734,1.0718550277230197,0.6931301020575376,0.46106444022965143,True
seed_only,0.734,0.7867415903486964,1.0718550277230197,0.6925366136995459,0.4604898790438216,True
seed_only,0.735,0.7878134453764194,1.0718550277230197,0.6919431097571538,0.45991633738636173,True
seed_only,0.736,0.7888853004041425,1.0718550277230197,0.6913495902956424,0.45934381924926737,True
seed_only,0.737,0.7899571554318655,1.0718550277230197,0.6907560555329928,0.45877232857628303,True
seed_only,0.738,0.7910290104595885,1.0718550277230197,0.6901625051853877,0.45820186918199945,True
seed_only,0.739,0.7921008654873115,1.0718550277230197,0.6895689394738502,0.45763244507830386,True
seed_only,0.74,0.7931727205150345,1.0718550277230197,0.6889753583036562,0.45706406012413725,True
seed_only,0.741,0.7942445755427575,1.0718550277230197,0.6883817614606214,0.4564967181089951,True
seed_only,0.742,0.7953164305704806,1.0718550277230197,0.6877881494599336,0.4559304235220429,True
seed_only,0.743,0.7963882855982036,1.0718550277230197,0.6871945217069797,0.4553651795655748,True
seed_only,0.744,0.7974601406259266,1.0718550277230197,0.6866008785358702,0.45480099090518994,True
seed_only,0.745,0.7985319956536496,1.0718550277230197,0.6860072199700751,0.4542378610567241,True
seed_only,0.746,0.7996038506813726,1.0718550277230197,0.6854135457894595,0.4536757944195092,True
seed_only,0.747,0.8006757057090956,1.0718550277230197,0.6848198564338048,0.4531147946797853,True
seed_only,0.748,0.8017475607368187,1.0718550277230197,0.6842261513752002,0.45255486629558617,True
seed_only,0.749,0.8028194157645417,1.0718550277230197,0.683632430771941,0.45199601281414814,True
seed_only,0.75,0.8038912707922647,1.0718550277230197,0.683038694829996,0.4514382384281361,True
seed_only,0.7510000000000001,0.8049631258199879,1.0718550277230197,0.6824449433784574,0.450881547630501,True
seed_only,0.752,0.8060349808477107,1.0718550277230197,0.6818511764623558,0.4503259439385486,True
seed_only,0.7530000000000001,0.807106835875434,1.0718550277230197,0.6812573942222011,0.449771431686673,True
seed_only,0.754,0.8081786909031569,1.0718550277230197,0.6806635962762986,0.4492180152000508,True
seed_only,0.7550000000000001,0.80925054593088,1.0718550277230197,0.6800697829412616,0.4486656980297823,True
seed_only,0.756,0.8103224009586029,1.0718550277230197,0.6794759540476036,0.448114484823295,True
seed_only,0.7570000000000001,0.811394255986326,1.0718550277230197,0.6788821098857367,0.44756437956186046,True
seed_only,0.758,0.8124661110140489,1.0718550277230197,0.6782882499889897,0.4470153864582725,True
seed_only,0.7590000000000001,0.8135379660417721,1.0718550277230197,0.6776943748974862,0.44646750949050207,True
seed_only,0.76,0.814609821069495,1.0718550277230197,0.677100484231441,0.4459207531033803,True
seed_only,0.7610000000000001,0.8156816760972181,1.0718550277230197,0.6765065780342416,0.4453751211146331,True
seed_only,0.762,0.816753531124941,1.0718550277230197,0.6759126563045781,0.44483061821282754,True
seed_only,0.7630000000000001,0.8178253861526641,1.0718550277230197,0.6753187193547561,0.4442872483452341,True
seed_only,0.764,0.818897241180387,1.0718550277230197,0.6747247666575307,0.4437450155869184,True
seed_only,0.7650000000000001,0.8199690962081102,1.0718550277230197,0.6741307986381839,0.44320392472627923,True
seed_only,0.766,0.8210409512358331,1.0718550277230197,0.6735368151258303,0.4426639793640596,True
seed_only,0.7670000000000001,0.8221128062635562,1.0718550277230197,0.6729428160001438,0.44212518403123374,True
seed_only,0.768,0.8231846612912791,1.0718550277230197,0.6723488016253665,0.441587543205695,True
seed_only,0.7690000000000001,0.8242565163190022,1.0718550277230197,0.6717547716057481,0.4410510607576751,True
seed_only,0.77,0.8253283713467252,1.0718550277230197,0.6711607261705721,0.44051574158278844,True
seed_only,0.7710000000000001,0.8264002263744483,1.0718550277230197,0.6705666653477937,0.43998158937101106,True
seed_only,0.772,0.8274720814021712,1.0718550277230197,0.6699725888642982,0.4394486087331851,True
seed_only,0.7730000000000001,0.8285439364298943,1.0718550277230197,0.6693784972110484,0.4389168039475127,True
seed_only,0.774,0.8296157914576172,1.0718550277230197,0.6687843896604928,0.4383861792891784,True
seed_only,0.7749999999999999,0.8306876464853401,1.0718550277230197,0.6681902668986828,0.4378567394934631,True
seed_only,0.776,0.8317595015130633,1.0718550277230197,0.6675961286905396,0.43732848861279,True
seed_only,0.7769999999999999,0.8328313565407862,1.0718550277230197,0.6670019749011269,0.43680143094655727,True
seed_only,0.778,0.8339032115685093,1.0718550277230197,0.6664078057420753,0.4362755710178779,True
seed_only,0.7789999999999999,0.8349750665962322,1.0718550277230197,0.6658136211834531,0.4357509134954915,True
seed_only,0.78,0.8360469216239553,1.0718550277230197,0.6652194208367712,0.43522746220087544,True
seed_only,0.7809999999999999,0.8371187766516782,1.0718550277230197,0.6646252053615909,0.434705221986001,True
seed_only,0.782,0.8381906316794014,1.0718550277230197,0.6640309742025785,0.43418419724907187,True
seed_only,0.7829999999999999,0.8392624867071243,1.0718550277230197,0.6634367277421838,0.4336643922518451,True
seed_only,0.784,0.8403343417348474,1.0718550277230197,0.6628424655986453,0.43314581164989224,True
seed_only,0.7849999999999999,0.8414061967625703,1.0718550277230197,0.6622481881282338,0.43262845989585325,True
seed_only,0.786,0.8424780517902934,1.0718550277230197,0.6616538951326412,0.43211234143744315,True
seed_only,0.7869999999999999,0.8435499068180163,1.0718550277230197,0.6610595866574087,0.43159746075456606,True
seed_only,0.788,0.8446217618457396,1.0718550277230197,0.6604652626633456,0.4310838222228502,True
seed_only,0.7889999999999999,0.8456936168734625,1.0718550277230197,0.6598709234631794,0.4305714306596529,True
seed_only,0.79,0.8467654719011856,1.0718550277230197,0.6592765684729551,0.43006029030969956,True
seed_only,0.7909999999999999,0.8478373269289085,1.0718550277230197,0.6586821981227953,0.42955040584155163,True
seed_only,0.792,0.8489091819566316,1.0718550277230197,0.6580878121984046,0.4290417816475257,True
seed_only,0.7929999999999999,0.8499810369843546,1.0718550277230197,0.6574934109832675,0.42853442269591996,True
seed_only,0.794,0.8510528920120777,1.0718550277230197,0.6568989941281744,0.4280283330059467,True
seed_only,0.7949999999999999,0.8521247470398006,1.0718550277230197,0.6563045620051167,0.42752351749419626,True
seed_only,0.796,0.8531966020675237,1.0718550277230197,0.6557101144033295,0.4270199807078783,True
seed_only,0.7969999999999999,0.8542684570952466,1.0718550277230197,0.6551156511812595,0.4265177272383227,True
seed_only,0.798,0.8553403121229697,1.0718550277230197,0.6545211724450439,0.4260167617673503,True
seed_only,0.7989999999999999,0.8564121671506927,1.0718550277230197,0.6539266783881281,0.4255170885136538,True
seed_only,0.8,0.8574840221784158,1.0718550277230197,0.6533321687683724,0.4250187125642599,True
seed_only,0.8009999999999999,0.8585558772061387,1.0718550277230197,0.6527376436691323,0.42452163839700396,True
seed_only,0.802,0.8596277322338618,1.0718550277230197,0.652143103317071,0.4240258706754233,True
seed_only,0.8029999999999999,0.8606995872615847,1.0718550277230197,0.6515485470538929,0.42353141405971284,True
seed_only,0.804,0.8617714422893079,1.0718550277230197,0.6509539756009985,0.42303827311435543,True
seed_only,0.8049999999999999,0.8628432973170308,1.0718550277230197,0.6503593887473347,0.42254645280171343,True
seed_only,0.806,0.8639151523447539,1.0718550277230197,0.6497647862901967,0.4220559574564644,True
seed_only,0.8069999999999999,0.8649870073724768,1.0718550277230197,0.6491701683768447,0.42156679192376556,True
seed_only,0.808,0.8660588624001999,1.0718550277230197,0.6485755349855626,0.42107896087934965,True
seed_only,0.8089999999999999,0.8671307174279228,1.0718550277230197,0.6479808861653114,0.42059246925905386,True
seed_only,0.81,0.868202572455646,1.0718550277230197,0.6473862218038029,0.42010732139625095,True
seed_only,0.8109999999999999,0.8692744274833689,1.0718550277230197,0.6467915420903747,0.4196235222471276,True
seed_only,0.812,0.870346282511092,1.0718550277230197,0.6461968468912005,0.41914107656805377,True
seed_only,0.813,0.8714181375388149,1.0718550277230197,0.6456021360692343,0.418659989133513,True
seed_only,0.8140000000000001,0.872489992566538,1.0718550277230197,0.6450074098159675,0.41818026451411855,True
seed_only,0.815,0.8735618475942609,1.0718550277230197,0.6444126681873108,0.41770190766741366,True
seed_only,0.8160000000000001,0.8746337026219841,1.0718550277230197,0.6438179112413067,0.41722492339016093,True
seed_only,0.817,0.875705557649707,1.0718550277230197,0.643223138524629,0.41674931601578935,True
seed_only,0.8180000000000001,0.8767774126774301,1.0718550277230197,0.6426283504231689,0.41627509103167154,True
seed_only,0.819,0.877849267705153,1.0718550277230197,0.6420335469311311,0.41580225287401235,True
seed_only,0.8200000000000001,0.8789211227328761,1.0718550277230197,0.6414387279294997,0.4153308065132777,True
seed_only,0.821,0.879992977760599,1.0718550277230197,0.6408438934401683,0.4148607563513938,True
seed_only,0.8220000000000001,0.8810648327883223,1.0718550277230197,0.640249043384733,0.4143921075529792,True
seed_only,0.823,0.8821366878160452,1.0718550277230197,0.639654177906368,0.4139248650380626,True
seed_only,0.8240000000000001,0.8832085428437683,1.0718550277230197,0.6390592969538034,0.41345903342086293,True
seed_only,0.825,0.8842803978714912,1.0718550277230197,0.6384644007572327,0.41299461765982587,True
seed_only,0.8260000000000001,0.8853522528992143,1.0718550277230197,0.6378694887887226,0.4125316225481592,True
seed_only,0.827,0.8864241079269373,1.0718550277230197,0.6372745615813358,0.41207005296442994,True
seed_only,0.8280000000000001,0.8874959629546604,1.0718550277230197,0.6366796186911161,0.41160991367554023,True
seed_only,0.829,0.8885678179823833,1.0718550277230197,0.6360846603692849,0.41115120987501397,True
seed_only,0.8300000000000001,0.8896396730101064,1.0718550277230197,0.6354896867326154,0.4106939460887439,True
seed_only,0.831,0.8907115280378293,1.0718550277230197,0.6348946975437864,0.41023812744052446,True
seed_only,0.8320000000000001,0.8917833830655524,1.0718550277230197,0.6342996928574429,0.40978375872813505,True
seed_only,0.833,0.8928552380932754,1.0718550277230197,0.6337046727225903,0.4093308448296208,True
seed_only,0.8340000000000001,0.8939270931209985,1.0718550277230197,0.633109637143292,0.4088793906945868,True
seed_only,0.835,0.8949989481487214,1.0718550277230197,0.6325145860174741,0.40842940118121357,True
seed_only,0.8360000000000001,0.8960708031764445,1.0718550277230197,0.6319195193849714,0.40798088117866865,True
seed_only,0.837,0.8971426582041674,1.0718550277230197,0.6313244373572058,0.40753383574739704,True
seed_only,0.8380000000000001,0.8982145132318906,1.0718550277230197,0.6307293398085667,0.4070882698530673,True
seed_only,0.839,0.8992863682596135,1.0718550277230197,0.6301342268547616,0.40664418833648935,True
seed_only,0.8400000000000001,0.9003582232873366,1.0718550277230197,0.6295390984602856,0.4062015960040637,True
seed_only,0.841,0.9014300783150595,1.0718550277230197,0.6289439545303921,0.40576049801620756,True
seed_only,0.8420000000000001,0.9025019333427826,1.0718550277230197,0.6283487951503242,0.40532089929701326,True
seed_only,0.843,0.9035737883705055,1.0718550277230197,0.6277536204135625,0.40488280459058845,True
seed_only,0.8440000000000001,0.9046456433982287,1.0718550277230197,0.627158430028496,0.40444621923095797,True
seed_only,0.845,0.9057174984259516,1.0718550277230197,0.6265632242936636,0.40401114781476727,True
seed_only,0.8460000000000001,0.9067893534536747,1.0718550277230197,0.6259680029229386,0.40357759542057153,True
seed_only,0.847,0.9078612084813976,1.0718550277230197,0.6253727661629682,0.40314556729424955,True
seed_only,0.8480000000000001,0.9089330635091207,1.0718550277230197,0.6247775139915479,0.4027150679142665,True
seed_only,0.849,0.9100049185368436,1.0718550277230197,0.6241822464078561,0.40228610285595157,True
seed_only,0.8500000000000001,0.9110767735645668,1.0718550277230197,0.6235869632261526,0.40185867652486124,True
seed_only,0.851,0.9121486285922897,1.0718550277230197,0.6229916643875066,0.401432794409134,True
seed_only,0.8520000000000001,0.9132204836200128,1.0718550277230197,0.6223963505269658,0.40100846114404715,True
seed_only,0.853,0.9142923386477357,1.0718550277230197,0.6218010209378733,0.4005856816076061,True
seed_only,0.8540000000000001,0.9153641936754588,1.0718550277230197,0.6212056759620666,0.4001644614130183,True
seed_only,0.855,0.9164360487031817,1.0718550277230197,0.6206103154424492,0.3997448050409486,True
seed_only,0.8560000000000001,0.917507903730905,1.0718550277230197,0.6200149394143262,0.39932671768310496,True
seed_only,0.857,0.9185797587586279,1.0718550277230197,0.619419548128386,0.39891020430712415,True
seed_only,0.8580000000000001,0.919651613786351,1.0718550277230197,0.6188241410606254,0.39849526998107515,True
seed_only,0.859,0.9207234688140739,1.0718550277230197,0.6182287185142243,0.39808191958220807,True
seed_only,0.8600000000000001,0.921795323841797,1.0718550277230197,0.6176332807617202,0.3976701582363889,True
seed_only,0.861,0.92286717886952,1.0718550277230197,0.61703782745548,0.3972599908587533,True
seed_only,0.8620000000000001,0.9239390338972431,1.0718550277230197,0.616442358791236,0.3968514226407713,True
seed_only,0.863,0.925010888924966,1.0718550277230197,0.6158468745871559,0.396444458497972,True
seed_only,0.8640000000000001,0.9260827439526891,1.0718550277230197,0.6152513747186505,0.3960391033498942,True
seed_only,0.865,0.927154598980412,1.0718550277230197,0.6146558593898899,0.3956353623198674,True
seed_only,0.8660000000000001,0.9282264540081351,1.0718550277230197,0.6140603289079616,0.3952332406803291,True
seed_only,0.867,0.9292983090358581,1.0718550277230197,0.6134647827254591,0.394832742972988,True
seed_only,0.8680000000000001,0.9303701640635812,1.0718550277230197,0.6128692210037423,0.3944338745155549,True
seed_only,0.869,0.9314420190913041,1.0718550277230197,0.6122736440263843,0.39403664023228935,True
seed_only,0.8700000000000001,0.9325138741190272,1.0718550277230197,0.6116780514410003,0.3936410451784472,True
seed_only,0.871,0.9335857291467501,1.0718550277230197,0.6110824433702478,0.3932470943740062,True
seed_only,0.8720000000000001,0.9346575841744733,1.0718550277230197,0.6104868200255131,0.39285479302085796,True
seed_only,0.873,0.9357294392021962,1.0718550277230197,0.6098911810675789,0.3924641457574046,True
seed_only,0.8740000000000001,0.9368012942299193,1.0718550277230197,0.6092955266399525,0.3920751579336375,True
seed_only,0.875,0.9378731492576422,1.0718550277230197,0.6086998567218727,0.3916878344363691,True
seed_only,0.8760000000000001,0.9389450042853653,1.0718550277230197,0.6081041712905577,0.39130218023841107,True
seed_only,0.877,0.9400168593130882,1.0718550277230197,0.6075084704237677,0.39091820038515357,True
seed_only,0.8780000000000001,0.9410887143408114,1.0718550277230197,0.6069127540832664,0.3905358999728639,True
seed_only,0.879,0.9421605693685343,1.0718550277230197,0.6063170224954284,0.39015528404802924,True
seed_only,0.8800000000000001,0.9432324243962574,1.0718550277230197,0.6057212751485963,0.3897763573155343,True
seed_only,0.881,0.9443042794239803,1.0718550277230197,0.6051255125414157,0.38939912520062986,True
seed_only,0.8820000000000001,0.9453761344517034,1.0718550277230197,0.6045297343107991,0.3890235925545668,True
seed_only,0.883,0.9464479894794263,1.0718550277230197,0.6039339406139099,0.38864976414473124,True
seed_only,0.8840000000000001,0.9475198445071495,1.0718550277230197,0.6033381314415331,0.3882776453188935,True
seed_only,0.885,0.9485916995348724,1.0718550277230197,0.6027423069787652,0.38790724079504263,True
seed_only,0.8860000000000001,0.9496635545625955,1.0718550277230197,0.6021464669288656,0.38753855587879815,True
seed_only,0.887,0.9507354095903184,1.0718550277230197,0.6015506113114855,0.38717159521228367,True
seed_only,0.8880000000000001,0.9518072646180415,1.0718550277230197,0.6009547402906712,0.38680636388982836,True
seed_only,0.889,0.9528791196457644,1.0718550277230197,0.6003588538272986,0.38644286714200266,True
seed_only,0.8900000000000001,0.9539509746734877,1.0718550277230197,0.5997629518150749,0.38608110948339625,True
seed_only,0.891,0.9550228297012106,1.0718550277230197,0.599167034519188,0.3857210962857057,True
seed_only,0.8920000000000001,0.9560946847289337,1.0718550277230197,0.5985711016611495,0.3853628324733086,True
seed_only,0.893,0.9571665397566566,1.0718550277230197,0.5979751532927402,0.38500632276370805,True
seed_only,0.8940000000000001,0.9582383947843797,1.0718550277230197,0.5973791894536395,0.3846515722401293,True
seed_only,0.895,0.9593102498121027,1.0718550277230197,0.5967832102272919,0.38429858610013024,True
seed_only,0.8960000000000001,0.9603821048398258,1.0718550277230197,0.5961872154652381,0.3839473688225358,True
seed_only,0.897,0.9614539598675487,1.0718550277230197,0.5955912052358237,0.38359792568227064,True
seed_only,0.8980000000000001,0.9625258148952718,1.0718550277230197,0.5949951794638197,0.383250261361144,True
seed_only,0.899,0.9635976699229947,1.0718550277230197,0.5943991384306457,0.38290438106633856,True
seed_only,0.9000000000000001,0.9646695249507178,1.0718550277230197,0.593803081624622,0.3825602895325106,True
seed_only,0.901,0.9657413799784408,1.0718550277230197,0.593207009619201,0.3822179918571515,True
seed_only,0.9020000000000001,0.9668132350061639,1.0718550277230197,0.5926109219687614,0.3818774924940647,True
seed_only,0.903,0.9678850900338868,1.0718550277230197,0.5927981484125655,0.38153879675165053,True
seed_only,0.9039999999999999,0.9689569450616097,1.0718550277230197,0.592986482284652,0.381201909513095,True
seed_only,0.905,0.9700288000893328,1.0718550277230197,0.5931748180724505,0.38086683557875267,True
seed_only,0.9059999999999999,0.9711006551170557,1.0718550277230197,0.5933631560140817,0.38053357958064266,True
seed_only,0.907,0.9721725101447789,1.0718550277230197,0.5935514959223398,0.38020214676048975,True
seed_only,0.9079999999999999,0.9732443651725018,1.0718550277230197,0.5937398378994319,0.3798725415568683,True
seed_only,0.909,0.9743162202002249,1.0718550277230197,0.5939281819056341,0.3795447692251046,True
seed_only,0.9099999999999999,0.9753880752279478,1.0718550277230197,0.5941165279368943,0.37921883434225545,True
seed_only,0.911,0.9764599302556709,1.0718550277230197,0.5943048761001601,0.3788947419307412,True
seed_only,0.9119999999999999,0.9775317852833938,1.0718550277230197,0.5944932262738845,0.37857249665278786,True
seed_only,0.913,0.978603640311117,1.0718550277230197,0.5946815784578119,0.3782521032324285,True
seed_only,0.9139999999999999,0.9796754953388399,1.0718550277230197,0.5948699327428697,0.37793356650379284,True
seed_only,0.915,0.980747350366563,1.0718550277230197,0.5950582889981848,0.37761689121863085,True
seed_only,0.9159999999999999,0.9818192053942859,1.0718550277230197,0.5952466474051343,0.37730208249582703,True
seed_only,0.917,0.982891060422009,1.0718550277230197,0.59543500767677,0.3769891446429648,True
seed_only,0.9179999999999999,0.983962915449732,1.0718550277230197,0.5956233701818303,0.376678082724754,True
seed_only,0.919,0.9850347704774551,1.0718550277230197,0.5958117346280933,0.37636890097291725,True
seed_only,0.9199999999999999,0.986106625505178,1.0718550277230197,0.5960001011478644,0.37606160466591065,True
seed_only,0.921,0.9871784805329011,1.0718550277230197,0.596188469732839,0.375756198288008,True
seed_only,0.9219999999999999,0.988250335560624,1.0718550277230197,0.5963768403793535,0.375452686528066,True
seed_only,0.923,0.9893221905883471,1.0718550277230197,0.596565213004463,0.3751510741020528,True
seed_only,0.9239999999999999,0.9903940456160701,1.0718550277230197,0.5967535877601793,0.374851365623638,True
seed_only,0.925,0.9914659006437933,1.0718550277230197,0.5969419644390017,0.37455356577253324,True
seed_only,0.9259999999999999,0.9925377556715161,1.0718550277230197,0.5971303432621755,0.37425767902040014,True
seed_only,0.927,0.9936096106992393,1.0718550277230197,0.5973187240931765,0.37396371037131376,True
seed_only,0.9279999999999999,0.9946814657269621,1.0718550277230197,0.5975071069999505,0.3736716641224892,True
seed_only,0.929,0.9957533207546854,1.0718550277230197,0.5976954919416411,0.37338154492163067,True
seed_only,0.9299999999999999,0.9968251757824083,1.0718550277230197,0.5978838788924246,0.3730933573133987,True
seed_only,0.931,0.9978970308101314,1.0718550277230197,0.5980722679303385,0.37280710601911804,True
seed_only,0.9319999999999999,0.9989688858378543,1.0718550277230197,0.598260659004235,0.3725227953595797,True
seed_only,0.933,1.0000407408655774,1.0718550277230197,0.5984490520801633,0.3722404300797588,True
seed_only,0.9339999999999999,1.0011125958933003,1.0718550277230197,0.5986374472644385,0.3719600144709339,True
seed_only,0.935,1.0021844509210234,1.0718550277230197,0.5988258444595607,0.3716815533151053,True
seed_only,0.9359999999999999,1.0032563059487463,1.0718550277230197,0.599014243738405,0.3714050508179648,True
seed_only,0.937,1.0043281609764694,1.0718550277230197,0.5992026449769039,0.3711305114587597,True
seed_only,0.938,1.0054000160041925,1.0718550277230197,0.5993910483028109,0.3708579399477407,True
seed_only,0.9390000000000001,1.0064718710319156,1.0718550277230197,0.5995794537292931,0.3705873403482635,True
seed_only,0.94,1.0075437260596385,1.0718550277230197,0.5997678611246893,0.37031871731186927,True
seed_only,0.9410000000000001,1.0086155810873616,1.0718550277230197,0.599956270630031,0.3700520750805326,True
seed_only,0.942,1.0096874361150845,1.0718550277230197,0.6001446821313872,0.36978741814638894,True
seed_only,0.9430000000000001,1.0107592911428076,1.0718550277230197,0.6003330957029651,0.3695247507289432,True
seed_only,0.944,1.0118311461705305,1.0718550277230197,0.6005215113418338,0.3692640771941667,True
seed_only,0.9450000000000001,1.0129030011982536,1.0718550277230197,0.6007099289459084,0.36900540205417454,True
seed_only,0.946,1.0139748562259765,1.0718550277230197,0.6008983486593511,0.3687487291943549,True
seed_only,0.9470000000000001,1.0150467112536996,1.0718550277230197,0.6010867703999168,0.3684940631949163,True
seed_only,0.948,1.0161185662814225,1.0718550277230197,0.6012751942012118,0.36824140813534123,True
seed_only,0.9490000000000001,1.0171904213091458,1.0718550277230197,0.6014636200257439,0.36799076849636286,True
seed_only,0.95,1.0182622763368687,1.0718550277230197,0.6016520478586473,0.3677421480984739,True
seed_only,0.9510000000000001,1.0193341313645918,1.0718550277230197,0.601840477780935,0.36749555140069406,True
seed_only,0.952,1.0204059863923147,1.0718550277230197,0.6020289097807607,0.36725098251792704,True
seed_only,0.9530000000000001,1.0214778414200378,1.0718550277230197,0.6022173437844947,0.36700844541515587,True
seed_only,0.954,1.0225496964477607,1.0718550277230197,0.6024057798673321,0.36676794439479804,True
seed_only,0.9550000000000001,1.0236215514754838,1.0718550277230197,0.6025942178977228,0.3665294835020312,True
seed_only,0.956,1.0246934065032067,1.0718550277230197,0.602782658066292,0.36629306679105544,True
seed_only,0.9570000000000001,1.0257652615309298,1.0718550277230197,0.6029711002846994,0.36605869815709324,True
seed_only,0.958,1.0268371165586527,1.0718550277230197,0.603159544507903,0.36582638204104995,True
seed_only,0.9590000000000001,1.0279089715863758,1.0718550277230197,0.6033479907781913,0.3655961219167662,True
seed_only,0.96,1.0289808266140987,1.0718550277230197,0.6035364391171361,0.3653679221562528,True
seed_only,0.9610000000000001,1.030052681641822,1.0718550277230197,0.6037248894799285,0.36514178640083317,True
seed_only,0.962,1.031124536669545,1.0718550277230197,0.6039133418893949,0.36491771871364065,True
seed_only,0.9630000000000001,1.032196391697268,1.0718550277230197,0.6041017963272499,0.36469572322509564,True
seed_only,0.964,1.033268246724991,1.0718550277230197,0.6042902528422878,0.3644758032580262,True
seed_only,0.9650000000000001,1.034340101752714,1.0718550277230197,0.6044787113879124,0.3642579630388999,True
seed_only,0.966,1.035411956780437,1.0718550277230197,0.6046671719741492,0.364042206361235,True
seed_only,0.9670000000000001,1.03648381180816,1.0718550277230197,0.6048556346018863,0.3638285369196689,True
seed_only,0.968,1.037555666835883,1.0718550277230197,0.6050440992876882,0.36361695854939985,True
seed_only,0.9690000000000001,1.038627521863606,1.0718550277230197,0.605232565991809,0.3634074748783794,True
seed_only,0.97,1.039699376891329,1.0718550277230197,0.605421034762843,0.3632000898023034,True
seed_only,0.9710000000000001,1.040771231919052,1.0718550277230197,0.605609505541016,0.36299480681228097,True
seed_only,0.972,1.0418430869467752,1.0718550277230197,0.6057979784207412,0.3627916296154524,True
seed_only,0.9730000000000001,1.0429149419744983,1.0718550277230197,0.6059864533409121,0.36259056186300886,True
seed_only,0.974,1.0439867970022212,1.0718550277230197,0.6061749302792907,0.36239160706083906,True
seed_only,0.9750000000000001,1.0450586520299443,1.0718550277230197,0.6063634092463133,0.362194768936458,True
seed_only,0.976,1.0461305070576672,1.0718550277230197,0.6065518903127898,0.3620000508419938,True
seed_only,0.9770000000000001,1.0472023620853903,1.0718550277230197,0.6067403733923782,0.3618074564755491,True
seed_only,0.978,1.0482742171131132,1.0718550277230197,0.6069288585022203,0.3616169892866036,True
seed_only,0.9790000000000001,1.0493460721408363,1.0718550277230197,0.6071173456074552,0.3614286524807461,True
seed_only,0.98,1.0504179271685592,1.0718550277230197,0.6073058348872618,0.3612424497133765,True
seed_only,0.9810000000000001,1.0514897821962823,1.0718550277230197,0.6074943261124455,0.36105838431966153,True
seed_only,0.982,1.0525616372240052,1.0718550277230197,0.6076828193842698,0.3608764595641336,True
seed_only,0.9830000000000001,1.0536334922517285,1.0718550277230197,0.6078713147746662,0.3606966788205446,True
seed_only,0.984,1.0547053472794514,1.0718550277230197,0.6080598121547376,0.36051904539333074,True
seed_only,0.9850000000000001,1.0557772023071745,1.0718550277230197,0.6082483116011339,0.3603435626581504,True
seed_only,0.986,1.0568490573348974,1.0718550277230197,0.6084368130342521,0.36017023363143663,True
seed_only,0.9870000000000001,1.0579209123626205,1.0718550277230197,0.608625316494571,0.35999906163905704,True
seed_only,0.988,1.0589927673903434,1.0718550277230197,0.6088138221258199,0.3598300497853067,True
seed_only,0.9890000000000001,1.0600646224180665,1.0718550277230197,0.6090023297178893,0.35966320118925904,True
seed_only,0.99,1.0611364774457894,1.0718550277230197,0.60919083938209,0.35949851894220824,True
seed_only,0.9910000000000001,1.0622083324735125,1.0718550277230197,0.6093793510477785,0.35933600628519974,True
seed_only,0.992,1.0632801875012354,1.0718550277230197,0.6095678647874081,0.3591756660320269,True
seed_only,0.9930000000000001,1.0643520425289585,1.0718550277230197,0.6097563805576467,0.35901750119763837,True
seed_only,0.994,1.0654238975566814,1.0718550277230197,0.6099448983993283,0.35886151478551426,True
seed_only,0.9950000000000001,1.0664957525844048,1.0718550277230197,0.6101334182590179,0.35870770969643506,True
seed_only,0.996,1.0675676076121277,1.0718550277230197,0.6103219401525917,0.35855608891790186,True
seed_only,0.9970000000000001,1.0686394626398508,1.0718550277230197,0.6105104641098591,0.35840665534616845,True
seed_only,0.998,1.0697113176675737,1.0718550277230197,0.6106989901305981,0.3582594114773645,True
seed_only,0.9990000000000001,1.0707831726952968,1.0718550277230197,0.6108875181335405,0.3581143603051483,True
seed_only,1.0,1.0718550277230197,1.0718550277230197,0.6110760482679778,0.3579715048082065,True
seed_only,1.0010000000000001,1.0729268827507428,1.0718550277230197,0.611264580342652,0.3578308473831833,True
seed_only,1.002,1.0739987377784657,1.0718550277230197,0.6114531145321567,0.35769239078427484,True
seed_only,1.0030000000000001,1.0750705928061888,1.0718550277230197,0.611641650713568,0.35755613752861926,True
seed_only,1.004,1.0761424478339117,1.0718550277230197,0.6118301890172928,0.35742209051745943,True
seed_only,1.0050000000000001,1.0772143028616348,1.0718550277230197,0.612018729278696,0.35729025209377935,True
seed_only,1.006,1.0782861578893579,1.0718550277230197,0.6122072715926352,0.357160624906283,True
seed_only,1.0070000000000001,1.079358012917081,1.0718550277230197,0.6123958160521803,0.3570332113990247,True
seed_only,1.008,1.080429867944804,1.0718550277230197,0.6125843624675942,0.3569080139894865,True
seed_only,1.0090000000000001,1.081501722972527,1.0718550277230197,0.6127729109481117,0.35678503509097387,True
seed_only,1.01,1.08257357800025,1.0718550277230197,0.6129614614403978,0.35666427722314337,True
seed_only,1.0110000000000001,1.083645433027973,1.0718550277230197,0.6131500140245105,0.35654574247766774,True
seed_only,1.012,1.084717288055696,1.0718550277230197,0.6133385686254655,0.35642943337918587,True
seed_only,1.0130000000000001,1.085789143083419,1.0718550277230197,0.6135271252477481,0.35631535211358456,True
seed_only,1.014,1.086860998111142,1.0718550277230197,0.6137156839616464,0.3562035009524178,True
seed_only,1.0150000000000001,1.087932853138865,1.0718550277230197,0.6139042446397291,0.3560938820320089,True
seed_only,1.016,1.089004708166588,1.0718550277230197,0.6140928074785612,0.3559864974431256,True
seed_only,1.0170000000000001,1.0900765631943112,1.0718550277230197,0.6142813722506579,0.3558813493975864,True
seed_only,1.018,1.0911484182220341,1.0718550277230197,0.6144699391648634,0.3557784398709337,True
seed_only,1.0190000000000001,1.0922202732497572,1.0718550277230197,0.6146585080281652,0.3556777709773252,True
seed_only,1.02,1.0932921282774801,1.0718550277230197,0.6148470789879346,0.35557934465416025,True
seed_only,1.0210000000000001,1.0943639833052032,1.0718550277230197,0.6150356519995959,0.3554831628098242,True
seed_only,1.022,1.0954358383329261,1.0718550277230197,0.6152242269796271,0.3553892275380503,True
seed_only,1.0230000000000001,1.0965076933606492,1.0718550277230197,0.6154128040966711,0.355297540396464,True
seed_only,1.024,1.0975795483883721,1.0718550277230197,0.6156013831797535,0.3552081034388351,True
seed_only,1.0250000000000001,1.0986514034160952,1.0718550277230197,0.6157899643647324,0.3551209184037965,True
seed_only,1.026,1.0997232584438181,1.0718550277230197,0.6159785476170465,0.3550359870750049,True
seed_only,1.0270000000000001,1.1007951134715412,1.0718550277230197,0.6161671328288376,0.3549533110055192,True
seed_only,1.028,1.1018669684992641,1.0718550277230197,0.6163557201130265,0.3548728920150232,True
seed_only,1.0290000000000001,1.1029388235269875,1.0718550277230197,0.6165443094137024,0.3547947316324051,True
seed_only,1.03,1.1040106785547104,1.0718550277230197,0.6167329008399003,0.35471883147560535,True
seed_only,1.031,1.1050825335824332,1.0718550277230197,0.6169214942685852,0.35464519313579096,True
seed_only,1.032,1.1061543886101564,1.0718550277230197,0.6171100896912862,0.3545738179326516,True
seed_only,1.033,1.1072262436378792,1.0718550277230197,0.6172986871984865,0.3545047074826075,True
seed_only,1.034,1.1082980986656024,1.0718550277230197,0.6174872867736991,0.35443786312809994,True
seed_only,1.035,1.1093699536933253,1.0718550277230197,0.6176758883479461,0.3543732862679885,True
seed_only,1.036,1.1104418087210484,1.0718550277230197,0.6178644919746068,0.35431097817704976,True
seed_only,1.037,1.1115136637487713,1.0718550277230197,0.6180530976492737,0.3542509400981379,True
seed_only,1.038,1.1125855187764944,1.0718550277230197,0.618241705414091,0.3541931735092194,True
seed_only,1.039,1.1136573738042173,1.0718550277230197,0.6184303151380077,0.3541376792513616,True
seed_only,1.04,1.1147292288319406,1.0718550277230197,0.618618926941894,0.3540844587690601,True
seed_only,1.041,1.1158010838596635,1.0718550277230197,0.6188075408408378,0.3540335130389962,True
seed_only,1.042,1.1168729388873866,1.0718550277230197,0.6189961567065527,0.35398484314519135,True
seed_only,1.043,1.1179447939151095,1.0718550277230197,0.6191847746202517,0.3539384500979969,True
seed_only,1.044,1.1190166489428326,1.0718550277230197,0.6193733945681013,0.3538943349663018,True
seed_only,1.045,1.1200885039705555,1.0718550277230197,0.6195620166139948,0.35385249856914464,True
seed_only,1.046,1.1211603589982786,1.0718550277230197,0.6197506406501296,0.3538129418816794,True
seed_only,1.047,1.1222322140260015,1.0718550277230197,0.6199392668076786,0.35377566573707675,True
seed_only,1.048,1.1233040690537246,1.0718550277230197,0.620127894892164,0.35374067089141265,True
seed_only,1.049,1.1243759240814475,1.0718550277230197,0.6203165251208453,0.3537079581438698,True
seed_only,1.05,1.1254477791091706,1.0718550277230197,0.6205051573147657,0.35367752819843096,True
seed_only,1.051,1.1265196341368935,1.0718550277230197,0.6206937915967492,0.3536493817956662,True
seed_only,1.052,1.1275914891646168,1.0718550277230197,0.6208824279094083,0.3536235195026462,True
seed_only,1.053,1.1286633441923397,1.0718550277230197,0.6210710663101637,0.3535999419157172,True
seed_only,1.054,1.1297351992200628,1.0718550277230197,0.621259706663102,0.3535786495847918,True
seed_only,1.055,1.1308070542477857,1.0718550277230197,0.621448349082554,0.35355964294732073,True
seed_only,1.056,1.1318789092755088,1.0718550277230197,0.6216369935504229,0.35354292257836706,True
seed_only,1.057,1.1329507643032317,1.0718550277230197,0.6218256400770117,0.35352848873192916,True
seed_only,1.058,1.1340226193309548,1.0718550277230197,0.6220142886361746,0.35351634190473435,True
seed_only,1.059,1.1350944743586777,1.0718550277230197,0.6222029392795481,0.35350648233391807,True
seed_only,1.06,1.1361663293864008,1.0718550277230197,0.6223915919162604,0.3534989104437162,True
seed_only,1.061,1.1372381844141237,1.0718550277230197,0.6225802465973929,0.3534936263299348,True
seed_only,1.062,1.1383100394418468,1.0718550277230197,0.6227689033100003,0.35349063006040277,True
seed_only,1.063,1.13938189446957,1.0718550277230197,0.6229575621419903,0.35348992208724406,True
seed_only,1.064,1.140453749497293,1.0718550277230197,0.6231462229438267,0.35349150233021015,True
seed_only,1.065,1.141525604525016,1.0718550277230197,0.6233348858149079,0.3534953708118485,True
seed_only,1.066,1.142597459552739,1.0718550277230197,0.6235235507241699,0.3535015276535499,True
seed_only,1.067,1.143669314580462,1.0718550277230197,0.6237122176228294,0.3535099726515355,True
seed_only,1.068,1.144741169608185,1.0718550277230197,0.6239008866624318,0.3535207059781097,True
seed_only,1.069,1.145813024635908,1.0718550277230197,0.6240895576805738,0.3535337272759062,True
seed_only,1.07,1.146884879663631,1.0718550277230197,0.6242782307128159,0.3535490364795948,True
seed_only,1.071,1.147956734691354,1.0718550277230197,0.6244669058101948,0.35356663334175203,True
seed_only,1.072,1.149028589719077,1.0718550277230197,0.6246555830084932,0.35358651767826405,True
seed_only,1.073,1.1501004447468,1.0718550277230197,0.6248442621892281,0.3536086891554446,True
seed_only,1.074,1.1511722997745233,1.0718550277230197,0.6250329434484114,0.3536331474198638,True
seed_only,1.075,1.1522441548022462,1.0718550277230197,0.6252216267344513,0.35365989203958886,True
seed_only,1.076,1.1533160098299693,1.0718550277230197,0.6254103120023724,0.3536889225911571,True
seed_only,1.077,1.1543878648576922,1.0718550277230197,0.6255989993873112,0.35372023866609204,True
seed_only,1.078,1.1554597198854153,1.0718550277230197,0.6257876887765801,0.3537538397097245,True
seed_only,1.079,1.1565315749131382,1.0718550277230197,0.6259763802346829,0.35378972508451345,True
seed_only,1.08,1.1576034299408613,1.0718550277230197,0.6261650736861024,0.3538278942886881,True
seed_only,1.081,1.1586752849685842,1.0718550277230197,0.6263537692177357,0.3538683465759374,True
seed_only,1.082,1.1597471399963073,1.0718550277230197,0.6265424667923125,0.3539110813334002,True
seed_only,1.083,1.1608189950240302,1.0718550277230197,0.626731166436123,0.35395609780777326,True
seed_only,1.084,1.1618908500517533,1.0718550277230197,0.6269198680870058,0.35400339516386714,True
seed_only,1.085,1.1629627050794762,1.0718550277230197,0.627108571781676,0.3540529725623864,True
seed_only,1.086,1.1640345601071995,1.0718550277230197,0.6272972775073438,0.3541048291520206,True
seed_only,1.087,1.1651064151349224,1.0718550277230197,0.627485985275622,0.3541589641501066,True
seed_only,1.088,1.1661782701626455,1.0718550277230197,0.6276746950605316,0.3542153763643448,True
seed_only,1.089,1.1672501251903684,1.0718550277230197,0.6278634069695976,0.3542740649479129,True
seed_only,1.09,1.1683219802180915,1.0718550277230197,0.6280521208735013,0.354335028769044,True
seed_only,1.091,1.1693938352458144,1.0718550277230197,0.6282408368042947,0.35439826680850206,True
seed_only,1.092,1.1704656902735375,1.0718550277230197,0.6284295547638541,0.35446377792421496,True
seed_only,1.093,1.1715375453012604,1.0718550277230197,0.6286182747913371,0.3545315608729237,True
seed_only,1.094,1.1726094003289835,1.0718550277230197,0.6288069968461429,0.35460161450941,True
seed_only,1.095,1.1736812553567064,1.0718550277230197,0.6289957209842378,0.35467393752083176,True
seed_only,1.096,1.1747531103844295,1.0718550277230197,0.6291844471033925,0.35474852868085466,True
seed_only,1.097,1.1758249654121526,1.0718550277230197,0.6293731753037934,0.35482538658416585,True
seed_only,1.098,1.1768968204398758,1.0718550277230197,0.6295619055422641,0.3549045098323686,True
seed_only,1.099,1.1779686754675986,1.0718550277230197,0.6297506377629047,0.3549858970288704,True
seed_only,1.1,1.1790405304953218,1.0718550277230197,0.6299393721371671,0.3550695467372574,True
seed_only,1.101,1.1801123855230446,1.0718550277230197,0.6301281084648114,0.3551554573298156,True
seed_only,1.102,1.1811842405507678,1.0718550277230197,0.6303168468831943,0.35524362734664705,True
seed_only,1.103,1.1822560955784907,1.0718550277230197,0.6305055873125021,0.3553340551707718,True
seed_only,1.104,1.1833279506062138,1.0718550277230197,0.6306943297680334,0.3554267391404027,True
seed_only,1.105,1.1843998056339367,1.0718550277230197,0.6308830743073424,0.35552167763131737,True
seed_only,1.106,1.1854716606616598,1.0718550277230197,0.6310718208769273,0.35561886881567556,True
seed_only,1.107,1.1865435156893827,1.0718550277230197,0.6312605694570594,0.3557183110548086,True
seed_only,1.108,1.187615370717106,1.0718550277230197,0.6314493200581084,0.3558200024690606,True
seed_only,1.109,1.1886872257448289,1.0718550277230197,0.6316380727382942,0.3559239412210226,True
seed_only,1.11,1.189759080772552,1.0718550277230197,0.6318268274861039,0.35603012549642965,True
seed_only,1.111,1.1908309358002749,1.0718550277230197,0.6320155842522213,0.3561385532752509,True
seed_only,1.112,1.191902790827998,1.0718550277230197,0.6322043430571522,0.35624922263814973,True
seed_only,1.113,1.1929746458557209,1.0718550277230197,0.6323931039142638,0.35636213162781266,True
seed_only,1.114,1.194046500883444,1.0718550277230197,0.6325818667737848,0.3564772780766097,True
seed_only,1.115,1.1951183559111669,1.0718550277230197,0.6327706316714976,0.35659466003467866,True
seed_only,1.116,1.19619021093889,1.0718550277230197,0.632959398676114,0.35671427530885075,True
seed_only,1.117,1.1972620659666129,1.0718550277230197,0.6331481676394968,0.3568361217142964,True
seed_only,1.118,1.198333920994336,1.0718550277230197,0.63333693869706,0.3569601971339953,True
seed_only,1.119,1.199405776022059,1.0718550277230197,0.633525711786942,0.3570864993081338,True
seed_only,1.12,1.2004776310497822,1.0718550277230197,0.6337144869429268,0.3572150258840575,True
seed_only,1.121,1.2015494860775051,1.0718550277230197,0.6339032641087594,0.35734577460255573,True
seed_only,1.122,1.2026213411052282,1.0718550277230197,0.6340920433379305,0.3574787431485094,True
seed_only,1.123,1.2036931961329511,1.0718550277230197,0.6342808245716536,0.3576139290097026,True
seed_only,1.124,1.2047650511606742,1.0718550277230197,0.6344696078572021,0.35775132984138086,True
seed_only,1.125,1.2058369061883971,1.0718550277230197,0.6346583931654437,0.357890943219141,True
seed_only,1.1260000000000001,1.2069087612161202,1.0718550277230197,0.6348471805393441,0.35803276659847993,True
seed_only,1.127,1.2079806162438431,1.0718550277230197,0.6350359699978547,0.358176797385636,True
seed_only,1.1280000000000001,1.2090524712715662,1.0718550277230197,0.635224761426223,0.35832303307496727,True
seed_only,1.129,1.2101243262992891,1.0718550277230197,0.6354135549109796,0.3584714710197591,True
seed_only,1.1300000000000001,1.2111961813270122,1.0718550277230197,0.6356023504065611,0.3586221085356052,True
seed_only,1.131,1.2122680363547353,1.0718550277230197,0.6357911480147194,0.35877494303820073,True
seed_only,1.1320000000000001,1.2133398913824585,1.0718550277230197,0.6359799476261307,0.35892997168430213,True
seed_only,1.133,1.2144117464101813,1.0718550277230197,0.6361687492453805,0.3590871917860672,True
seed_only,1.1340000000000001,1.2154836014379045,1.0718550277230197,0.6363575530012766,0.3592466005503759,True
seed_only,1.135,1.2165554564656273,1.0718550277230197,0.6365463587238329,0.35940819513727257,True
seed_only,1.1360000000000001,1.2176273114933505,1.0718550277230197,0.6367351664644971,0.3595719726883301,True
seed_only,1.137,1.2186991665210734,1.0718550277230197,0.636923976285253,0.35973793023543543,True
seed_only,1.1380000000000001,1.2197710215487965,1.0718550277230197,0.6371127881086069,0.3599060649801426,True
seed_only,1.139,1.2208428765765194,1.0718550277230197,0.6373016020159161,0.36007637386849334,True
seed_only,1.1400000000000001,1.2219147316042425,1.0718550277230197,0.6374904179837992,0.36024885389981026,True
seed_only,1.141,1.2229865866319654,1.0718550277230197,0.6376792359730099,0.36042350212658586,True
seed_only,1.1420000000000001,1.2240584416596887,1.0718550277230197,0.6378680559881333,0.3606003153694662,True
seed_only,1.143,1.2251302966874116,1.0718550277230197,0.6380568780327778,0.3607792905900172,True
seed_only,1.1440000000000001,1.2262021517151347,1.0718550277230197,0.6382457021403609,0.36096042463209194,True
seed_only,1.145,1.2272740067428576,1.0718550277230197,0.6384345282769766,0.36114371434002623,True
seed_only,1.1460000000000001,1.2283458617705807,1.0718550277230197,0.6386233564399713,0.36132915652268294,True
seed_only,1.147,1.2294177167983036,1.0718550277230197,0.6388121866250818,0.36151674795802485,True
seed_only,1.1480000000000001,1.2304895718260267,1.0718550277230197,0.6390010189334272,0.36170648538168687,True
seed_only,1.149,1.2315614268537496,1.0718550277230197,0.6391898532150608,0.36189836547427884,True
seed_only,1.1500000000000001,1.2326332818814727,1.0718550277230197,0.6393786895459996,0.36209238493515084,True
seed_only,1.151,1.2337051369091956,1.0718550277230197,0.6395675278844992,0.3622885404245988,True
seed_only,1.1520000000000001,1.2347769919369187,1.0718550277230197,0.6397563683054108,0.3624868285181879,True
seed_only,1.153,1.2358488469646416,1.0718550277230197,0.6399452107641923,0.3626872458476672,True
seed_only,1.1540000000000001,1.236920701992365,1.0718550277230197,0.6401340552530055,0.3628897889555327,True
seed_only,1.155,1.2379925570200878,1.0718550277230197,0.6403229017716172,0.36309445432649545,True
seed_only,1.1560000000000001,1.239064412047811,1.0718550277230197,0.6405117504184599,0.36330123851162716,True
seed_only,1.157,1.2401362670755338,1.0718550277230197,0.6407006009852667,0.3635101379598661,True
seed_only,1.158,1.2412081221032567,1.0718550277230197,0.6408894536334753,0.3637211491239101,True
seed_only,1.159,1.2422799771309798,1.0718550277230197,0.641078308324361,0.36393426838590415,True
seed_only,1.16,1.2433518321587027,1.0718550277230197,0.6412671650580792,0.3641494921242256,True
seed_only,1.161,1.2444236871864258,1.0718550277230197,0.6414560238326761,0.36436681671008,True
seed_only,1.162,1.2454955422141487,1.0718550277230197,0.6416448846507605,0.3645862384670512,True
seed_only,1.163,1.2465673972418718,1.0718550277230197,0.6418337475026292,0.36480775371006646,True
seed_only,1.164,1.2476392522695947,1.0718550277230197,0.6420226123243666,0.3650313586636503,True
seed_only,1.165,1.248711107297318,1.0718550277230197,0.6422114793000921,0.3652570496232795,True
seed_only,1.166,1.249782962325041,1.0718550277230197,0.642400348277794,0.36548482280242967,True
seed_only,1.167,1.250854817352764,1.0718550277230197,0.6425892192676863,0.36571467435882526,True
seed_only,1.168,1.251926672380487,1.0718550277230197,0.6427780923174531,0.3659466005108063,True
seed_only,1.169,1.25299852740821,1.0718550277230197,0.6429669674175575,0.3661805973127515,True
seed_only,1.17,1.254070382435933,1.0718550277230197,0.6431558445399221,0.3664166609733309,True
seed_only,1.171,1.255142237463656,1.0718550277230197,0.6433447236600554,0.36665478752429187,True
seed_only,1.172,1.256214092491379,1.0718550277230197,0.643533604884472,0.36689497305602325,True
seed_only,1.173,1.257285947519102,1.0718550277230197,0.6437224881263193,0.36713721362198176,True
seed_only,1.174,1.258357802546825,1.0718550277230197,0.6439113734420188,0.36738150520016183,True
seed_only,1.175,1.259429657574548,1.0718550277230197,0.644100260779823,0.3676278438490597,True
seed_only,1.176,1.260501512602271,1.0718550277230197,0.6442891501005632,0.36787622544450055,True
seed_only,1.177,1.2615733676299943,1.0718550277230197,0.6444780415196805,0.36812664601263884,True
seed_only,1.178,1.2626452226577172,1.0718550277230197,0.6446669349576384,0.3683791014173102,True
seed_only,1.179,1.2637170776854403,1.0718550277230197,0.6448558304320673,0.36863358764418697,True
seed_only,1.18,1.2647889327131632,1.0718550277230197,0.6450447279448657,0.3688901004920521,True
seed_only,1.181,1.2658607877408863,1.0718550277230197,0.6452336274880399,0.36914863587410585,True
seed_only,1.182,1.2669326427686092,1.0718550277230197,0.6454225290982496,0.36940918957404884,True
seed_only,1.183,1.2680044977963323,1.0718550277230197,0.6456114327631379,0.36967175745774283,True
seed_only,1.184,1.2690763528240552,1.0718550277230197,0.6458003384057776,0.3699363352628468,True
seed_only,1.185,1.2701482078517783,1.0718550277230197,0.6459892461193051,0.37020291879554473,True
seed_only,1.186,1.2712200628795012,1.0718550277230197,0.6461781558801505,0.3704715038234519,True
seed_only,1.187,1.2722919179072243,1.0718550277230197,0.6463670676572719,0.37074208602328956,True
seed_only,1.188,1.2733637729349474,1.0718550277230197,0.6465559815128863,0.3710146611631682,True
seed_only,1.189,1.2744356279626705,1.0718550277230197,0.6467448973702883,0.3712892249308195,True
seed_only,1.19,1.2755074829903934,1.0718550277230197,0.6469338152596205,0.37156577296505217,True
seed_only,1.191,1.2765793380181165,1.0718550277230197,0.6471227352279785,0.3718443009459346,True
seed_only,1.192,1.2776511930458394,1.0718550277230197,0.6473116571957371,0.3721248044842271,True
seed_only,1.193,1.2787230480735625,1.0718550277230197,0.6475005812226264,0.3724072792509733,True
seed_only,1.194,1.2797949031012854,1.0718550277230197,0.6476895072860755,0.372691720773066,True
seed_only,1.195,1.2808667581290085,1.0718550277230197,0.6478784353619926,0.3729781246916439,True
seed_only,1.196,1.2819386131567314,1.0718550277230197,0.6480673655370306,0.37326648653504185,True
seed_only,1.197,1.2830104681844545,1.0718550277230197,0.6482562977174089,0.37355680188254214,True
seed_only,1.198,1.2840823232121774,1.0718550277230197,0.6484452319700407,0.37384906621440206,True
seed_only,1.199,1.2851541782399007,1.0718550277230197,0.648634168179929,0.3741432750860204,True
seed_only,1.2,1.2862260332676236,1.0718550277230197,0.6488231064682659,0.374439423992464,True
seed_only,1.201,1.2872978882953467,1.0718550277230197,0.6490120468070626,0.3747375083827162,True
seed_only,1.202,1.2883697433230696,1.0718550277230197,0.6492009891841843,0.3750375237563312,True
seed_only,1.203,1.2894415983507928,1.0718550277230197,0.6493899335786479,0.375339465564138,True
seed_only,1.204,1.2905134533785156,1.0718550277230197,0.6495788800536029,0.37564332923413607,True
seed_only,1.205,1.2915853084062388,1.0718550277230197,0.64976782852596,0.375949110157428,True
seed_only,1.206,1.2926571634339616,1.0718550277230197,0.6499567790437144,0.3762568037822111,True
seed_only,1.207,1.2937290184616848,1.0718550277230197,0.6501457316157588,0.3765664054815578,True
seed_only,1.208,1.2948008734894076,1.0718550277230197,0.6503346862704928,0.3768779106534121,True
seed_only,1.209,1.2958727285171308,1.0718550277230197,0.6505236428505423,0.3771913146095798,True
seed_only,1.21,1.2969445835448536,1.0718550277230197,0.6507126015772857,0.37750661277786607,True
seed_only,1.211,1.298016438572577,1.0718550277230197,0.6509015622506831,0.37782380040751135,True
seed_only,1.212,1.2990882936002999,1.0718550277230197,0.6510905250544319,0.37814287291457077,True
seed_only,1.213,1.300160148628023,1.0718550277230197,0.6512794898211216,0.3784638255549102,True
seed_only,1.214,1.3012320036557459,1.0718550277230197,0.6514684566671258,0.37878665364101016,True
seed_only,1.215,1.302303858683469,1.0718550277230197,0.6516574255136742,0.37911135246419303,True
seed_only,1.216,1.3033757137111919,1.0718550277230197,0.6518463964344856,0.3794379172997932,True
seed_only,1.217,1.304447568738915,1.0718550277230197,0.6520353693887371,0.3797663434266475,True
seed_only,1.218,1.3055194237666379,1.0718550277230197,0.6522243443612963,0.3800966260854166,True
seed_only,1.219,1.306591278794361,1.0718550277230197,0.6524133213950511,0.38042876052173186,True
seed_only,1.22,1.3076631338220839,1.0718550277230197,0.6526023004276738,0.3807627419827877,True
seed_only,1.221,1.308734988849807,1.0718550277230197,0.6527912815218806,0.38109856566924744,True
seed_only,1.222,1.30980684387753,1.0718550277230197,0.6529802647177174,0.3814362268204563,True
seed_only,1.223,1.3108786989052532,1.0718550277230197,0.6531692498604746,0.38177572061182496,True
seed_only,1.224,1.311950553932976,1.0718550277230197,0.653358237076751,0.3821170422626908,True
seed_only,1.225,1.3130224089606992,1.0718550277230197,0.6535472263002218,0.38246018694582207,True
seed_only,1.226,1.314094263988422,1.0718550277230197,0.6537362175950578,0.3828051498507265,True
seed_only,1.227,1.3151661190161452,1.0718550277230197,0.653925210966233,0.38315192614361965,True
seed_only,1.228,1.316237974043868,1.0718550277230197,0.6541142062875704,0.3835005109679549,True
seed_only,1.229,1.3173098290715912,1.0718550277230197,0.6543032037356622,0.3838508995027266,True
seed_only,1.23,1.318381684099314,1.0718550277230197,0.6544922031777145,0.384203086850733,True
seed_only,1.231,1.3194535391270372,1.0718550277230197,0.6546812045983064,0.38455706818470187,True
seed_only,1.232,1.3205253941547601,1.0718550277230197,0.6558910185015865,0.3849128386295107,True
seed_only,1.233,1.3215972491824834,1.0718550277230197,0.6571926510997583,0.3852703933003057,True
seed_only,1.234,1.3226691042102063,1.0718550277230197,0.6584943038148605,0.38562972729546174,True
seed_only,1.235,1.3237409592379294,1.0718550277230197,0.659795976803168,0.3859908357518583,True
seed_only,1.236,1.3248128142656523,1.0718550277230197,0.6610976698704585,0.38635371378851124,True
seed_only,1.237,1.3258846692933755,1.0718550277230197,0.6623993831785358,0.3867183564636819,True
seed_only,1.238,1.3269565243210983,1.0718550277230197,0.6637011166257922,0.3870847588692755,True
seed_only,1.239,1.3280283793488215,1.0718550277230197,0.6650028703162114,0.38745291611187066,True
seed_only,1.24,1.3291002343765443,1.0718550277230197,0.6663046441027332,0.38782282328631884,True
seed_only,1.241,1.3301720894042675,1.0718550277230197,0.6676064381310853,0.3881944754159344,True
seed_only,1.242,1.3312439444319903,1.0718550277230197,0.6689082523377188,0.38856786762016965,True
seed_only,1.243,1.3323157994597135,1.0718550277230197,0.6702100867230776,0.3889429949626978,True
seed_only,1.244,1.3333876544874363,1.0718550277230197,0.6715119413194692,0.38931985245256834,True
seed_only,1.245,1.3344595095151597,1.0718550277230197,0.6728138160881914,0.38969843522708086,True
seed_only,1.246,1.3355313645428826,1.0718550277230197,0.6741157109983131,0.3900787382966015,True
seed_only,1.247,1.3366032195706057,1.0718550277230197,0.6754176261669631,0.3904607567109129,True
seed_only,1.248,1.3376750745983286,1.0718550277230197,0.6767195614419741,0.3908444855182397,True
seed_only,1.249,1.3387469296260517,1.0718550277230197,0.6780215169654102,0.39122991978061283,True
seed_only,1.25,1.3398187846537746,1.0718550277230197,0.6793234926466551,0.3916170545165876,True
seed_only,1.2510000000000001,1.3408906396814977,1.0718550277230197,0.6806254884725416,0.39200588480634085,True
seed_only,1.252,1.3419624947092206,1.0718550277230197,0.6819275045362394,0.39239640564285455,True
seed_only,1.2530000000000001,1.3430343497369437,1.0718550277230197,0.6832295407713351,0.3927886120992319,True
seed_only,1.254,1.3441062047646666,1.0718550277230197,0.6845315972203947,0.3931824991409169,True
seed_only,1.2550000000000001,1.3451780597923897,1.0718550277230197,0.6858336738105653,0.3935780618438058,True
seed_only,1.256,1.3462499148201128,1.0718550277230197,0.6871357706751846,0.39397529530469044,True
seed_only,1.2570000000000001,1.347321769847836,1.0718550277230197,0.6884378876101938,0.3943741944415107,True
seed_only,1.258,1.3483936248755588,1.0718550277230197,0.689740024736718,0.39477475434607945,True
seed_only,1.2590000000000001,1.349465479903282,1.0718550277230197,0.6910421821346935,0.3951769700081919,True
seed_only,1.26,1.3505373349310048,1.0718550277230197,0.6923443596963175,0.3955808365005171,True
seed_only,1.2610000000000001,1.351609189958728,1.0718550277230197,0.6936465574703732,0.39598634881145767,True
seed_only,1.262,1.3526810449864508,1.0718550277230197,0.6949487754106309,0.39639350197900997,True
seed_only,1.2630000000000001,1.353752900014174,1.0718550277230197,0.696251013548066,0.3968022910003783,True
seed_only,1.264,1.3548247550418968,1.0718550277230197,0.6975532718782151,0.39721271097090793,True
seed_only,1.2650000000000001,1.35589661006962,1.0718550277230197,0.6988555503454341,0.3976247568364916,True
seed_only,1.266,1.3569684650973428,1.0718550277230197,0.7001578490346994,0.3980384236858548,True
seed_only,1.2670000000000001,1.3580403201250661,1.0718550277230197,0.7014601679640853,0.39845370650220513,True
seed_only,1.268,1.359112175152789,1.0718550277230197,0.7027625070262111,0.3988706003597646,True
seed_only,1.2690000000000001,1.3601840301805121,1.0718550277230197,0.704064866316001,0.39928910024306424,True
seed_only,1.27,1.361255885208235,1.0718550277230197,0.7053672457338456,0.39970920124319126,True
seed_only,1.2710000000000001,1.3623277402359582,1.0718550277230197,0.7066696454168797,0.4001308983231845,True
seed_only,1.272,1.363399595263681,1.0718550277230197,0.7079720652861221,0.40055418652563723,True
seed_only,1.2730000000000001,1.3644714502914042,1.0718550277230197,0.7092745053636218,0.4009790609513623,True
seed_only,1.274,1.365543305319127,1.0718550277230197,0.7105769656423622,0.40140551657690576,True
seed_only,1.2750000000000001,1.3666151603468502,1.0718550277230197,0.7118794461413946,0.4018335484723254,True
seed_only,1.276,1.367687015374573,1.0718550277230197,0.7131819466736244,0.4022631516715363,True
seed_only,1.2770000000000001,1.3687588704022962,1.0718550277230197,0.7144844675063933,0.40269432124977594,True
seed_only,1.278,1.369830725430019,1.0718550277230197,0.7157870085877649,0.40312705222905304,True
seed_only,1.2790000000000001,1.3709025804577424,1.0718550277230197,0.717089569763063,0.40356133964026464,True
seed_only,1.28,1.3719744354854653,1.0718550277230197,0.7183921512315505,0.4039971785932815,True
seed_only,1.2810000000000001,1.3730462905131884,1.0718550277230197,0.7196947528816944,0.4044345641159697,True
seed_only,1.282,1.3741181455409113,1.0718550277230197,0.7209973746998388,0.4048734912475766,True
seed_only,1.2830000000000001,1.3751900005686344,1.0718550277230197,0.7223000166944216,0.4053139550850496,True
seed_only,1.284,1.3762618555963573,1.0718550277230197,0.7236026788828065,0.4057559507090202,True
seed_only,1.2850000000000001,1.3773337106240804,1.0718550277230197,0.7249053612987222,0.4061994732011437,True
seed_only,1.286,1.3784055656518033,1.0718550277230197,0.7262080639686586,0.4066445175881487,True
seed_only,1.287,1.3794774206795262,1.0718550277230197,0.7275107867575903,0.40709107897360736,True
seed_only,1.288,1.3805492757072493,1.0718550277230197,0.7288135297640608,0.4075391525054366,True
seed_only,1.289,1.3816211307349722,1.0718550277230197,0.7301162930111404,0.40798873321222057,True
seed_only,1.29,1.3826929857626955,1.0718550277230197,0.7314190763905382,0.40843981619712594,True
seed_only,1.291,1.3837648407904184,1.0718550277230197,0.7327218799778823,0.4088923965611446,True
seed_only,1.292,1.3848366958181415,1.0718550277230197,0.734024703793934,0.4093464694651638,True
seed_only,1.293,1.3859085508458644,1.0718550277230197,0.7353275478694243,0.40980202994415765,True
seed_only,1.294,1.3869804058735875,1.0718550277230197,0.7366304121321887,0.4102590731617862,True
seed_only,1.295,1.3880522609013104,1.0718550277230197,0.737933296507487,0.41071759422460924,True
seed_only,1.296,1.3891241159290335,1.0718550277230197,0.7392362011423126,0.41117758829389417,True
seed_only,1.297,1.3901959709567564,1.0718550277230197,0.7405391260061567,0.41163905047183247,True
seed_only,1.298,1.3912678259844795,1.0718550277230197,0.7418420709805362,0.41210197591360914,True
seed_only,1.299,1.3923396810122024,1.0718550277230197,0.7431450362273662,0.41256635978418926,True
seed_only,1.3,1.3934115360399255,1.0718550277230197,0.7444480216801885,0.413032197191374,True
seed_only,1.301,1.3944833910676484,1.0718550277230197,0.7457510273257251,0.4134994833536866,True
seed_only,1.302,1.3955552460953717,1.0718550277230197,0.7470540531584913,0.4139682134659341,True
seed_only,1.303,1.3966271011230946,1.0718550277230197,0.7483570992399269,0.4144383825483225,True
seed_only,1.304,1.3976989561508177,1.0718550277230197,0.7496601655124113,0.4149099859108714,True
seed_only,1.305,1.3987708111785406,1.0718550277230197,0.750963252010739,0.4153830187143498,True
seed_only,1.306,1.3998426662062637,1.0718550277230197,0.752266358639786,0.41585747616315827,True
seed_only,1.307,1.4009145212339866,1.0718550277230197,0.7535694855657749,0.4163333534383024,True
seed_only,1.308,1.4019863762617097,1.0718550277230197,0.7548726326437105,0.4168106457877498,True
seed_only,1.309,1.4030582312894326,1.0718550277230197,0.756175799935721,0.41728934842055354,True
seed_only,1.31,1.4041300863171557,1.0718550277230197,0.7574789874186916,0.4177694564554922,True
seed_only,1.311,1.4052019413448786,1.0718550277230197,0.758782195118135,0.4182509652877915,True
seed_only,1.312,1.4062737963726017,1.0718550277230197,0.7600854230862097,0.4187338700815626,True
seed_only,1.313,1.4073456514003249,1.0718550277230197,0.7613886712129814,0.4192181660770376,True
seed_only,1.314,1.408417506428048,1.0718550277230197,0.762691939548632,0.4197038485306913,True
seed_only,1.315,1.4094893614557709,1.0718550277230197,0.7639952281420781,0.4201909127427587,True
seed_only,1.316,1.410561216483494,1.0718550277230197,0.7652985369237975,0.4206793539444373,True
seed_only,1.317,1.4116330715112169,1.0718550277230197,0.7666018658616158,0.4211691674168648,True
seed_only,1.318,1.41270492653894,1.0718550277230197,0.7679052150718624,0.4216603485001552,True
seed_only,1.319,1.4137767815666629,1.0718550277230197,0.7692085843939322,0.42215289246245996,True
seed_only,1.32,1.414848636594386,1.0718550277230197,0.7705119740509803,0.4226467946174994,True
seed_only,1.321,1.4159204916221089,1.0718550277230197,0.771815383839658,0.42314205026606966,True
seed_only,1.322,1.416992346649832,1.0718550277230197,0.7731188139337153,0.42363865469882367,True
seed_only,1.323,1.4180642016775549,1.0718550277230197,0.7744222641720588,0.42413660334459485,True
seed_only,1.324,1.4191360567052782,1.0718550277230197,0.775725734681898,0.42463589150763825,True
seed_only,1.325,1.420207911733001,1.0718550277230197,0.7770292253281408,0.425136514523182,True
seed_only,1.326,1.4212797667607242,1.0718550277230197,0.7783327361636339,0.4256384677199394,True
seed_only,1.327,1.422351621788447,1.0718550277230197,0.7796362673033297,0.4261417465040452,True
seed_only,1.328,1.4234234768161702,1.0718550277230197,0.7809398186172212,0.426646346278098,True
seed_only,1.329,1.424495331843893,1.0718550277230197,0.7822433901053527,0.4271522624352602,True
seed_only,1.33,1.4255671868716162,1.0718550277230197,0.7835469818967988,0.4276594903416656,True
seed_only,1.331,1.426639041899339,1.0718550277230197,0.7848505938794492,0.4281680254342447,True
seed_only,1.332,1.4277108969270622,1.0718550277230197,0.7861542260765964,0.42867786310614964,True
seed_only,1.333,1.428782751954785,1.0718550277230197,0.7874578784567987,0.4291889987553647,True
seed_only,1.334,1.4298546069825082,1.0718550277230197,0.7887615510720369,0.4297014278927029,True
seed_only,1.335,1.430926462010231,1.0718550277230197,0.7900652438832978,0.43021514591878385,True
seed_only,1.336,1.4319983170379544,1.0718550277230197,0.7913689569324589,0.43073014834566614,True
seed_only,1.337,1.4330701720656773,1.0718550277230197,0.7926726902427017,0.4312464306296568,True
seed_only,1.338,1.4341420270934004,1.0718550277230197,0.7939764437415286,0.4317639881982671,True
seed_only,1.339,1.4352138821211233,1.0718550277230197,0.7952802174486795,0.4322828165496578,True
seed_only,1.34,1.4362857371488464,1.0718550277230197,0.7965840113518308,0.4328029112289797,True
seed_only,1.341,1.4373575921765693,1.0718550277230197,0.7978878255124222,0.4333242677098501,True
seed_only,1.342,1.4384294472042924,1.0718550277230197,0.7991916598423021,0.4338468815243052,True
seed_only,1.343,1.4395013022320153,1.0718550277230197,0.8004955144440329,0.43437074824028843,True
seed_only,1.344,1.4405731572597384,1.0718550277230197,0.8017993892614816,0.43489586335505886,True
seed_only,1.345,1.4416450122874613,1.0718550277230197,0.8031032842986008,0.4354222224516218,True
seed_only,1.346,1.4427168673151844,1.0718550277230197,0.8044071995660484,0.4359498210603976,True
seed_only,1.347,1.4437887223429076,1.0718550277230197,0.8057111349817792,0.4364786547589998,True
seed_only,1.348,1.4448605773706307,1.0718550277230197,0.8070150907572904,0.43700871920635576,True
seed_only,1.349,1.4459324323983536,1.0718550277230197,0.8083190666614559,0.4375400098877324,True
seed_only,1.35,1.4470042874260767,1.0718550277230197,0.809623062775966,0.4380725225291898,True
seed_only,1.351,1.4480761424537996,1.0718550277230197,0.8109270791705203,0.4386062526563738,True
seed_only,1.352,1.4491479974815227,1.0718550277230197,0.812231115718598,0.4391411958684734,True
seed_only,1.353,1.4502198525092456,1.0718550277230197,0.8135351725305329,0.43967734798502744,True
seed_only,1.354,1.4512917075369687,1.0718550277230197,0.8148392495736623,0.4402147044291227,True
seed_only,1.355,1.4523635625646916,1.0718550277230197,0.8161433468958812,0.4407532610336661,True
seed_only,1.356,1.4534354175924147,1.0718550277230197,0.8174474644289997,0.44129301340360017,True
seed_only,1.357,1.4545072726201376,1.0718550277230197,0.8187516020478736,0.44183395728996766,True
seed_only,1.358,1.455579127647861,1.0718550277230197,0.820055760006122,0.4423760882892549,True
seed_only,1.359,1.4566509826755838,1.0718550277230197,0.8213599381490244,0.4429194021422175,True
seed_only,1.36,1.457722837703307,1.0718550277230197,0.8226641365682186,0.4434638946706965,True
seed_only,1.361,1.4587946927310298,1.0718550277230197,0.8239683552407451,0.44400956153527993,True
seed_only,1.362,1.459866547758753,1.0718550277230197,0.8252725940782302,0.4445563983973193,True
seed_only,1.363,1.4609384027864758,1.0718550277230197,0.8265768530999473,0.44510440117585504,True
seed_only,1.364,1.462010257814199,1.0718550277230197,0.8278811324152535,0.4456535654867658,True
seed_only,1.365,1.4630821128419218,1.0718550277230197,0.8291854319682379,0.4462038871525208,True
seed_only,1.366,1.464153967869645,1.0718550277230197,0.830489751680541,0.44675536209084393,True
seed_only,1.367,1.4652258228973678,1.0718550277230197,0.8317940916925615,0.44730798590568954,True
seed_only,1.368,1.466297677925091,1.0718550277230197,0.8330984518901019,0.44786175459531113,True
seed_only,1.369,1.4673695329528138,1.0718550277230197,0.8344028323992614,0.44841666382578893,True
seed_only,1.37,1.4684413879805371,1.0718550277230197,0.8357072330724247,0.44897270958047,True
seed_only,1.371,1.46951324300826,1.0718550277230197,0.837011653956643,0.449529887555673,True
seed_only,1.372,1.4705850980359831,1.0718550277230197,0.8383160950999002,0.4500881938102762,True
seed_only,1.373,1.471656953063706,1.0718550277230197,0.8396205564896286,0.4506476240137018,True
seed_only,1.374,1.4727288080914291,1.0718550277230197,0.8409250381140376,0.45120817422379855,True
seed_only,1.375,1.473800663119152,1.0718550277230197,0.8422295399006519,0.4517698401934386,True
seed_only,1.3760000000000001,1.4748725181468751,1.0718550277230197,0.8435340619852738,0.45233261799649765,True
seed_only,1.377,1.475944373174598,1.0718550277230197,0.8448386043381273,0.4528965034115557,True
seed_only,1.3780000000000001,1.4770162282023211,1.0718550277230197,0.8461431669182229,0.4534614923739841,True
seed_only,1.379,1.478088083230044,1.0718550277230197,0.8474477495984623,0.4540275808897304,True
seed_only,1.3800000000000001,1.4791599382577671,1.0718550277230197,0.8487523526388152,0.45459476505737784,True
seed_only,1.381,1.4802317932854903,1.0718550277230197,0.8500569758757903,0.45516304060615476,True
seed_only,1.3820000000000001,1.4813036483132134,1.0718550277230197,0.8513616194524731,0.4557324036186016,True
seed_only,1.383,1.4823755033409363,1.0718550277230197,0.8526662831412235,0.4563028500104434,True
seed_only,1.3840000000000001,1.4834473583686594,1.0718550277230197,0.8539709670620566,0.45687437597148356,True
seed_only,1.385,1.4845192133963823,1.0718550277230197,0.8552756712507881,0.4574469774376817,True
seed_only,1.3860000000000001,1.4855910684241054,1.0718550277230197,0.8565803956040119,0.45802065035194084,True
seed_only,1.387,1.4866629234518283,1.0718550277230197,0.857885140334802,0.45859539095654567,True
seed_only,1.3880000000000001,1.4877347784795514,1.0718550277230197,0.8591899052072804,0.4591711950361846,True
seed_only,1.389,1.4888066335072743,1.0718550277230197,0.8604946903714383,0.45974805892180404,True
seed_only,1.3900000000000001,1.4898784885349974,1.0718550277230197,0.8617994957316633,0.4603259785436019,True
seed_only,1.391,1.4909503435627203,1.0718550277230197,0.863104321359387,0.4609049500526824,True
seed_only,1.3920000000000001,1.4920221985904436,1.0718550277230197,0.864409167164859,0.4614849695009488,True
seed_only,1.393,1.4930940536181665,1.0718550277230197,0.8657140332837043,0.46206603312275796,True
seed_only,1.3940000000000001,1.4941659086458896,1.0718550277230197,0.8670189196750666,0.4626481368769216,True
seed_only,1.395,1.4952377636736125,1.0718550277230197,0.8683238261811832,0.46323127708359046,True
seed_only,1.3960000000000001,1.4963096187013356,1.0718550277230197,0.8696287530185476,0.46381544985839246,True
seed_only,1.397,1.4973814737290585,1.0718550277230197,0.870933700030796,0.46440065127848557,True
seed_only,1.3980000000000001,1.4984533287567816,1.0718550277230197,0.8722386673132965,0.4649868775980688,True
seed_only,1.399,1.4995251837845045,1.0718550277230197,0.8735436549057063,0.46557412499039535,True
seed_only,1.4000000000000001,1.5005970388122276,1.0718550277230197,0.8748486626366958,0.46616238975827917,True
seed_only,1.401,1.5016688938399505,1.0718550277230197,0.8761536906292777,0.46675166793621836,True
seed_only,1.4020000000000001,1.5027407488676736,1.0718550277230197,0.8774587389835942,0.46734195589480987,True
seed_only,1.403,1.5038126038953965,1.0718550277230197,0.8787638074308379,0.4679332498616194,True
seed_only,1.4040000000000001,1.5048844589231198,1.0718550277230197,0.8800688962201431,0.46852554606648367,True
seed_only,1.405,1.5059563139508427,1.0718550277230197,0.8813740051614172,0.46911884072356086,True
seed_only,1.4060000000000001,1.5070281689785658,1.0718550277230197,0.8826791344143547,0.4697131301437363,True
seed_only,1.407,1.5081000240062887,1.0718550277230197,0.8839842838503698,0.47030841076581426,True
seed_only,1.4080000000000001,1.5091718790340118,1.0718550277230197,0.8852894536514277,0.4709046787997892,True
seed_only,1.409,1.5102437340617347,1.0718550277230197,0.8865946435624217,0.4715019304135824,True
seed_only,1.4100000000000001,1.5113155890894578,1.0718550277230197,0.8878998537744209,0.4721001620833171,True
seed_only,1.411,1.5123874441171807,1.0718550277230197,0.8892050842670862,0.47269937028481157,True
seed_only,1.4120000000000001,1.5134592991449038,1.0718550277230197,0.890510334944894,0.4732995511487671,True
seed_only,1.413,1.5145311541726267,1.0718550277230197,0.8918156059351201,0.4739007010092391,True
seed_only,1.4140000000000001,1.5156030092003498,1.0718550277230197,0.8931208970826665,0.47450281649175796,True
seed_only,1.415,1.516674864228073,1.0718550277230197,0.8944262085516685,0.4751058938677564,True
seed_only,1.416,1.5177467192557959,1.0718550277230197,0.8957315402903454,0.47570992953638447,True
seed_only,1.417,1.518818574283519,1.0718550277230197,0.8970368921778382,0.4763149198583122,True
seed_only,1.418,1.5198904293112419,1.0718550277230197,0.8983422644408323,0.47692086138057777,True
seed_only,1.419,1.520962284338965,1.0718550277230197,0.8996476567737277,0.47752775043270596,True
seed_only,1.42,1.5220341393666879,1.0718550277230197,0.9009530695035073,0.47813558365289127,True
seed_only,1.421,1.523105994394411,1.0718550277230197,0.9022585024226704,0.4787443573041444,True
seed_only,1.422,1.5241778494221339,1.0718550277230197,0.9035639556982389,0.4793540678559098,True
seed_only,1.423,1.525249704449857,1.0718550277230197,0.9048694291126536,0.4799647120800934,True
seed_only,1.424,1.5263215594775799,1.0718550277230197,0.9061749227846194,0.48057628619230236,True
seed_only,1.425,1.527393414505303,1.0718550277230197,0.907480436702679,0.4811887867904889,True
seed_only,1.426,1.5284652695330259,1.0718550277230197,0.9087859709236756,0.48180221044133237,True
seed_only,1.427,1.5295371245607492,1.0718550277230197,0.9100915253665187,0.4824165537437575,True
seed_only,1.428,1.530608979588472,1.0718550277230197,0.9113971000761056,0.4830318130893333,True
seed_only,1.429,1.5316808346161952,1.0718550277230197,0.9127026950427108,0.48364798525209896,True
seed_only,1.43,1.532752689643918,1.0718550277230197,0.9140083102879393,0.4842650665669003,True
seed_only,1.431,1.5338245446716412,1.0718550277230197,0.9153139457151349,0.48488305380472857,True
seed_only,1.432,1.534896399699364,1.0718550277230197,0.9166196014428696,0.485501943659517,True
seed_only,1.433,1.5359682547270872,1.0718550277230197,0.9179252773717561,0.4861217324477045,True
seed_only,1.434,1.53704010975481,1.0718550277230197,0.9192309735535531,0.48674241694784254,True
seed_only,1.435,1.5381119647825332,1.0718550277230197,0.9205366900128631,0.48736399396023156,True
seed_only,1.436,1.539183819810256,1.0718550277230197,0.9218424268027103,0.4879864599098713,True
seed_only,1.437,1.5402556748379792,1.0718550277230197,0.9231481837722377,0.48860981155970507,True
seed_only,1.438,1.5413275298657023,1.0718550277230197,0.9244539610418157,0.4892340455094476,True
seed_only,1.439,1.5423993848934254,1.0718550277230197,0.9257597585696553,0.48985915855791934,True
seed_only,1.44,1.5434712399211483,1.0718550277230197,0.927065576255659,0.4904851473839114,True
seed_only,1.441,1.5445430949488714,1.0718550277230197,0.9283714142496846,0.4911120087091304,True
seed_only,1.442,1.5456149499765943,1.0718550277230197,0.9296772725389868,0.4917397390942316,True
seed_only,1.443,1.5466868050043174,1.0718550277230197,0.9309831511270961,0.49236833545931064,True
seed_only,1.444,1.5477586600320403,1.0718550277230197,0.932289049858448,0.49299779457792,True
seed_only,1.445,1.5488305150597634,1.0718550277230197,0.9335949689305068,0.49362811305456294,True
seed_only,1.446,1.5499023700874863,1.0718550277230197,0.9349009082237458,0.49425928778542233,True
seed_only,1.447,1.5509742251152094,1.0718550277230197,0.9362068677572166,0.4948913155899696,True
seed_only,1.448,1.5520460801429323,1.0718550277230197,0.9375128475948902,0.4955241930610037,True
seed_only,1.449,1.5531179351706557,1.0718550277230197,0.9388188477257753,0.4961579172786369,True
seed_only,1.45,1.5541897901983786,1.0718550277230197,0.9401248680373842,0.4967924848607798,True
seed_only,1.451,1.5552616452261017,1.0718550277230197,0.941430908581653,0.49742789265252074,True
seed_only,1.452,1.5563335002538246,1.0718550277230197,0.9427369694944288,0.49806413772415553,True
seed_only,1.453,1.5574053552815477,1.0718550277230197,0.9440430506496567,0.4987012165904794,True
seed_only,1.454,1.5584772103092706,1.0718550277230197,0.9453491520057034,0.4993391264415285,True
seed_only,1.455,1.5595490653369937,1.0718550277230197,0.9466552736543843,0.4999778639548616,True
seed_only,1.456,1.5606209203647166,1.0718550277230197,0.947961415628118,0.500617426008603,True
seed_only,1.457,1.5616927753924397,1.0718550277230197,0.9492675777892146,0.50125780960891,True
seed_only,1.458,1.5627646304201626,1.0718550277230197,0.9505737602742981,0.5018990118398985,True
seed_only,1.459,1.5638364854478857,1.0718550277230197,0.9518799629125496,0.502541029192495,True
seed_only,1.46,1.5649083404756086,1.0718550277230197,0.9531861859437551,0.5031838589551314,True
seed_only,1.461,1.565980195503332,1.0718550277230197,0.9544924291279289,0.5038274980151509,True
seed_only,1.462,1.5670520505310548,1.0718550277230197,0.9557986925753825,0.504471943255671,True
seed_only,1.463,1.568123905558778,1.0718550277230197,0.9571049764365291,0.5051171916027788,True
seed_only,1.464,1.5691957605865008,1.0718550277230197,0.9584112803962874,0.5057632402061503,True
seed_only,1.465,1.570267615614224,1.0718550277230197,0.9597176047574374,0.5064100861027884,True
seed_only,1.466,1.5713394706419468,1.0718550277230197,0.9610239492727546,0.5070577260840265,True
seed_only,1.467,1.57241132566967,1.0718550277230197,0.9623303141294892,0.5077061572400994,True
seed_only,1.468,1.5734831806973928,1.0718550277230197,0.9636366992315404,0.5083553767002581,True
seed_only,1.469,1.574555035725116,1.0718550277230197,0.9649431045818391,0.509005381434765,True
seed_only,1.47,1.5756268907528388,1.0718550277230197,0.9662495301945517,0.5096561685415086,True
seed_only,1.471,1.576698745780562,1.0718550277230197,0.9675559760853547,0.5103077350199318,True
seed_only,1.472,1.577770600808285,1.0718550277230197,0.968862442282159,0.5109600780063382,True
seed_only,1.473,1.5788424558360081,1.0718550277230197,0.9701689287314741,0.5116131945958099,True
seed_only,1.474,1.579914310863731,1.0718550277230197,0.9714754354560817,0.5122670818351758,True
seed_only,1.475,1.5809861658914541,1.0718550277230197,0.9727819623992939,0.5129217368033009,True
seed_only,1.476,1.582058020919177,1.0718550277230197,0.9740885096801266,0.5135771568418965,True
seed_only,1.477,1.5831298759469001,1.0718550277230197,0.9753950771472342,0.5142333388871076,True
seed_only,1.478,1.584201730974623,1.0718550277230197,0.9767016649468108,0.5148902800655968,True
seed_only,1.479,1.5852735860023461,1.0718550277230197,0.978008273041242,0.5155479776748758,True
seed_only,1.48,1.586345441030069,1.0718550277230197,0.9793149013817004,0.5162064287963912,True
seed_only,1.481,1.5874172960577921,1.0718550277230197,0.9806215499807314,0.5168656306060561,True
seed_only,1.482,1.588489151085515,1.0718550277230197,0.9819282188643585,0.5175255802297003,True
seed_only,1.483,1.5895610061132384,1.0718550277230197,0.9832349080167724,0.5181862751954271,True
seed_only,1.484,1.5906328611409613,1.0718550277230197,0.9845416174066202,0.518847712290894,True
seed_only,1.485,1.5917047161686844,1.0718550277230197,0.9858483471925306,0.5195098890108627,True
seed_only,1.486,1.5927765711964073,1.0718550277230197,0.9871550970871334,0.5201728024363441,True
seed_only,1.487,1.5938484262241304,1.0718550277230197,0.9884618673730916,0.5208364499067376,True
seed_only,1.488,1.5949202812518533,1.0718550277230197,0.9897686579033671,0.5215008286223773,True
seed_only,1.489,1.5959921362795764,1.0718550277230197,0.9910754686907053,0.5221659358962014,True
seed_only,1.49,1.5970639913072993,1.0718550277230197,0.9923822997763398,0.5228317690455497,True
seed_only,1.491,1.5981358463350224,1.0718550277230197,0.9936891511211021,0.5234983252360913,True
seed_only,1.492,1.5992077013627453,1.0718550277230197,0.9949960227304988,0.5241656018873401,True
seed_only,1.493,1.6002795563904684,1.0718550277230197,0.9963029146313307,0.5248335961741314,True
seed_only,1.494,1.6013514114181913,1.0718550277230197,0.9976098268052125,0.5255023056204762,True
seed_only,1.495,1.6024232664459146,1.0718550277230197,0.9989167592426407,0.5261717273056548,True
seed_only,1.496,1.6034951214736375,1.0718550277230197,1.0002237120164237,0.5268418588309816,False
seed_only,1.497,1.6045669765013606,1.0718550277230197,1.001530684973595,0.5275126974378402,False
seed_only,1.498,1.6056388315290835,1.0718550277230197,1.0028376782727833,0.528184240427451,False
seed_only,1.499,1.6067106865568066,1.0718550277230197,1.0041446918558572,0.528856485276017,False
seed_only,1.5,1.6077825415845295,1.0718550277230197,1.0054517257360729,0.5295294292410077,False
seed_only,1.5010000000000001,1.6088543966122526,1.0718550277230197,1.0067587798018751,0.5302030698742057,False
seed_only,1.502,1.6099262516399755,1.0718550277230197,1.008065854225415,0.5308774044412807,False
seed_only,1.5030000000000001,1.6109981066676986,1.0718550277230197,1.0093729489205838,0.5315524304997232,False
seed_only,1.504,1.6120699616954215,1.0718550277230197,1.010680063909386,0.532228145349689,False
seed_only,1.5050000000000001,1.6131418167231446,1.0718550277230197,1.0119871991598917,0.5329045464757202,False
seed_only,1.506,1.6142136717508677,1.0718550277230197,1.0132943546558693,0.5335816313954623,False
seed_only,1.5070000000000001,1.6152855267785908,1.0718550277230197,1.0146015305203315,0.534259397419855,False
seed_only,1.508,1.6163573818063137,1.0718550277230197,1.0159087266653488,0.534937842160823,False
seed_only,1.5090000000000001,1.6174292368340368,1.0718550277230197,1.017215942984695,0.5356169630347927,False
seed_only,1.51,1.6185010918617597,1.0718550277230197,1.0185231796283611,0.5362967574992261,False
seed_only,1.5110000000000001,1.6195729468894828,1.0718550277230197,1.0198304365126143,0.5369772230717259,False
seed_only,1.512,1.6206448019172057,1.0718550277230197,1.021137713844955,0.5376583573192533,False
seed_only,1.5130000000000001,1.6217166569449288,1.0718550277230197,1.0224450113455852,0.5383401577334564,False
seed_only,1.514,1.6227885119726517,1.0718550277230197,1.0237523290737682,0.5390226217878572,False
seed_only,1.5150000000000001,1.6238603670003748,1.0718550277230197,1.025059667202477,0.539705747109353,False
seed_only,1.516,1.6249322220280977,1.0718550277230197,1.026367025575814,0.5403895311417707,False
seed_only,1.5170000000000001,1.626004077055821,1.0718550277230197,1.0276744042764685,0.5410739715829602,False
seed_only,1.518,1.627075932083544,1.0718550277230197,1.0289818031507192,0.5417590658563399,False
seed_only,1.5190000000000001,1.628147787111267,1.0718550277230197,1.0302892223822635,0.542444811623032,False
seed_only,1.52,1.62921964213899,1.0718550277230197,1.031596661902645,0.5431312064400506,False
seed_only,1.5210000000000001,1.630291497166713,1.0718550277230197,1.0329041216973422,0.5438182479370858,False
seed_only,1.522,1.631363352194436,1.0718550277230197,1.0342116018278613,0.5445059337648698,False
seed_only,1.5230000000000001,1.632435207222159,1.0718550277230197,1.0355191021512278,0.5451942613990037,False
seed_only,1.524,1.633507062249882,1.0718550277230197,1.03682662281408,0.5458832285899945,False
seed_only,1.5250000000000001,1.634578917277605,1.0718550277230197,1.0381341637621055,0.546572832966593,False
seed_only,1.526,1.635650772305328,1.0718550277230197,1.039441725026835,0.5472630721602407,False
seed_only,1.5270000000000001,1.636722627333051,1.0718550277230197,1.040749306567923,0.5479539438184329,False
seed_only,1.528,1.637794482360774,1.0718550277230197,1.0420569083877451,0.5486454455322263,False
seed_only,1.5290000000000001,1.6388663373884973,1.0718550277230197,1.0433645305048866,0.5493375751895824,False
seed_only,1.53,1.6399381924162202,1.0718550277230197,1.0446721728947228,0.5500303302922391,False
seed_only,1.5310000000000001,1.6410100474439433,1.0718550277230197,1.0459798356164063,0.5507237085117869,False
seed_only,1.532,1.6420819024716662,1.0718550277230197,1.0472875185524755,0.55141770766823,False
seed_only,1.5330000000000001,1.6431537574993893,1.0718550277230197,1.048595221832449,0.5521123254047733,False
seed_only,1.534,1.6442256125271122,1.0718550277230197,1.049902945428216,0.55280755968142,False
seed_only,1.5350000000000001,1.6452974675548353,1.0718550277230197,1.0512106892727635,0.5535034077723552,False
seed_only,1.536,1.6463693225825582,1.0718550277230197,1.0525184534350362,0.5541998677559005,False
seed_only,1.5370000000000001,1.6474411776102813,1.0718550277230197,1.0538262378546381,0.5548969373427428,False
seed_only,1.538,1.6485130326380042,1.0718550277230197,1.0551340426319777,0.5555946142455973,False
seed_only,1.5390000000000001,1.6495848876657273,1.0718550277230197,1.056441867605451,0.5562928962548451,False
seed_only,1.54,1.6506567426934504,1.0718550277230197,1.057749712892564,0.5569917810686131,False
seed_only,1.5410000000000001,1.6517285977211735,1.0718550277230197,1.05905757861815,0.5576912666517327,False
seed_only,1.542,1.6528004527488964,1.0718550277230197,1.060365464491575,0.5583913505719509,False
seed_only,1.543,1.6538723077766193,1.0718550277230197,1.061673370749383,0.5590920309987807,False
seed_only,1.544,1.6549441628043424,1.0718550277230197,1.0629812972130503,0.5597933052961154,False
seed_only,1.545,1.6560160178320653,1.0718550277230197,1.0642892440462237,0.5604951715589191,False
seed_only,1.546,1.6570878728597884,1.0718550277230197,1.0655972111161205,0.5611976274562163,False
seed_only,1.547,1.6581597278875113,1.0718550277230197,1.0669051985075173,0.5619006711543465,False
seed_only,1.548,1.6592315829152344,1.0718550277230197,1.0682132061802685,0.5626043001165236,False
seed_only,1.549,1.6603034379429573,1.0718550277230197,1.0695212341780724,0.5633085125396922,False
seed_only,1.55,1.6613752929706804,1.0718550277230197,1.070829282437935,0.5640133060603156,False
seed_only,1.551,1.6624471479984033,1.0718550277230197,1.0721373510450993,0.5647186786013646,False
seed_only,1.552,1.6635190030261267,1.0718550277230197,1.0734454399006443,0.5654246281328329,False
seed_only,1.553,1.6645908580538495,1.0718550277230197,1.0747535491382187,0.566131152460709,False
seed_only,1.554,1.6656627130815727,1.0718550277230197,1.0760616786183341,0.5668382495541293,False
seed_only,1.555,1.6667345681092955,1.0718550277230197,1.0773698284225919,0.5675459172629582,False
seed_only,1.556,1.6678064231370187,1.0718550277230197,1.078677998442279,0.5682541536657418,False
seed_only,1.557,1.6688782781647415,1.0718550277230197,1.079986188872839,0.5689629563474445,False
seed_only,1.558,1.6699501331924647,1.0718550277230197,1.0812943994607416,0.5696723236226914,False
seed_only,1.559,1.6710219882201875,1.0718550277230197,1.0826026305621461,0.5703822533351435,False
seed_only,1.56,1.6720938432479107,1.0718550277230197,1.0839108817869203,0.5710927434438838,False
seed_only,1.561,1.6731656982756336,1.0718550277230197,1.0852191533804678,0.5718037917849172,False
seed_only,1.562,1.6742375533033567,1.0718550277230197,1.0865274453056406,0.5725153963945805,False
seed_only,1.563,1.6753094083310798,1.0718550277230197,1.0878357574809483,0.5732275553034618,False
seed_only,1.564,1.6763812633588029,1.0718550277230197,1.089144089988725,0.5739402664895553,False
seed_only,1.565,1.6774531183865258,1.0718550277230197,1.0904524427884033,0.5746535279859821,False
seed_only,1.566,1.6785249734142489,1.0718550277230197,1.0917608159213943,0.5753673376100079,False
seed_only,1.567,1.6795968284419718,1.0718550277230197,1.0930692093083838,0.5760816936128617,False
seed_only,1.568,1.680668683469695,1.0718550277230197,1.0943776230378122,0.5767965939109538,False
seed_only,1.569,1.6817405384974178,1.0718550277230197,1.0956860570978222,0.5775120365929945,False
seed_only,1.57,1.682812393525141,1.0718550277230197,1.0969945113608492,0.5782280195703134,False
seed_only,1.571,1.6838842485528638,1.0718550277230197,1.0983029860436533,0.5789445410972108,False
seed_only,1.572,1.684956103580587,1.0718550277230197,1.099611480962004,0.5796615990533278,False
seed_only,1.573,1.6860279586083098,1.0718550277230197,1.1009199962464633,0.5803791915581794,False
seed_only,1.574,1.6870998136360331,1.0718550277230197,1.102228531754812,0.581097316670344,False
seed_only,1.575,1.688171668663756,1.0718550277230197,1.1035370876573136,0.5818159726223643,False
seed_only,1.576,1.6892435236914791,1.0718550277230197,1.1048456637767767,0.5825351571813407,False
seed_only,1.577,1.690315378719202,1.0718550277230197,1.1061542602776253,0.583254868777119,False
seed_only,1.578,1.6913872337469251,1.0718550277230197,1.1074628770788797,0.5839751053019498,False
seed_only,1.579,1.692459088774648,1.0718550277230197,1.1087715141323118,0.5846958650085075,False
seed_only,1.58,1.6935309438023711,1.0718550277230197,1.1100801715365316,0.5854171458936609,False
seed_only,1.581,1.694602798830094,1.0718550277230197,1.1113888492771284,0.5861389461721898,False
seed_only,1.582,1.6956746538578171,1.0718550277230197,1.1126975472995237,0.586861263888158,False
seed_only,1.583,1.69674650888554,1.0718550277230197,1.114006265607781,0.5875840973108665,False
seed_only,1.584,1.6978183639132631,1.0718550277230197,1.115315004255879,0.5883074444760739,False
seed_only,1.585,1.698890218940986,1.0718550277230197,1.1166237632275422,0.5890313037557272,False
seed_only,1.586,1.6999620739687094,1.0718550277230197,1.1179325424653719,0.58975567291037,False
seed_only,1.587,1.7010339289964322,1.0718550277230197,1.1192413420981984,0.5904805504789487,False
seed_only,1.588,1.7021057840241554,1.0718550277230197,1.1205501619481195,0.591205934533726,False
seed_only,1.589,1.7031776390518782,1.0718550277230197,1.1218590021007335,0.5919318232398691,False
seed_only,1.59,1.7042494940796014,1.0718550277230197,1.1231678626674624,0.5926582148337298,False
seed_only,1.591,1.7053213491073242,1.0718550277230197,1.1244767434917202,0.5933851075023674,False
seed_only,1.592,1.7063932041350474,1.0718550277230197,1.1257856446546421,0.5941124994800978,False
seed_only,1.593,1.7074650591627702,1.0718550277230197,1.1270945661221665,0.5948403889030965,False
seed_only,1.594,1.7085369141904934,1.0718550277230197,1.1284035078749977,0.5955687740843219,False
seed_only,1.595,1.7096087692182163,1.0718550277230197,1.1297124699055638,0.5962976533578533,False
seed_only,1.596,1.7106806242459394,1.0718550277230197,1.1310214523197804,0.5970270246742905,False
seed_only,1.597,1.7117524792736625,1.0718550277230197,1.132330455057673,0.5977568864446947,False
seed_only,1.598,1.7128243343013856,1.0718550277230197,1.1336394780983028,0.5984872370561404,False
seed_only,1.599,1.7138961893291085,1.0718550277230197,1.134948521507595,0.5992180746664382,False
seed_only,1.6,1.7149680443568316,1.0718550277230197,1.1362575851259438,0.5999493974952804,False
seed_only,1.601,1.7160398993845545,1.0718550277230197,1.1375666691219255,0.6006812038181204,False
seed_only,1.602,1.7171117544122776,1.0718550277230197,1.1388757734110078,0.6014134919237587,False
seed_only,1.603,1.7181836094400005,1.0718550277230197,1.1401848979722073,0.6021462603017625,False
seed_only,1.604,1.7192554644677236,1.0718550277230197,1.1414940429508746,0.6028795070146228,False
seed_only,1.605,1.7203273194954465,1.0718550277230197,1.142803208143972,0.6036132303886759,False
seed_only,1.606,1.7213991745231696,1.0718550277230197,1.144112393742014,0.6043474289724068,False
seed_only,1.607,1.7224710295508925,1.0718550277230197,1.145421599655716,0.6050821007426596,False
seed_only,1.608,1.7235428845786158,1.0718550277230197,1.1467308258922504,0.6058172442642616,False
seed_only,1.609,1.7246147396063387,1.0718550277230197,1.1480400723778539,0.6065528578759797,False
seed_only,1.61,1.7256865946340618,1.0718550277230197,1.1493493392361165,0.6072889398295261,False
seed_only,1.611,1.7267584496617847,1.0718550277230197,1.150658626375911,0.6080254884875471,False
seed_only,1.612,1.7278303046895078,1.0718550277230197,1.1519679338970024,0.6087625022352217,False
seed_only,1.613,1.7289021597172307,1.0718550277230197,1.1532772616979825,0.6094999794713162,False
seed_only,1.614,1.7299740147449538,1.0718550277230197,1.1545866098614743,0.6102379183710581,False
seed_only,1.615,1.7310458697726767,1.0718550277230197,1.1558959783057876,0.6109763174964601,False
seed_only,1.616,1.7321177248003998,1.0718550277230197,1.15720536712145,0.6117151753714135,False
seed_only,1.617,1.7331895798281227,1.0718550277230197,1.158514776231212,0.612454490075908,False
seed_only,1.618,1.7342614348558458,1.0718550277230197,1.159824205654214,0.6131942601381428,False
seed_only,1.619,1.7353332898835687,1.0718550277230197,1.1611336554052443,0.613934484006807,False
seed_only,1.62,1.736405144911292,1.0718550277230197,1.162443125478907,0.6146751601280447,False
seed_only,1.621,1.737476999939015,1.0718550277230197,1.1637526158780886,0.6154162867814785,False
seed_only,1.622,1.738548854966738,1.0718550277230197,1.1650621266189098,0.6161578624339931,False
seed_only,1.623,1.739620709994461,1.0718550277230197,1.1663716576629124,0.6168998854877202,False
seed_only,1.624,1.740692565022184,1.0718550277230197,1.1676812090631206,0.6176423545909503,False
seed_only,1.625,1.741764420049907,1.0718550277230197,1.1689907807263422,0.6183852678902287,False
seed_only,1.6260000000000001,1.74283627507763,1.0718550277230197,1.1703003728229078,0.6191286240191548,False
seed_only,1.627,1.743908130105353,1.0718550277230197,1.1716099851147632,0.6198724213564325,False
seed_only,1.6280000000000001,1.744979985133076,1.0718550277230197,1.172919617823931,0.6206166584618764,False
seed_only,1.629,1.746051840160799,1.0718550277230197,1.1742292708305513,0.6213613337322493,False
seed_only,1.6300000000000001,1.747123695188522,1.0718550277230197,1.175538944188026,0.6221064457803068,False
seed_only,1.631,1.7481955502162452,1.0718550277230197,1.1768486378252785,0.6228519927674748,False
seed_only,1.6320000000000001,1.7492674052439683,1.0718550277230197,1.178158351798908,0.6235979734241996,False
seed_only,1.633,1.7503392602716912,1.0718550277230197,1.1794680861520357,0.6243443862366357,False
seed_only,1.6340000000000001,1.7514111152994143,1.0718550277230197,1.1807778408452707,0.6250912296497274,False
seed_only,1.635,1.7524829703271372,1.0718550277230197,1.1820876158281646,0.6258385021718877,False
seed_only,1.6360000000000001,1.7535548253548603,1.0718550277230197,1.1833974111216339,0.6265862023816825,False
seed_only,1.637,1.7546266803825832,1.0718550277230197,1.1847072267557435,0.6273343286598533,False
seed_only,1.6380000000000001,1.7556985354103063,1.0718550277230197,1.1860170627390199,0.628082879843326,False
seed_only,1.639,1.7567703904380292,1.0718550277230197,1.187326919026721,0.628831854073553,False
seed_only,1.6400000000000001,1.7578422454657523,1.0718550277230197,1.1886367957021804,0.6295812501204825,False
seed_only,1.641,1.7589141004934752,1.0718550277230197,1.1899466926823532,0.6303310664626749,False
seed_only,1.6420000000000001,1.7599859555211985,1.0718550277230197,1.1912566099667954,0.6310813017057878,False
seed_only,1.643,1.7610578105489214,1.0718550277230197,1.1925665475789105,0.631831954371958,False
seed_only,1.6440000000000001,1.7621296655766445,1.0718550277230197,1.193876505574254,0.6325830229093774,False
seed_only,1.645,1.7632015206043674,1.0718550277230197,1.1951864838647408,0.6333345061666875,False
seed_only,1.6460000000000001,1.7642733756320905,1.0718550277230197,1.1964964824671132,0.6340864024236604,False
seed_only,1.647,1.7653452306598134,1.0718550277230197,1.1978065014791595,0.6348387103804393,False
seed_only,1.6480000000000001,1.7664170856875365,1.0718550277230197,1.199116540786016,0.6355914286295873,False
seed_only,1.649,1.7674889407152594,1.0718550277230197,1.200426600451543,0.636344555789756,False
seed_only,1.6500000000000001,1.7685607957429825,1.0718550277230197,1.2017366803885876,0.6370980904467748,False
seed_only,1.651,1.7696326507707054,1.0718550277230197,1.2030467807519596,0.6378520312206393,False
seed_only,1.6520000000000001,1.7707045057984285,1.0718550277230197,1.2043569014247746,0.6386063766920754,False
seed_only,1.653,1.7717763608261514,1.0718550277230197,1.2056670423504334,0.6393611255017627,False
seed_only,1.6540000000000001,1.7728482158538748,1.0718550277230197,1.2069772036594761,0.6401162760767067,False
seed_only,1.655,1.7739200708815976,1.0718550277230197,1.2082873853078269,0.6408718274300471,False
seed_only,1.6560000000000001,1.7749919259093208,1.0718550277230197,1.2095975873389841,0.6416277778535177,False
seed_only,1.657,1.7760637809370436,1.0718550277230197,1.2109078096694148,0.6423841262506733,False
seed_only,1.6580000000000001,1.7771356359647668,1.0718550277230197,1.2122180523544968,0.6431408709755059,False
seed_only,1.659,1.7782074909924896,1.0718550277230197,1.2135283153787313,0.6438980109698819,False
seed_only,1.6600000000000001,1.7792793460202128,1.0718550277230197,1.2148385987129195,0.6446555446782184,False
seed_only,1.661,1.7803512010479356,1.0718550277230197,1.2161489023925887,0.6454134707928079,False
seed_only,1.6620000000000001,1.7814230560756588,1.0718550277230197,1.2174592263919148,0.6461717880318885,False
seed_only,1.663,1.7824949111033817,1.0718550277230197,1.218769570793432,0.6469304951706152,False
seed_only,1.6640000000000001,1.7835667661311048,1.0718550277230197,1.2200799355089886,0.6476895908490637,False
seed_only,1.665,1.7846386211588279,1.0718550277230197,1.2213903206243604,0.6484490734582247,False
seed_only,1.6660000000000001,1.785710476186551,1.0718550277230197,1.2227007260072087,0.6492089419450605,False
seed_only,1.667,1.7867823312142739,1.0718550277230197,1.2240111516596874,0.6499691950432737,False
seed_only,1.6680000000000001,1.787854186241997,1.0718550277230197,1.2253215978266674,0.6507298313916277,False
seed_only,1.669,1.7889260412697199,1.0718550277230197,1.2266320641995065,0.6514908496385691,False
seed_only,1.67,1.7899978962974428,1.0718550277230197,1.227942551017569,0.6522522486779273,False
seed_only,1.671,1.7910697513251659,1.0718550277230197,1.2292530580951144,0.6530140270514496,False
seed_only,1.672,1.7921416063528888,1.0718550277230197,1.2305635855611063,0.6537761832928374,False
seed_only,1.673,1.7932134613806119,1.0718550277230197,1.2318741333710914,0.6545387165023296,False
seed_only,1.674,1.7942853164083348,1.0718550277230197,1.2331847014762642,0.6553016251923324,False
seed_only,1.675,1.7953571714360579,1.0718550277230197,1.2344952900027684,0.6560649083322773,False
seed_only,1.676,1.7964290264637808,1.0718550277230197,1.2358058988033882,0.6568285643154761,False
seed_only,1.677,1.797500881491504,1.0718550277230197,1.2371165279499996,0.6575925922893007,False
seed_only,1.678,1.798572736519227,1.0718550277230197,1.238427177439938,0.6583569905479162,False
seed_only,1.679,1.7996445915469501,1.0718550277230197,1.239737847343103,0.659121758261422,False
seed_only,1.68,1.800716446574673,1.0718550277230197,1.2410485375650149,0.6598868939815877,False
seed_only,1.681,1.8017883016023961,1.0718550277230197,1.2423592481314083,0.6606523965582669,False
seed_only,1.682,1.802860156630119,1.0718550277230197,1.2436699790161265,0.6614182646206563,False
seed_only,1.683,1.8039320116578421,1.0718550277230197,1.2449807302643334,0.6621844971840304,False
seed_only,1.684,1.805003866685565,1.0718550277230197,1.2462915018591536,0.6629510928881872,False
seed_only,1.685,1.8060757217132881,1.0718550277230197,1.2476022938645581,0.6637180505933322,False
seed_only,1.686,1.807147576741011,1.0718550277230197,1.24891310615578,0.6644853689482146,False
seed_only,1.687,1.8082194317687341,1.0718550277230197,1.2502239388099579,0.6652530468119656,False
seed_only,1.688,1.8092912867964572,1.0718550277230197,1.2515347917834152,0.6660210831032111,False
seed_only,1.689,1.8103631418241803,1.0718550277230197,1.252845665155955,0.6667894764961596,False
seed_only,1.69,1.8114349968519032,1.0718550277230197,1.2541565588724657,0.6675582258043876,False
seed_only,1.691,1.8125068518796263,1.0718550277230197,1.2554674729285065,0.6683273299716819,False
seed_only,1.692,1.8135787069073492,1.0718550277230197,1.2567784073230337,0.6690967877006722,False
seed_only,1.693,1.8146505619350723,1.0718550277230197,1.2580893620333544,0.6698665978200247,False
seed_only,1.694,1.8157224169627952,1.0718550277230197,1.25940033723424,0.6706367592721709,False
seed_only,1.695,1.8167942719905184,1.0718550277230197,1.26071133261898,0.6714072709168385,False
seed_only,1.696,1.8178661270182412,1.0718550277230197,1.2620223485247495,0.6721781314354442,False
seed_only,1.697,1.8189379820459644,1.0718550277230197,1.2633333845960104,0.6729493398009149,False
seed_only,1.698,1.8200098370736872,1.0718550277230197,1.2646444411115176,0.6737208945937377,False
seed_only,1.699,1.8210816921014106,1.0718550277230197,1.2659555180344118,0.6744927949977665,False
seed_only,1.7,1.8221535471291335,1.0718550277230197,1.2672666152367063,0.6752650398265212,False
seed_only,1.701,1.8232254021568566,1.0718550277230197,1.2685777328884207,0.6760376278940291,False
seed_only,1.702,1.8242972571845795,1.0718550277230197,1.2698888707218803,0.6768105580050613,False
seed_only,1.703,1.8253691122123026,1.0718550277230197,1.2712000290873382,0.6775838292181705,False
seed_only,1.704,1.8264409672400255,1.0718550277230197,1.272511207728888,0.6783574400808405,False
seed_only,1.705,1.8275128222677486,1.0718550277230197,1.2738224066578985,0.6791313898700021,False
seed_only,1.706,1.8285846772954715,1.0718550277230197,1.2751336260914181,0.6799056771710827,False
seed_only,1.707,1.8296565323231946,1.0718550277230197,1.2764448658225902,0.6806803010564427,False
seed_only,1.708,1.8307283873509175,1.0718550277230197,1.2777561258636716,0.681455260294883,False
seed_only,1.709,1.8318002423786406,1.0718550277230197,1.2790674062771235,0.6822305539492819,False
seed_only,1.71,1.8328720974063635,1.0718550277230197,1.2803787070902128,0.6830061807366357,False
seed_only,1.711,1.8339439524340868,1.0718550277230197,1.2816900282595745,0.6837821398664532,False
seed_only,1.712,1.8350158074618097,1.0718550277230197,1.283001369751835,0.684558429823349,False
seed_only,1.713,1.8360876624895328,1.0718550277230197,1.2843127316291225,0.6853350498833596,False
seed_only,1.714,1.8371595175172557,1.0718550277230197,1.285624113826933,0.6861119987432271,False
seed_only,1.715,1.8382313725449788,1.0718550277230197,1.2869355164372154,0.686889275528568,False
seed_only,1.716,1.8393032275727017,1.0718550277230197,1.2882469393597384,0.6876668790723124,False
seed_only,1.717,1.8403750826004248,1.0718550277230197,1.2895583826505908,0.6884448083000962,False
seed_only,1.718,1.8414469376281477,1.0718550277230197,1.2908698463220514,0.6892230622342889,False
seed_only,1.719,1.8425187926558708,1.0718550277230197,1.2921813303753193,0.6900016396693505,False
seed_only,1.72,1.8435906476835937,1.0718550277230197,1.2934928347084762,0.690780539780705,False
seed_only,1.721,1.8446625027113168,1.0718550277230197,1.2948043594810832,0.6915597612492153,False
seed_only,1.722,1.84573435773904,1.0718550277230197,1.29611590463099,0.6923393033722572,False
seed_only,1.723,1.846806212766763,1.0718550277230197,1.2974274701199384,0.6931191647971456,False
seed_only,1.724,1.847878067794486,1.0718550277230197,1.2987390559217271,0.6938993445975639,False
seed_only,1.725,1.848949922822209,1.0718550277230197,1.3000506621193342,0.694679841657571,False
seed_only,1.726,1.850021777849932,1.0718550277230197,1.3013622887142473,0.6954606552257352,False
seed_only,1.727,1.851093632877655,1.0718550277230197,1.3026739356074124,0.696241784160674,False
seed_only,1.728,1.852165487905378,1.0718550277230197,1.3039856028612684,0.6970232272527545,False
seed_only,1.729,1.853237342933101,1.0718550277230197,1.3052972905446492,0.6978049837775413,False
seed_only,1.73,1.854309197960824,1.0718550277230197,1.3066089985956708,0.6985870525822913,False
seed_only,1.731,1.855381052988547,1.0718550277230197,1.3079207270258575,0.6993694324706738,False
seed_only,1.732,1.85645290801627,1.0718550277230197,1.3092324757538742,0.7001521228871719,False
seed_only,1.733,1.8575247630439933,1.0718550277230197,1.310544244873335,0.7009351224216537,False
seed_only,1.734,1.8585966180717162,1.0718550277230197,1.3118560343500008,0.7017184303598826,False
seed_only,1.735,1.8596684730994393,1.0718550277230197,1.3131678442174666,0.7025020455998585,False
seed_only,1.736,1.8607403281271622,1.0718550277230197,1.3144796744676057,0.7032859671837051,False
seed_only,1.737,1.8618121831548853,1.0718550277230197,1.3157915250872287,0.7040701941556721,False
seed_only,1.738,1.8628840381826082,1.0718550277230197,1.3171033959885614,0.7048547254716415,False
seed_only,1.739,1.8639558932103313,1.0718550277230197,1.3184152873427557,0.7056395601080544,False
seed_only,1.74,1.8650277482380542,1.0718550277230197,1.3197271989581427,0.7064246972233688,False
seed_only,1.741,1.8660996032657773,1.0718550277230197,1.321039131059143,0.7072101359288366,False
seed_only,1.742,1.8671714582935002,1.0718550277230197,1.322351083543194,0.7079958750230548,False
seed_only,1.743,1.8682433133212233,1.0718550277230197,1.323663056351232,0.7087819138999716,False
seed_only,1.744,1.8693151683489462,1.0718550277230197,1.3249750495675672,0.7095682511611215,False
seed_only,1.745,1.8703870233766695,1.0718550277230197,1.3262870630812662,0.7103548861274851,False
seed_only,1.746,1.8714588784043924,1.0718550277230197,1.3275990970068596,0.7111418178288718,False
seed_only,1.747,1.8725307334321155,1.0718550277230197,1.3289111513080876,0.7119290453992341,False
seed_only,1.748,1.8736025884598384,1.0718550277230197,1.3302232259623015,0.7127165676775671,False
seed_only,1.749,1.8746744434875615,1.0718550277230197,1.3315353210617609,0.7135043839147056,False
seed_only,1.75,1.8757462985152844,1.0718550277230197,1.332847436416773,0.7142924931852843,False
seed_only,1.751,1.8768181535430073,1.0718550277230197,1.3341595721554134,0.7150808943702099,False
seed_only,1.7520000000000002,1.8778900085707306,1.0718550277230197,1.3354717284111084,0.7158695868885541,False
seed_only,1.7530000000000001,1.8789618635984535,1.0718550277230197,1.336783904868244,0.7166585695748994,False
seed_only,1.754,1.8800337186261764,1.0718550277230197,1.338096101800934,0.7174478415380052,False
seed_only,1.755,1.8811055736538993,1.0718550277230197,1.3394083190742423,0.7182374018429317,False
seed_only,1.7560000000000002,1.8821774286816229,1.0718550277230197,1.3407205567299352,0.7190272497195945,False
seed_only,1.7570000000000001,1.8832492837093457,1.0718550277230197,1.3420328148045169,0.7198173841486118,False
seed_only,1.758,1.8843211387370686,1.0718550277230197,1.343345093193693,0.7206078042874606,False
seed_only,1.759,1.8853929937647915,1.0718550277230197,1.3446573919853044,0.7213985091867411,False
seed_only,1.7600000000000002,1.8864648487925149,1.0718550277230197,1.34596971117944,0.7221894979349771,False
seed_only,1.7610000000000001,1.8875367038202377,1.0718550277230197,1.3472820506895244,0.7229807697447598,False
seed_only,1.762,1.8886085588479606,1.0718550277230197,1.3485944106033099,0.7237723238163359,False
seed_only,1.763,1.8896804138756835,1.0718550277230197,1.349906790890265,0.7245641590159485,False
seed_only,1.7640000000000002,1.8907522689034069,1.0718550277230197,1.3512191915879601,0.7253562745653875,False
seed_only,1.7650000000000001,1.8918241239311298,1.0718550277230197,1.352531612615171,0.7261486695212745,False
seed_only,1.766,1.8928959789588526,1.0718550277230197,1.353844054043396,0.7269413432816908,False
seed_only,1.767,1.8939678339865755,1.0718550277230197,1.3551565158216983,0.7277342948250004,False
seed_only,1.7680000000000002,1.895039689014299,1.0718550277230197,1.3564689980765765,0.7285275231124713,False
seed_only,1.7690000000000001,1.896111544042022,1.0718550277230197,1.3577815006386995,0.7293210273253999,False
seed_only,1.77,1.8971833990697449,1.0718550277230197,1.359094023594687,0.7301148069969078,False
seed_only,1.771,1.8982552540974678,1.0718550277230197,1.3604065668907594,0.7309088608363845,False
seed_only,1.7720000000000002,1.899327109125191,1.0718550277230197,1.3617191306372733,0.7317031882322423,False
seed_only,1.7730000000000001,1.900398964152914,1.0718550277230197,1.3630317147286464,0.732497788068272,False
seed_only,1.774,1.9014708191806369,1.0718550277230197,1.364344319219124,0.7332926598638293,False
seed_only,1.775,1.9025426742083598,1.0718550277230197,1.3656569439957078,0.7340878024418478,False
seed_only,1.7760000000000002,1.903614529236083,1.0718550277230197,1.3669695892931877,0.734883215222971,False
seed_only,1.7770000000000001,1.904686384263806,1.0718550277230197,1.3682822549239138,0.7356788971283325,False
seed_only,1.778,1.9057582392915289,1.0718550277230197,1.3695949409002761,0.736474847674097,False
seed_only,1.779,1.906830094319252,1.0718550277230197,1.3709076473045867,0.7372710658535567,False
seed_only,1.7800000000000002,1.9079019493469753,1.0718550277230197,1.3722203740982764,0.7380675507277684,False
seed_only,1.7810000000000001,1.9089738043746982,1.0718550277230197,1.373533121245707,0.7388643015053149,False
seed_only,1.782,1.910045659402421,1.0718550277230197,1.37484588877681,0.7396613175034011,False
seed_only,1.783,1.911117514430144,1.0718550277230197,1.3761586767136125,0.7404585978784196,False
seed_only,1.7840000000000003,1.9121893694578673,1.0718550277230197,1.3774714850921743,0.7412561416623005,False
seed_only,1.7850000000000001,1.9132612244855902,1.0718550277230197,1.3787843137782918,0.7420539483120384,False
seed_only,1.786,1.914333079513313,1.0718550277230197,1.3800971628266545,0.7428520168056946,False
seed_only,1.787,1.915404934541036,1.0718550277230197,1.3814100321917877,0.7436503462631229,False
seed_only,1.7880000000000003,1.9164767895687593,1.0718550277230197,1.3827229221531123,0.7444489362913944,False
seed_only,1.7890000000000001,1.9175486445964822,1.0718550277230197,1.3840358323531365,0.7452477857102873,False
seed_only,1.79,1.9186204996242053,1.0718550277230197,1.3853487630657524,0.746046893881743,False
seed_only,1.791,1.9196923546519282,1.0718550277230197,1.3866617141221838,0.7468462599734829,False
seed_only,1.7920000000000003,1.9207642096796516,1.0718550277230197,1.3879746854862374,0.7476458832325736,False
seed_only,1.7930000000000001,1.9218360647073744,1.0718550277230197,1.389287677265716,0.7484457628944013,False
seed_only,1.794,1.9229079197350973,1.0718550277230197,1.3906006894654377,0.7492458982157223,False
seed_only,1.795,1.9239797747628202,1.0718550277230197,1.3919137220671285,0.7500462881942876,False
seed_only,1.7960000000000003,1.9250516297905436,1.0718550277230197,1.3932267749896532,0.7508469322323494,False
seed_only,1.7970000000000002,1.9261234848182665,1.0718550277230197,1.394539848355003,0.7516478296651656,False
seed_only,1.798,1.9271953398459893,1.0718550277230197,1.3958529421402854,0.7524489795934184,False
seed_only,1.799,1.9282671948737122,1.0718550277230197,1.3971660562791532,0.7532503812259241,False
seed_only,1.7999999999999998,1.9293390499014351,1.0718550277230197,1.398479190860269,0.7540520338597224,False
seed_only,1.8010000000000002,1.9304109049291587,1.0718550277230197,1.3997923457652384,0.7548539365902328,False
seed_only,1.802,1.9314827599568816,1.0718550277230197,1.4011055210653822,0.7556560888819523,False
seed_only,1.803,1.9325546149846045,1.0718550277230197,1.4024187167913205,0.7564584899149396,False
seed_only,1.8039999999999998,1.9336264700123273,1.0718550277230197,1.4037319329500475,0.7572611390217097,False
seed_only,1.8050000000000002,1.9346983250400507,1.0718550277230197,1.4050451694107569,0.7580640351026026,False
seed_only,1.806,1.9357701800677736,1.0718550277230197,1.406358426324994,0.7588671778490591,False
seed_only,1.807,1.9368420350954965,1.0718550277230197,1.407671703596125,0.7596705661358528,False
seed_only,1.8079999999999998,1.9379138901232194,1.0718550277230197,1.4089850012930727,0.7604741997667153,False
seed_only,1.8090000000000002,1.9389857451509427,1.0718550277230197,1.4102983193179597,0.7612780772654739,False
seed_only,1.81,1.9400576001786656,1.0718550277230197,1.4116116577993942,0.7620821986071865,False
seed_only,1.811,1.9411294552063885,1.0718550277230197,1.4129250166640794,0.7628865625711526,False
seed_only,1.8119999999999998,1.9422013102341114,1.0718550277230197,1.414238395926315,0.7636911686726738,False
seed_only,1.8130000000000002,1.943273165261835,1.0718550277230197,1.4155517955911856,0.7644960161457413,False
seed_only,1.814,1.9443450202895578,1.0718550277230197,1.4168652156838268,0.7653011043336325,False
seed_only,1.815,1.9454168753172807,1.0718550277230197,1.4181786561054954,0.7661064323149644,False
seed_only,1.8159999999999998,1.9464887303450036,1.0718550277230197,1.4194921170350483,0.7669119995289698,False
seed_only,1.8170000000000002,1.947560585372727,1.0718550277230197,1.4208055981879353,0.7677178052279192,False
seed_only,1.818,1.9486324404004498,1.0718550277230197,1.422119099852459,0.7685238488271944,False
seed_only,1.819,1.9497042954281727,1.0718550277230197,1.4234326219219495,0.7693301293325402,False
seed_only,1.8199999999999998,1.9507761504558956,1.0718550277230197,1.4247461643444703,0.770136646319782,False
seed_only,1.8210000000000002,1.951848005483619,1.0718550277230197,1.4260597272186537,0.770943398931896,False
seed_only,1.822,1.9529198605113418,1.0718550277230197,1.4273733104281927,0.7717503865509278,False
seed_only,1.823,1.9539917155390647,1.0718550277230197,1.428686914139643,0.7725576084357477,False
seed_only,1.8239999999999998,1.9550635705667876,1.0718550277230197,1.4300005381520986,0.7733650639128742,False
seed_only,1.8250000000000002,1.9561354255945111,1.0718550277230197,1.4313141826025166,0.774172752172182,False
seed_only,1.826,1.957207280622234,1.0718550277230197,1.4326278474557919,0.7749806728118491,False
seed_only,1.827,1.958279135649957,1.0718550277230197,1.433941532720473,0.7757888247655249,False
seed_only,1.8279999999999998,1.9593509906776798,1.0718550277230197,1.4352552383631645,0.7765972077022109,False
seed_only,1.8290000000000002,1.9604228457054031,1.0718550277230197,1.4365689644108226,0.7774058207657698,False
seed_only,1.83,1.961494700733126,1.0718550277230197,1.4378827109477577,0.7782146634339164,False
seed_only,1.831,1.962566555760849,1.0718550277230197,1.4391964777698885,0.7790237346486516,False
seed_only,1.8319999999999999,1.9636384107885718,1.0718550277230197,1.4405102650490331,0.7798330341566021,False
seed_only,1.8330000000000002,1.9647102658162952,1.0718550277230197,1.441824072662512,0.7806425611385843,False
seed_only,1.834,1.965782120844018,1.0718550277230197,1.4431379007658007,0.7814523149859424,False
seed_only,1.835,1.966853975871741,1.0718550277230197,1.4444517492191,0.7822622948715597,False
seed_only,1.8359999999999999,1.967925830899464,1.0718550277230197,1.4457656181724676,0.783072500347794,False
seed_only,1.8370000000000002,1.9689976859271874,1.0718550277230197,1.4470795074815967,0.7838829305366678,False
seed_only,1.838,1.9700695409549103,1.0718550277230197,1.4483934170624435,0.7846935847959007,False
seed_only,1.839,1.9711413959826332,1.0718550277230197,1.4497073472337307,0.7855044626468849,False
seed_only,1.8399999999999999,1.972213251010356,1.0718550277230197,1.4510212977238979,0.7863155633599629,False
seed_only,1.8410000000000002,1.9732851060380794,1.0718550277230197,1.45233526864057,0.7871268862819408,False
seed_only,1.842,1.9743569610658023,1.0718550277230197,1.4536492599792394,0.7879384306991823,False
seed_only,1.843,1.9754288160935252,1.0718550277230197,1.4549632716924554,0.7887501960723907,False
seed_only,1.8439999999999999,1.976500671121248,1.0718550277230197,1.4562773038554022,0.7895621817656754,False
seed_only,1.8450000000000002,1.9775725261489714,1.0718550277230197,1.457591356447896,0.7903743870671412,False
seed_only,1.846,1.9786443811766943,1.0718550277230197,1.4589054293408177,0.7911868114113199,False
seed_only,1.847,1.9797162362044174,1.0718550277230197,1.46021952272255,0.7919994541088025,False
seed_only,1.8479999999999999,1.9807880912321403,1.0718550277230197,1.4615336365451759,0.7928123144450395,False
seed_only,1.8490000000000002,1.9818599462598636,1.0718550277230197,1.4628477706365217,0.7936253918309288,False
seed_only,1.85,1.9829318012875865,1.0718550277230197,1.4641619253155103,0.7944386859380637,False
seed_only,1.851,1.9840036563153094,1.0718550277230197,1.465476100237284,0.7952521957131709,False
seed_only,1.8519999999999999,1.9850755113430323,1.0718550277230197,1.4667902956962964,0.7960659207114097,False
seed_only,1.8530000000000002,1.9861473663707556,1.0718550277230197,1.4681045115831015,0.7968798604117364,False
seed_only,1.854,1.9872192213984785,1.0718550277230197,1.4694187477480636,0.7976940140022992,False
seed_only,1.855,1.9882910764262014,1.0718550277230197,1.4707330044575695,0.7985083811013994,False
seed_only,1.8559999999999999,1.9893629314539243,1.0718550277230197,1.4720472815032526,0.7993229608334652,False
seed_only,1.8570000000000002,1.9904347864816476,1.0718550277230197,1.473361578993071,0.8001377527542081,False
seed_only,1.858,1.9915066415093707,1.0718550277230197,1.4746758968863238,0.8009527563144206,False
seed_only,1.859,1.9925784965370936,1.0718550277230197,1.4759902351984655,0.8017679706445344,False
seed_only,1.8599999999999999,1.9936503515648165,1.0718550277230197,1.4773045939328266,0.8025833954172015,False
seed_only,1.8610000000000002,1.9947222065925398,1.0718550277230197,1.4786189730419785,0.8033990298575574,False
seed_only,1.862,1.9957940616202627,1.0718550277230197,1.4799333725790786,0.8042148736014655,False
seed_only,1.863,1.9968659166479856,1.0718550277230197,1.4812477925592482,0.8050309256235401,False
seed_only,1.8639999999999999,1.9979377716757085,1.0718550277230197,1.4825622329910138,0.8058471858045246,False
seed_only,1.8650000000000002,1.9990096267034319,1.0718550277230197,1.483876693791264,0.8066636533051385,False
seed_only,1.866,2.0000814817311547,1.0718550277230197,1.485191175003231,0.8074803273952545,False
seed_only,1.867,2.0011533367588776,1.0718550277230197,1.4865056766125484,0.8082972079518534,False
seed_only,1.8679999999999999,2.0022251917866005,1.0718550277230197,1.4878201986861406,0.8091142938140827,False
seed_only,1.8690000000000002,2.003297046814324,1.0718550277230197,1.48913474114174,0.8099315848566725,False
seed_only,1.87,2.0043689018420467,1.0718550277230197,1.4904493039987532,0.8107490801882313,False
seed_only,1.871,2.0054407568697696,1.0718550277230197,1.4917638873273464,0.8115667794576283,False
seed_only,1.8719999999999999,2.0065126118974925,1.0718550277230197,1.4930784910262673,0.8123846821009719,False
seed_only,1.8730000000000002,2.007584466925216,1.0718550277230197,1.4943931152201717,0.8132027872382813,False
seed_only,1.874,2.0086563219529388,1.0718550277230197,1.4957077597021584,0.8140210945882163,False
seed_only,1.875,2.009728176980662,1.0718550277230197,1.4970224247376152,0.8148396034414376,False
seed_only,1.876,2.010800032008385,1.0718550277230197,1.4983371100891985,0.8156583133665533,False
seed_only,1.8770000000000002,2.0118718870361083,1.0718550277230197,1.4996518159448025,0.8164772236287661,False
seed_only,1.8780000000000001,2.012943742063831,1.0718550277230197,1.5009665421636065,0.8172963338671403,False
seed_only,1.879,2.014015597091554,1.0718550277230197,1.502281288839602,0.8181156432124752,False
seed_only,1.88,2.015087452119277,1.0718550277230197,1.5035960559479644,0.8189351514920934,False
seed_only,1.8810000000000002,2.0161593071470003,1.0718550277230197,1.504910843411511,0.8197548577613633,False
seed_only,1.8820000000000001,2.017231162174723,1.0718550277230197,1.5062256513722172,0.8205747617029179,False
seed_only,1.883,2.018303017202446,1.0718550277230197,1.5075404797075809,0.8213948627835566,False
seed_only,1.884,2.019374872230169,1.0718550277230197,1.508855328480041,0.8222151603563602,False
seed_only,1.8850000000000002,2.0204467272578923,1.0718550277230197,1.5101701976754311,0.8230356538130267,False
seed_only,1.8860000000000001,2.021518582285615,1.0718550277230197,1.5114850872552266,0.8238563426766904,False
seed_only,1.887,2.022590437313338,1.0718550277230197,1.5127999973034267,0.8246772265315258,False
seed_only,1.888,2.023662292341061,1.0718550277230197,1.5141149277081212,0.8254983047253855,False
seed_only,1.8890000000000002,2.0247341473687843,1.0718550277230197,1.5154298786931086,0.8263195765905271,False
seed_only,1.8900000000000001,2.025806002396507,1.0718550277230197,1.5167448500602587,0.827141041795658,False
seed_only,1.891,2.02687785742423,1.0718550277230197,1.5180598417506852,0.8279626996594863,False
seed_only,1.892,2.027949712451953,1.0718550277230197,1.519374853981792,0.8287845497048006,False
seed_only,1.8930000000000002,2.0290215674796763,1.0718550277230197,1.5206898865490093,0.8296065914106082,False
seed_only,1.8940000000000001,2.030093422507399,1.0718550277230197,1.5220049395909818,0.8304288242908415,False
seed_only,1.895,2.031165277535122,1.0718550277230197,1.523320012975593,0.8312512476654824,False
seed_only,1.896,2.032237132562845,1.0718550277230197,1.5246351068885389,0.8320738611409072,False
seed_only,1.8970000000000002,2.0333089875905688,1.0718550277230197,1.5259502211658393,0.8328966640833876,False
seed_only,1.8980000000000001,2.0343808426182917,1.0718550277230197,1.527265355968077,0.8337196559865969,False
seed_only,1.899,2.0354526976460146,1.0718550277230197,1.5285805111028061,0.8345428365597065,False
seed_only,1.9,2.0365245526737374,1.0718550277230197,1.5298956866733215,0.8353662050767344,False
seed_only,1.9010000000000002,2.0375964077014608,1.0718550277230197,1.531210882786005,0.8361897609643318,False
seed_only,1.9020000000000001,2.0386682627291837,1.0718550277230197,1.5325260991952083,0.8370135036561389,False
seed_only,1.903,2.0397401177569066,1.0718550277230197,1.5338413360809655,0.8378374330774203,False
seed_only,1.904,2.0408119727846294,1.0718550277230197,1.5351565933745537,0.8386615482378218,False
seed_only,1.9050000000000002,2.041883827812353,1.0718550277230197,1.5364718711660341,0.839485848839123,False
seed_only,1.9060000000000001,2.0429556828400757,1.0718550277230197,1.5377871693467604,0.8403103342037928,False
seed_only,1.907,2.0440275378677986,1.0718550277230197,1.5391024879795934,0.8411350041749162,False
seed_only,1.908,2.0450993928955215,1.0718550277230197,1.540417826956575,0.8419598578534108,False
seed_only,1.9090000000000003,2.046171247923245,1.0718550277230197,1.5417331864463923,0.842784894893696,False
seed_only,1.9100000000000001,2.0472431029509677,1.0718550277230197,1.543048566360894,0.8436101148423019,False
seed_only,1.911,2.0483149579786906,1.0718550277230197,1.5443639667351627,0.8444355173634652,False
seed_only,1.912,2.0493868130064135,1.0718550277230197,1.545679387464416,0.8452611014970819,False
seed_only,1.9130000000000003,2.050458668034137,1.0718550277230197,1.5469948286603419,0.8460868671476798,False
seed_only,1.9140000000000001,2.0515305230618597,1.0718550277230197,1.548310290336885,0.8469128137587666,False
seed_only,1.915,2.0526023780895826,1.0718550277230197,1.5496257724225693,0.8477389406207619,False
seed_only,1.916,2.0536742331173055,1.0718550277230197,1.5509412749050266,0.8485652474376155,False
seed_only,1.9170000000000003,2.054746088145029,1.0718550277230197,1.552256797825624,0.8493917337462673,False
seed_only,1.9180000000000001,2.0558179431727517,1.0718550277230197,1.5535723412363422,0.8502183989847559,False
seed_only,1.919,2.0568897982004746,1.0718550277230197,1.5548879050847342,0.8510452427859745,False
seed_only,1.92,2.0579616532281975,1.0718550277230197,1.5562034893263021,0.8518722643502795,False
seed_only,1.9210000000000003,2.0590335082559212,1.0718550277230197,1.5575190941066186,0.8526994635135059,False
seed_only,1.9220000000000002,2.060105363283644,1.0718550277230197,1.558834719178348,0.8535268396133795,False
seed_only,1.923,2.061177218311367,1.0718550277230197,1.5601503646863746,0.8543543921926551,False
seed_only,1.924,2.06224907333909,1.0718550277230197,1.561466030754377,0.8551821208856374,False
seed_only,1.9250000000000003,2.0633209283668132,1.0718550277230197,1.5627817172164438,0.8560100252671191,False
seed_only,1.9260000000000002,2.064392783394536,1.0718550277230197,1.564097424087496,0.8568381046928848,False
seed_only,1.927,2.065464638422259,1.0718550277230197,1.5654131514218905,0.8576663588542814,False
seed_only,1.928,2.066536493449982,1.0718550277230197,1.566728899198555,0.8584947870188621,False
seed_only,1.9289999999999998,2.067608348477705,1.0718550277230197,1.5680446673444592,0.8593233890623704,False
seed_only,1.9300000000000002,2.068680203505428,1.0718550277230197,1.5693604559821939,0.8601521642954275,False
seed_only,1.931,2.069752058533151,1.0718550277230197,1.5706762651015227,0.8609811122375213,False
seed_only,1.932,2.070823913560874,1.0718550277230197,1.5719920946385857,0.8618102325142856,False
seed_only,1.9329999999999998,2.071895768588597,1.0718550277230197,1.5733079445635179,0.8626395247623335,False
seed_only,1.9340000000000002,2.07296762361632,1.0718550277230197,1.5746238150575076,0.8634689882353581,False
seed_only,1.935,2.074039478644043,1.0718550277230197,1.5759397058399127,0.864298622747956,False
seed_only,1.936,2.075111333671766,1.0718550277230197,1.5772556171335328,0.8651284276614876,False
seed_only,1.9369999999999998,2.076183188699489,1.0718550277230197,1.578571548905594,0.8659584028729315,False
seed_only,1.9380000000000002,2.077255043727212,1.0718550277230197,1.5798875010644142,0.8667885474382923,False
seed_only,1.939,2.078326898754935,1.0718550277230197,1.581203473670123,0.8676188611423383,False
seed_only,1.94,2.079398753782658,1.0718550277230197,1.5825194667809184,0.8684493435201991,False
seed_only,1.9409999999999998,2.080470608810381,1.0718550277230197,1.5838354802580223,0.8692799941533469,False
seed_only,1.9420000000000002,2.081542463838104,1.0718550277230197,1.5851515142013328,0.8701108125901784,False
seed_only,1.943,2.0826143188658275,1.0718550277230197,1.586467568676242,0.8709417983969068,False
seed_only,1.944,2.0836861738935504,1.0718550277230197,1.5877836435242543,0.8717729510429778,False
seed_only,1.9449999999999998,2.0847580289212733,1.0718550277230197,1.5890997388126715,0.8726042702963324,False
seed_only,1.9460000000000002,2.0858298839489966,1.0718550277230197,1.5904158545585911,0.8734357553898561,False
seed_only,1.947,2.0869017389767195,1.0718550277230197,1.5917319907239325,0.87426740626265,False
seed_only,1.948,2.0879735940044424,1.0718550277230197,1.593048147400844,0.8750992221755393,False
seed_only,1.9489999999999998,2.0890454490321653,1.0718550277230197,1.5943643244274996,0.8759312028374674,False
seed_only,1.9500000000000002,2.0901173040598886,1.0718550277230197,1.5956805219572212,0.8767633477067565,False
seed_only,1.951,2.0911891590876115,1.0718550277230197,1.5969967399041884,0.8775956564237084,False
seed_only,1.952,2.0922610141153344,1.0718550277230197,1.598312978399563,0.8784281286085927,False
seed_only,1.9529999999999998,2.0933328691430573,1.0718550277230197,1.5996292372753684,0.879260763812617,False
seed_only,1.9540000000000002,2.0944047241707806,1.0718550277230197,1.6009455166171138,0.8800935614825177,False
seed_only,1.955,2.0954765791985035,1.0718550277230197,1.6022618163864522,0.880926521499651,False
seed_only,1.956,2.0965484342262264,1.0718550277230197,1.6035781365658197,0.88175964313187,False
seed_only,1.9569999999999999,2.0976202892539493,1.0718550277230197,1.6048944772949048,0.882592926143622,False
seed_only,1.9580000000000002,2.0986921442816726,1.0718550277230197,1.606210838447364,0.8834263699309755,False
seed_only,1.959,2.0997639993093955,1.0718550277230197,1.607527220010252,0.8842599740970624,False
seed_only,1.96,2.1008358543371184,1.0718550277230197,1.6088436220292213,0.885093738431014,False
seed_only,1.9609999999999999,2.1019077093648413,1.0718550277230197,1.6101600445082465,0.8859276622838607,False
seed_only,1.9620000000000002,2.1029795643925646,1.0718550277230197,1.6114764874304743,0.8867617454363182,False
seed_only,1.963,2.1040514194202875,1.0718550277230197,1.6127929508136019,0.8875959873927831,False
seed_only,1.964,2.1051232744480104,1.0718550277230197,1.6141094346909357,0.8884303876285484,False
seed_only,1.9649999999999999,2.1061951294757333,1.0718550277230197,1.6154259389536518,0.8892649458867382,False
seed_only,1.9660000000000002,2.107266984503457,1.0718550277230197,1.6167424636877037,0.8900996616827113,False
seed_only,1.967,2.10833883953118,1.0718550277230197,1.6180590089578395,0.8909345347898537,False
seed_only,1.968,2.109410694558903,1.0718550277230197,1.619375574562798,0.89176956445794,False
seed_only,1.9689999999999999,2.1104825495866257,1.0718550277230197,1.6206921607166969,0.8926047505572475,False
seed_only,1.9700000000000002,2.111554404614349,1.0718550277230197,1.6220087672217387,0.8934400926912334,False
seed_only,1.971,2.112626259642072,1.0718550277230197,1.6233253942767423,0.8942755903159927,False
seed_only,1.972,2.113698114669795,1.0718550277230197,1.624642041775104,0.8951112430142849,False
seed_only,1.9729999999999999,2.1147699696975177,1.0718550277230197,1.6259587097560368,0.8959470504397804,False
seed_only,1.9740000000000002,2.115841824725241,1.0718550277230197,1.627275398134076,0.8967830123858487,False
seed_only,1.975,2.116913679752964,1.0718550277230197,1.6285921069575382,0.8976191282136471,False
seed_only,1.976,2.117985534780687,1.0718550277230197,1.6299088363060932,0.8984553975438805,False
seed_only,1.9769999999999999,2.1190573898084097,1.0718550277230197,1.6312255860287728,0.8992918199441353,False
seed_only,1.9780000000000002,2.120129244836133,1.0718550277230197,1.6325423563070984,0.9001283952705023,False
seed_only,1.979,2.121201099863856,1.0718550277230197,1.6338591469314823,0.9009651228750681,False
seed_only,1.98,2.122272954891579,1.0718550277230197,1.6351759580852443,0.901802002517712,False
seed_only,1.9809999999999999,2.1233448099193017,1.0718550277230197,1.636492789685251,0.9026390337899998,False
seed_only,1.9820000000000002,2.124416664947025,1.0718550277230197,1.6378096417187349,0.9034762162375176,False
seed_only,1.983,2.125488519974748,1.0718550277230197,1.6391265143093303,0.904313549730629,False
seed_only,1.984,2.126560375002471,1.0718550277230197,1.6404434072156304,0.9051510333979516,False
seed_only,1.9849999999999999,2.1276322300301937,1.0718550277230197,1.6417603207346865,0.9059886672175106,False
seed_only,1.9860000000000002,2.128704085057917,1.0718550277230197,1.6430772546395689,0.9068264507664192,False
seed_only,1.987,2.12977594008564,1.0718550277230197,1.644394209028599,0.9076643835169413,False
seed_only,1.988,2.130847795113363,1.0718550277230197,1.645711183840426,0.9085024652841813,False
seed_only,1.9889999999999999,2.1319196501410858,1.0718550277230197,1.6470281791600927,0.9093406955952231,False
seed_only,1.9900000000000002,2.1329915051688095,1.0718550277230197,1.6483451949065309,0.9101790741303037,False
seed_only,1.991,2.1340633601965324,1.0718550277230197,1.6496622311089393,0.9110176003563751,False
seed_only,1.992,2.1351352152242553,1.0718550277230197,1.6509792878091067,0.9118562740521382,False
seed_only,1.9929999999999999,2.136207070251978,1.0718550277230197,1.6522963649133082,0.912695094880092,False
seed_only,1.9940000000000002,2.1372789252797015,1.0718550277230197,1.6536134626073729,0.9135340623520555,False
seed_only,1.995,2.1383507803074244,1.0718550277230197,1.654930580605951,0.9143731760581614,False
seed_only,1.996,2.1394226353351473,1.0718550277230197,1.6562477192000324,0.9152124359737669,False
seed_only,1.9969999999999999,2.14049449036287,1.0718550277230197,1.6575648781710806,0.9160518411115621,False
seed_only,1.9980000000000002,2.1415663453905935,1.0718550277230197,1.6588820575768493,0.9168913917589947,False
seed_only,1.999,2.1426382004183164,1.0718550277230197,1.6601992575861146,0.9177310870848487,False
seed_only,2.0,2.1437100554460393,1.0718550277230197,1.6615164780671599,0.9185709270667244,False
seed_only,2.001,2.144781910473762,1.0718550277230197,1.6628337188563824,0.9194109111198349,False
seed_only,2.0020000000000002,2.1458537655014855,1.0718550277230197,1.6641509802089338,0.9202510388228292,False
seed_only,2.003,2.1469256205292084,1.0718550277230197,1.6654682620883543,0.9210913100881066,False
seed_only,2.004,2.1479974755569313,1.0718550277230197,1.6667855642606977,0.9219317243253035,False
seed_only,2.005,2.149069330584654,1.0718550277230197,1.6681028870581205,0.9227722812524223,False
seed_only,2.0060000000000002,2.1501411856123775,1.0718550277230197,1.6694202302848904,0.923612980535263,False
seed_only,2.007,2.1512130406401004,1.0718550277230197,1.6707375939705837,0.9244538219673689,False
seed_only,2.008,2.1522848956678233,1.0718550277230197,1.6720549781249705,0.9252948049374318,False
seed_only,2.009,2.153356750695546,1.0718550277230197,1.673372382680527,0.9261359289904106,False
seed_only,2.0100000000000002,2.1544286057232696,1.0718550277230197,1.6746898078170869,0.9269771941938533,False
seed_only,2.011,2.155500460750993,1.0718550277230197,1.6760072533877457,0.9278185998769372,False
seed_only,2.012,2.1565723157787158,1.0718550277230197,1.6773247194372454,0.9286601458516169,False
seed_only,2.013,2.1576441708064387,1.0718550277230197,1.678642205924863,0.9295018317527189,False
seed_only,2.0140000000000002,2.158716025834162,1.0718550277230197,1.679959712880108,0.9303436572101776,False
seed_only,2.015,2.159787880861885,1.0718550277230197,1.6812772403905996,0.9311856219301246,False
seed_only,2.016,2.160859735889608,1.0718550277230197,1.6825947883096326,0.932027725353452,False
seed_only,2.017,2.1619315909173307,1.0718550277230197,1.683912356661943,0.9328699672473237,False
seed_only,2.0180000000000002,2.163003445945054,1.0718550277230197,1.6852299455489383,0.9337123474801023,False
seed_only,2.019,2.164075300972777,1.0718550277230197,1.686547554861817,0.9345548653911507,False
seed_only,2.02,2.1651471560005,1.0718550277230197,1.68786518472408,0.9353975209308685,False
seed_only,2.021,2.1662190110282227,1.0718550277230197,1.6891828350676485,0.9362403136718663,False
seed_only,2.0220000000000002,2.167290866055946,1.0718550277230197,1.6905005057787026,0.9370832430786457,False
seed_only,2.023,2.168362721083669,1.0718550277230197,1.691818197038475,0.9379263091420694,False
seed_only,2.024,2.169434576111392,1.0718550277230197,1.693135908775556,0.9387695112617194,False
seed_only,2.025,2.1705064311391147,1.0718550277230197,1.6944536409548405,0.9396128492520972,False
seed_only,2.0260000000000002,2.171578286166838,1.0718550277230197,1.6957713935967123,0.9404563225955174,False
seed_only,2.027,2.172650141194561,1.0718550277230197,1.697089166808241,0.9412999312722435,False
seed_only,2.028,2.173721996222284,1.0718550277230197,1.6984069604017105,0.9421436747337917,False
seed_only,2.029,2.1747938512500067,1.0718550277230197,1.699724774516742,0.9429875526095821,False
seed_only,2.0300000000000002,2.17586570627773,1.0718550277230197,1.7010426090886765,0.9438315648390845,False
seed_only,2.031,2.176937561305453,1.0718550277230197,1.7023604641685397,0.944675710666716,False
seed_only,2.032,2.178009416333176,1.0718550277230197,1.7036783396776833,0.9455199903170964,False
seed_only,2.033,2.1790812713608987,1.0718550277230197,1.704996235689471,0.9463644029118331,False
seed_only,2.0340000000000003,2.1801531263886225,1.0718550277230197,1.7063141521686642,0.9472089485687367,False
seed_only,2.035,2.1812249814163454,1.0718550277230197,1.7076320891693086,0.9480536265981971,False
seed_only,2.036,2.1822968364440682,1.0718550277230197,1.7089500466458851,0.9488984370250214,False
seed_only,2.037,2.183368691471791,1.0718550277230197,1.7102680246026791,0.9497433793092528,False
seed_only,2.0380000000000003,2.1844405464995145,1.0718550277230197,1.711586022995104,0.9505884531271811,False
seed_only,2.039,2.1855124015272374,1.0718550277230197,1.7129040418899955,0.9514336583392872,False
seed_only,2.04,2.1865842565549602,1.0718550277230197,1.7142220812745634,0.9522789945520302,False
seed_only,2.041,2.187656111582683,1.0718550277230197,1.7155401411821813,0.9531244613558743,False
seed_only,2.0420000000000003,2.1887279666104065,1.0718550277230197,1.716858221507933,0.9539700584454774,False
seed_only,2.043,2.1897998216381294,1.0718550277230197,1.718176322302245,0.954815785615824,False
seed_only,2.044,2.1908716766658523,1.0718550277230197,1.7194944435606763,0.9556616422861249,False
seed_only,2.045,2.191943531693575,1.0718550277230197,1.720812585421716,0.9565076287045193,False
seed_only,2.0460000000000003,2.1930153867212985,1.0718550277230197,1.7221307477062187,0.9573537439775542,False
seed_only,2.047,2.1940872417490214,1.0718550277230197,1.723448930450422,0.958199988187238,False
seed_only,2.048,2.1951590967767443,1.0718550277230197,1.7247671337434767,0.959046360801398,False
seed_only,2.049,2.196230951804467,1.0718550277230197,1.7260853574503354,0.9598928615683054,False
seed_only,2.0500000000000003,2.1973028068321905,1.0718550277230197,1.7274036016683647,0.9607394901340793,False
seed_only,2.051,2.1983746618599134,1.0718550277230197,1.7287218663977866,0.9615862464780167,False
seed_only,2.052,2.1994465168876363,1.0718550277230197,1.7300401515740083,0.9624331298806033,False
seed_only,2.053,2.200518371915359,1.0718550277230197,1.73135845726895,0.9632801403927306,False
seed_only,2.0540000000000003,2.2015902269430825,1.0718550277230197,1.7326767834076717,0.9641272773009767,False
seed_only,2.055,2.2026620819708054,1.0718550277230197,1.7339951300892054,0.9649745406724585,False
seed_only,2.056,2.2037339369985283,1.0718550277230197,1.7353134971820339,0.9658219301877342,False
seed_only,2.057,2.204805792026251,1.0718550277230197,1.736631884815587,0.9666694454935784,False
seed_only,2.058,2.2058776470539745,1.0718550277230197,1.7379502929521395,0.9675170861120547,False
seed_only,2.059,2.206949502081698,1.0718550277230197,1.7392687215917135,0.9683648518543208,False
seed_only,2.06,2.2080213571094207,1.0718550277230197,1.740587170617891,0.9692127425239687,False
seed_only,2.061,2.2090932121371436,1.0718550277230197,1.7419056401990263,0.9700607578156885,False
seed_only,2.062,2.2101650671648665,1.0718550277230197,1.7432241303045437,0.9709088973624221,False
seed_only,2.063,2.21123692219259,1.0718550277230197,1.7445426409014253,0.9717571609635933,False
seed_only,2.064,2.2123087772203127,1.0718550277230197,1.745861171943397,0.9726055480961829,False
seed_only,2.065,2.2133806322480356,1.0718550277230197,1.747179723477732,0.9734540587896016,False
seed_only,2.066,2.2144524872757585,1.0718550277230197,1.748498295537182,0.9743026923992638,False
seed_only,2.067,2.215524342303482,1.0718550277230197,1.749816888018918,0.9751514489711554,False
seed_only,2.068,2.2165961973312047,1.0718550277230197,1.7511355010818797,0.9760003280352261,False
seed_only,2.069,2.2176680523589276,1.0718550277230197,1.7524541345995237,0.976849329374755,False
seed_only,2.07,2.2187399073866505,1.0718550277230197,1.7537727886153043,0.977698452581112,False
seed_only,2.071,2.219811762414374,1.0718550277230197,1.7550914630922287,0.9785476975708465,False
seed_only,2.072,2.2208836174420967,1.0718550277230197,1.756410158086008,0.9793970638768563,False
seed_only,2.073,2.2219554724698196,1.0718550277230197,1.7577288735656005,0.9802465513681565,False
seed_only,2.074,2.2230273274975425,1.0718550277230197,1.7590476095590057,0.9810961596911931,False
seed_only,2.075,2.224099182525266,1.0718550277230197,1.7603663660767488,0.9819458884671709,False
seed_only,2.076,2.2251710375529887,1.0718550277230197,1.7616851430418468,0.9827957374521477,False
seed_only,2.077,2.2262428925807116,1.0718550277230197,1.7630039405080122,0.9836457066262843,False
seed_only,2.078,2.2273147476084345,1.0718550277230197,1.764322758404746,0.984495795431237,False
seed_only,2.079,2.2283866026361583,1.0718550277230197,1.7656415969609984,0.9853460035758445,False
seed_only,2.08,2.229458457663881,1.0718550277230197,1.766960455937916,0.9861963311486421,False
seed_only,2.081,2.230530312691604,1.0718550277230197,1.7682793353453796,0.9870467771375677,False
seed_only,2.082,2.231602167719327,1.0718550277230197,1.7695982352510686,0.9878973420129226,False
seed_only,2.083,2.2326740227470503,1.0718550277230197,1.7709171556892667,0.9887480251802468,False
seed_only,2.084,2.233745877774773,1.0718550277230197,1.7722360966806905,0.9895988265547104,False
seed_only,2.085,2.234817732802496,1.0718550277230197,1.7735550581409854,0.9904497455073228,False
seed_only,2.086,2.235889587830219,1.0718550277230197,1.774874040076746,0.991300782094313,False
seed_only,2.087,2.2369614428579423,1.0718550277230197,1.7761930424483818,0.9921519358142739,False
seed_only,2.088,2.238033297885665,1.0718550277230197,1.7775120654950571,0.9930032065780929,False
seed_only,2.089,2.239105152913388,1.0718550277230197,1.778831108884038,0.9938545940700022,False
seed_only,2.09,2.240177007941111,1.0718550277230197,1.780150172854622,0.9947060980459151,False
seed_only,2.091,2.2412488629688343,1.0718550277230197,1.7814692572776014,0.9955577180400607,False
seed_only,2.092,2.242320717996557,1.0718550277230197,1.7827883622826945,0.9964094539877292,False
seed_only,2.093,2.24339257302428,1.0718550277230197,1.7841074876680185,0.9972613055688868,False
seed_only,2.094,2.244464428052003,1.0718550277230197,1.7854266336817082,0.9981132725682011,False
seed_only,2.095,2.2455362830797263,1.0718550277230197,1.7867458001332714,0.9989653547026257,False
seed_only,2.096,2.246608138107449,1.0718550277230197,1.7880649870888332,0.9998175516391085,False
seed_only,2.097,2.247679993135172,1.0718550277230197,1.789384194505872,1.0006698632467323,False
seed_only,2.098,2.248751848162895,1.0718550277230197,1.7907034224857954,1.0015222890098758,False
seed_only,2.099,2.2498237031906183,1.0718550277230197,1.792022671012572,1.0023748290714787,False
seed_only,2.1,2.250895558218341,1.0718550277230197,1.7933419399480455,1.0032274829275858,False
seed_only,2.101,2.251967413246064,1.0718550277230197,1.7946612294065911,1.0040802501796529,False
seed_only,2.102,2.253039268273787,1.0718550277230197,1.7959805393947814,1.0049331307555331,False
seed_only,2.103,2.2541111233015108,1.0718550277230197,1.7972998698795095,1.0057861243631427,False
seed_only,2.104,2.2551829783292336,1.0718550277230197,1.7986192209034968,1.0066392307611027,False
seed_only,2.105,2.2562548333569565,1.0718550277230197,1.799938592339556,1.007492449800369,False
seed_only,2.106,2.2573266883846794,1.0718550277230197,1.8012579843285526,1.0083457809627498,False
seed_only,2.107,2.2583985434124028,1.0718550277230197,1.8025773968678882,1.00919922423508,False
seed_only,2.108,2.2594703984401256,1.0718550277230197,1.8038968298912605,1.0100527792696987,False
seed_only,2.109,2.2605422534678485,1.0718550277230197,1.8052162834796937,1.0109064457730064,False
seed_only,2.11,2.2616141084955714,1.0718550277230197,1.8065357574673202,1.011760223625932,False
seed_only,2.111,2.2626859635232948,1.0718550277230197,1.8078552519823488,1.0126141123843333,False
seed_only,2.112,2.2637578185510177,1.0718550277230197,1.8091747670758496,1.0134681119457187,False
seed_only,2.113,2.2648296735787405,1.0718550277230197,1.8104943026367781,1.0143222220621946,False
seed_only,2.114,2.2659015286064634,1.0718550277230197,1.8118138586621146,1.0151764424826932,False
seed_only,2.115,2.2669733836341868,1.0718550277230197,1.8131334352369688,1.0160307728771232,False
seed_only,2.116,2.2680452386619097,1.0718550277230197,1.814453032330876,1.0168852129989563,False
seed_only,2.117,2.2691170936896325,1.0718550277230197,1.8157726499725024,1.0177397627052975,False
seed_only,2.118,2.2701889487173554,1.0718550277230197,1.81709228802589,1.0185944217672849,False
seed_only,2.119,2.2712608037450788,1.0718550277230197,1.8184119467492765,1.019449189827059,False
seed_only,2.12,2.2723326587728017,1.0718550277230197,1.8197316258141027,1.0203040667948569,False
seed_only,2.121,2.2734045138005246,1.0718550277230197,1.8210513254927507,1.0211590521446974,False
seed_only,2.122,2.2744763688282474,1.0718550277230197,1.8223710456777953,1.0220141459366323,False
seed_only,2.123,2.2755482238559708,1.0718550277230197,1.8236907863136809,1.0228693476129205,False
seed_only,2.124,2.2766200788836937,1.0718550277230197,1.8250105475352774,1.0237246573556829,False
seed_only,2.125,2.2776919339114166,1.0718550277230197,1.826330329201764,1.0245800746162312,False
seed_only,2.126,2.27876378893914,1.0718550277230197,1.8276501314264282,1.0254355993582138,False
seed_only,2.1270000000000002,2.2798356439668632,1.0718550277230197,1.828969954116899,1.0262912310240473,False
seed_only,2.128,2.280907498994586,1.0718550277230197,1.830289797433915,1.0271469695561413,False
seed_only,2.129,2.281979354022309,1.0718550277230197,1.8316096611729948,1.0280028149352005,False
seed_only,2.13,2.283051209050032,1.0718550277230197,1.832929545462414,1.0288587667176388,False
seed_only,2.1310000000000002,2.2841230640777552,1.0718550277230197,1.8342494502165962,1.0297148244976493,False
seed_only,2.132,2.285194919105478,1.0718550277230197,1.8355693755388147,1.0305709884023169,False
seed_only,2.133,2.286266774133201,1.0718550277230197,1.8368893213405624,1.0314272579209744,False
seed_only,2.134,2.287338629160924,1.0718550277230197,1.8382092876868539,1.0322836329662537,False
seed_only,2.1350000000000002,2.2884104841886472,1.0718550277230197,1.83952927451152,1.0331401133104412,False
seed_only,2.136,2.28948233921637,1.0718550277230197,1.840849281893231,1.0339966986730642,False
seed_only,2.137,2.290554194244093,1.0718550277230197,1.842169309803765,1.0348533887228337,False
seed_only,2.138,2.291626049271816,1.0718550277230197,1.843489358207373,1.035710183331756,False
seed_only,2.1390000000000002,2.2926979042995392,1.0718550277230197,1.844809427172045,1.0365670824405686,False
seed_only,2.14,2.293769759327262,1.0718550277230197,1.8461295165736136,1.0374240855280168,False
seed_only,2.141,2.294841614354985,1.0718550277230197,1.8474496265561857,1.0382811925332973,False
seed_only,2.142,2.295913469382708,1.0718550277230197,1.8487697570379158,1.03913840339936,False
seed_only,2.1430000000000002,2.2969853244104312,1.0718550277230197,1.850089908010566,1.0399957174188994,False
seed_only,2.144,2.298057179438154,1.0718550277230197,1.8514100795497201,1.0408531347803487,False
seed_only,2.145,2.299129034465877,1.0718550277230197,1.8527302716484284,1.0417106551976407,False
seed_only,2.146,2.3002008894936,1.0718550277230197,1.854050484177705,1.042568278143679,False
seed_only,2.1470000000000002,2.3012727445213237,1.0718550277230197,1.855370717329352,1.0434260037385175,False
seed_only,2.148,2.3023445995490466,1.0718550277230197,1.8566909709229362,1.0442838316261291,False
seed_only,2.149,2.3034164545767695,1.0718550277230197,1.8580112450607755,1.0451417615975387,False
seed_only,2.15,2.3044883096044924,1.0718550277230197,1.8593315397631205,1.0459997934768817,False
seed_only,2.1510000000000002,2.3055601646322157,1.0718550277230197,1.860651854912887,1.0468579270052432,False
seed_only,2.152,2.3066320196599386,1.0718550277230197,1.861972190616079,1.0477161619746784,False
seed_only,2.153,2.3077038746876615,1.0718550277230197,1.8632925468508477,1.0485744981877718,False
seed_only,2.154,2.3087757297153844,1.0718550277230197,1.8646129236220554,1.049432935139029,False
seed_only,2.1550000000000002,2.3098475847431077,1.0718550277230197,1.8659333208502327,1.0502914733655404,False
seed_only,2.156,2.3109194397708306,1.0718550277230197,1.8672537386567711,1.0511501117974913,False
seed_only,2.157,2.3119912947985535,1.0718550277230197,1.8685741770672282,1.052008850621752,False
seed_only,2.158,2.3130631498262764,1.0718550277230197,1.8698946358582935,1.0528676896428417,False
seed_only,2.1590000000000003,2.3141350048539997,1.0718550277230197,1.8712151152931122,1.0537266285700848,False
seed_only,2.16,2.3152068598817226,1.0718550277230197,1.8725356151289896,1.0545856671289586,False
seed_only,2.161,2.3162787149094455,1.0718550277230197,1.8738561356426375,1.0554448050944925,False
seed_only,2.162,2.3173505699371684,1.0718550277230197,1.8751766766407663,1.0563040425422556,False
seed_only,2.1630000000000003,2.3184224249648917,1.0718550277230197,1.8764972381185574,1.057163379124155,False
seed_only,2.164,2.3194942799926146,1.0718550277230197,1.8778178201531492,1.0580228144995136,False
seed_only,2.165,2.3205661350203375,1.0718550277230197,1.879138422689275,1.0588823481802765,False
seed_only,2.166,2.3216379900480604,1.0718550277230197,1.880459045740368,1.0597419806856732,False
seed_only,2.1670000000000003,2.3227098450757837,1.0718550277230197,1.8817796893587646,1.0606017113272104,False
seed_only,2.168,2.3237817001035066,1.0718550277230197,1.8831003534679258,1.0614615399504916,False
seed_only,2.169,2.3248535551312295,1.0718550277230197,1.884421038193751,1.0623214663850955,False
seed_only,2.17,2.3259254101589524,1.0718550277230197,1.8857417434180457,1.0631814904515666,False
seed_only,2.1710000000000003,2.326997265186676,1.0718550277230197,1.8870624690741522,1.064041611899954,False
seed_only,2.172,2.328069120214399,1.0718550277230197,1.8883832154003022,1.0649018305044002,False
seed_only,2.173,2.329140975242122,1.0718550277230197,1.8897039821753836,1.0657621460855067,False
seed_only,2.174,2.330212830269845,1.0718550277230197,1.891024769468963,1.0666225584523563,False
seed_only,2.1750000000000003,2.331284685297568,1.0718550277230197,1.892345577345611,1.0674830674299804,False
seed_only,2.176,2.332356540325291,1.0718550277230197,1.8936664057589203,1.0683436728238789,False
seed_only,2.177,2.333428395353014,1.0718550277230197,1.894987254722147,1.0692043743211839,False
seed_only,2.178,2.334500250380737,1.0718550277230197,1.8963081241486046,1.0700651718336944,False
seed_only,2.1790000000000003,2.33557210540846,1.0718550277230197,1.8976290141146102,1.0709260649947128,False
seed_only,2.18,2.336643960436183,1.0718550277230197,1.8989499246654384,1.0717870539102399,False
seed_only,2.181,2.337715815463906,1.0718550277230197,1.9002708557594339,1.0726481380425452,False
seed_only,2.182,2.338787670491629,1.0718550277230197,1.9015918073259641,1.073509317408138,False
seed_only,2.183,2.3398595255193517,1.0718550277230197,1.9029127794397915,1.0743705918077946,False
seed_only,2.184,2.340931380547075,1.0718550277230197,1.9042337721139946,1.0752319608514527,False
seed_only,2.185,2.342003235574798,1.0718550277230197,1.9055547853052524,1.076093424374576,False
seed_only,2.186,2.343075090602521,1.0718550277230197,1.9068758190525115,1.0769549824945441,False
seed_only,2.187,2.3441469456302437,1.0718550277230197,1.9081968733602128,1.077816634793649,False
seed_only,2.188,2.345218800657967,1.0718550277230197,1.9095179481448898,1.0786783808650175,False
seed_only,2.189,2.34629065568569,1.0718550277230197,1.9108390435160105,1.0795402208636233,False
seed_only,2.19,2.347362510713413,1.0718550277230197,1.9121601594018545,1.0804021544271807,False
seed_only,2.191,2.3484343657411357,1.0718550277230197,1.9134812958418124,1.0812641814333452,False
seed_only,2.192,2.349506220768859,1.0718550277230197,1.9148024527860574,1.0821263015640146,False
seed_only,2.193,2.3505780757965824,1.0718550277230197,1.9161236303183893,1.082988514840579,False
seed_only,2.194,2.3516499308243053,1.0718550277230197,1.9174448282710976,1.0838508208697728,False
seed_only,2.195,2.352721785852028,1.0718550277230197,1.9187660469086598,1.0847132194085878,False
seed_only,2.196,2.3537936408797515,1.0718550277230197,1.9200872859918006,1.08557571045605,False
seed_only,2.197,2.3548654959074744,1.0718550277230197,1.9214085457073926,1.0864382937908226,False
seed_only,2.198,2.3559373509351973,1.0718550277230197,1.9227298259264503,1.0873009691557085,False
seed_only,2.199,2.35700920596292,1.0718550277230197,1.9240511267137883,1.088163736365742,False
seed_only,2.2,2.3580810609906435,1.0718550277230197,1.9253724480541523,1.0890265953538658,False
seed_only,2.201,2.3591529160183664,1.0718550277230197,1.926693789803391,1.0898895456213782,False
seed_only,2.202,2.3602247710460893,1.0718550277230197,1.9280151521691824,1.0907525874981658,False
seed_only,2.203,2.361296626073812,1.0718550277230197,1.929336535104298,1.0916157203454209,False
seed_only,2.204,2.3623684811015355,1.0718550277230197,1.9306579385541367,1.0924789441106417,False
seed_only,2.205,2.3634403361292584,1.0718550277230197,1.931979362564884,1.093342258580887,False
seed_only,2.206,2.3645121911569813,1.0718550277230197,1.9333008070770985,1.094205663679312,False
seed_only,2.207,2.365584046184704,1.0718550277230197,1.9346222722375517,1.0950691589529762,False
seed_only,2.208,2.3666559012124275,1.0718550277230197,1.9359437578340355,1.095932744601108,False
seed_only,2.209,2.3677277562401504,1.0718550277230197,1.9372652640473609,1.0967964202062028,False
seed_only,2.21,2.3687996112678733,1.0718550277230197,1.9385867907427023,1.097660185829044,False
seed_only,2.211,2.369871466295596,1.0718550277230197,1.939908338094476,1.0985240407495274,False
seed_only,2.212,2.3709433213233195,1.0718550277230197,1.9412299058918725,1.0993879852865114,False
seed_only,2.213,2.3720151763510424,1.0718550277230197,1.9425514942568833,1.1002520190382232,False
seed_only,2.214,2.3730870313787653,1.0718550277230197,1.943873103157956,1.1011161419632147,False
seed_only,2.215,2.374158886406488,1.0718550277230197,1.9451947326370567,1.1019803537905177,False
seed_only,2.216,2.375230741434212,1.0718550277230197,1.9465163826445142,1.1028446543257273,False
seed_only,2.217,2.376302596461935,1.0718550277230197,1.9478380532015116,1.1037090434641479,False
seed_only,2.218,2.3773744514896578,1.0718550277230197,1.9491597443066944,1.1045735209910437,False
seed_only,2.219,2.3784463065173806,1.0718550277230197,1.9504814559334838,1.1054380864748417,False
seed_only,2.22,2.379518161545104,1.0718550277230197,1.9518031881623266,1.1063027402022059,False
seed_only,2.221,2.380590016572827,1.0718550277230197,1.953124940883555,1.1071674817329682,False
seed_only,2.222,2.3816618716005498,1.0718550277230197,1.954446714253999,1.1080323109427794,False
seed_only,2.223,2.3827337266282727,1.0718550277230197,1.9557685080694887,1.1088972276659177,False
seed_only,2.224,2.383805581655996,1.0718550277230197,1.957090322486832,1.109762231581049,False
seed_only,2.225,2.384877436683719,1.0718550277230197,1.958412157469347,1.1106273227401466,False
seed_only,2.226,2.3859492917114418,1.0718550277230197,1.9597340129815954,1.1114925009753895,False
seed_only,2.227,2.3870211467391647,1.0718550277230197,1.9610558889874508,1.1123577656932642,False
seed_only,2.228,2.388093001766888,1.0718550277230197,1.962377785692282,1.1132231172468097,False
seed_only,2.229,2.389164856794611,1.0718550277230197,1.9636997027592473,1.1140885551981285,False
seed_only,2.23,2.3902367118223338,1.0718550277230197,1.965021640567266,1.1149540794082649,False
seed_only,2.231,2.3913085668500567,1.0718550277230197,1.9663435987846034,1.1158196898701744,False
seed_only,2.232,2.39238042187778,1.0718550277230197,1.9676655776051266,1.1166853860084136,False
seed_only,2.233,2.393452276905503,1.0718550277230197,1.9689875770168452,1.11755116805197,False
seed_only,2.234,2.3945241319332258,1.0718550277230197,1.9703095969357376,1.1184170356493637,False
seed_only,2.235,2.3955959869609487,1.0718550277230197,1.9716316374229104,1.1192829885137539,False
seed_only,2.236,2.396667841988672,1.0718550277230197,1.9729536985470641,1.120149026841885,False
seed_only,2.237,2.397739697016395,1.0718550277230197,1.974275780054069,1.1210151503449164,False
seed_only,2.238,2.398811552044118,1.0718550277230197,1.975597882232516,1.1218813584841822,False
seed_only,2.239,2.3998834070718407,1.0718550277230197,1.9769200049823077,1.12274765150774,False
seed_only,2.24,2.4009552620995644,1.0718550277230197,1.9782421482521073,1.123614028989505,False
seed_only,2.241,2.4020271171272873,1.0718550277230197,1.9795643120580353,1.1244804909934445,False
seed_only,2.242,2.4030989721550102,1.0718550277230197,1.9808864964464323,1.1253470372168586,False
seed_only,2.243,2.404170827182733,1.0718550277230197,1.982208701348842,1.1262136674895618,False
seed_only,2.244,2.4052426822104565,1.0718550277230197,1.983530926875443,1.1270803816694814,False
seed_only,2.245,2.4063145372381793,1.0718550277230197,1.9848531729526497,1.1279471796250535,False
seed_only,2.246,2.4073863922659022,1.0718550277230197,1.9861754395809506,1.128814061105948,False
seed_only,2.247,2.408458247293625,1.0718550277230197,1.9874977267496208,1.1296810261218804,False
seed_only,2.248,2.4095301023213485,1.0718550277230197,1.9888200344818419,1.1305480740930018,False
seed_only,2.249,2.4106019573490713,1.0718550277230197,1.9901423627853854,1.1314152056468696,False
seed_only,2.25,2.4116738123767942,1.0718550277230197,1.9914647116364481,1.132282419842043,False
fermion_only,-0.25,1.0718550277230197,-0.2679637569307549,2.2283368874970177,1.462706410886869,False
fermion_only,-0.249,1.0718550277230197,-0.2668919019030319,2.2265096102980886,1.4615696086122334,False
fermion_only,-0.248,1.0718550277230197,-0.26582004687530886,2.2246823673439,1.4604328754720994,False
fermion_only,-0.247,1.0718550277230197,-0.26474819184758586,2.22285515418863,1.4592962106696115,False
fermion_only,-0.246,1.0718550277230197,-0.26367633681986286,2.2210279778342112,1.4581596158628916,False
fermion_only,-0.245,1.0718550277230197,-0.2626044817921398,2.2192008331892055,1.4570230900454848,False
fermion_only,-0.244,1.0718550277230197,-0.2615326267644168,2.217373721343874,1.4558866336014424,False
fermion_only,-0.243,1.0718550277230197,-0.2604607717366938,2.2155466427261405,1.4547502467676756,False
fermion_only,-0.242,1.0718550277230197,-0.25938891670897074,2.213719594219743,1.4536139289488303,False
fermion_only,-0.241,1.0718550277230197,-0.25831706168124774,2.2118925802146805,1.4524776812831763,False
fermion_only,-0.24,1.0718550277230197,-0.2572452066535247,2.2100655952832726,1.4513415026858196,False
fermion_only,-0.239,1.0718550277230197,-0.2561733516258017,2.208238645583127,1.4502053946470024,False
fermion_only,-0.238,1.0718550277230197,-0.2551014965980787,2.2064117315452325,1.449069357400655,False
fermion_only,-0.237,1.0718550277230197,-0.2540296415703556,2.204584844709201,1.4479333891895476,False
fermion_only,-0.236,1.0718550277230197,-0.2529577865426326,2.202757989716253,1.4467974912016446,False
fermion_only,-0.235,1.0718550277230197,-0.2518859315149096,2.2009311744287885,1.445661665272721,False
fermion_only,-0.23399999999999999,1.0718550277230197,-0.25081407648718657,2.199104389337392,1.4445259094793326,False
fermion_only,-0.23299999999999998,1.0718550277230197,-0.24974222145946356,2.1972776357569224,1.443390224205417,False
fermion_only,-0.23199999999999998,1.0718550277230197,-0.24867036643174054,2.1954509118891963,1.442254609220923,False
fermion_only,-0.231,1.0718550277230197,-0.24759851140401756,2.193624226741364,1.44111906664396,False
fermion_only,-0.23,1.0718550277230197,-0.24652665637629453,2.1917975714445426,1.4399835946316812,False
fermion_only,-0.229,1.0718550277230197,-0.2454548013485715,2.1899709429298753,1.4388481926467076,False
fermion_only,-0.228,1.0718550277230197,-0.2443829463208485,2.188144353643029,1.4377128635872995,False
fermion_only,-0.227,1.0718550277230197,-0.24331109129312548,2.1863177967628378,1.4365776060821185,False
fermion_only,-0.226,1.0718550277230197,-0.24223923626540245,2.18449127132323,1.4354424200285114,False
fermion_only,-0.225,1.0718550277230197,-0.24116738123767942,2.182664778881449,1.4343073059275173,False
fermion_only,-0.224,1.0718550277230197,-0.24009552620995642,2.180838316803446,1.4331722633741832,False
fermion_only,-0.223,1.0718550277230197,-0.2390236711822334,2.1790118924426727,1.432037294055942,False
fermion_only,-0.222,1.0718550277230197,-0.23795181615451036,2.177185495804901,1.4309023959432967,False
fermion_only,-0.221,1.0718550277230197,-0.23687996112678736,2.17535913424336,1.4297675708005526,False
fermion_only,-0.22,1.0718550277230197,-0.23580810609906433,2.1735328065140225,1.4286328185084278,False
fermion_only,-0.219,1.0718550277230197,-0.2347362510713413,2.171706508073701,1.4274981381594165,False
fermion_only,-0.218,1.0718550277230197,-0.23366439604361827,2.169880245654987,1.4263635313986824,False
fermion_only,-0.217,1.0718550277230197,-0.23259254101589527,2.1680540098791834,1.4252289963245772,False
fermion_only,-0.216,1.0718550277230197,-0.23152068598817224,2.1662278130220702,1.4240945357449937,False
fermion_only,-0.215,1.0718550277230197,-0.2304488309604492,2.1644016464593907,1.4229601479408986,False
fermion_only,-0.214,1.0718550277230197,-0.2293769759327262,2.162575513581233,1.4218258337702983,False
fermion_only,-0.213,1.0718550277230197,-0.22830512090500318,2.160749413848362,1.4206915932601123,False
fermion_only,-0.212,1.0718550277230197,-0.22723326587728016,2.1589233426033916,1.4195574255539083,False
fermion_only,-0.211,1.0718550277230197,-0.22616141084955715,2.15709730424567,1.4184233317299362,False
fermion_only,-0.21,1.0718550277230197,-0.22508955582183413,2.1552713000229984,1.417289312232625,False
fermion_only,-0.209,1.0718550277230197,-0.2240177007941111,2.1534453330727787,1.4161553678682584,False
fermion_only,-0.208,1.0718550277230197,-0.22294584576638807,2.1516193931201633,1.4150214965705115,False
fermion_only,-0.207,1.0718550277230197,-0.22187399073866507,2.1497934870316593,1.4138876999326746,False
fermion_only,-0.20600000000000002,1.0718550277230197,-0.22080213571094207,2.1479676145159,1.4127539780904703,False
fermion_only,-0.20500000000000002,1.0718550277230197,-0.21973028068321904,2.1461417728068533,1.4116203305388322,False
fermion_only,-0.20400000000000001,1.0718550277230197,-0.21865842565549604,2.144315967158983,1.410486758618995,False
fermion_only,-0.203,1.0718550277230197,-0.217586570627773,2.1424901923089434,1.4093532612866264,False
fermion_only,-0.202,1.0718550277230197,-0.21651471560004998,2.140664449518903,1.4082198389680916,False
fermion_only,-0.201,1.0718550277230197,-0.21544286057232698,2.1388387399632114,1.4070864920991613,False
fermion_only,-0.2,1.0718550277230197,-0.21437100554460395,2.1370130600955495,1.4059532200544869,False
fermion_only,-0.199,1.0718550277230197,-0.21329915051688092,2.135187417677975,1.4048200246336946,False
fermion_only,-0.198,1.0718550277230197,-0.2122272954891579,2.133361803504652,1.4036869040010373,False
fermion_only,-0.197,1.0718550277230197,-0.2111554404614349,2.131536222089858,1.4025538593296567,False
fermion_only,-0.196,1.0718550277230197,-0.21008358543371186,2.129710676594887,1.4014208913841733,False
fermion_only,-0.195,1.0718550277230197,-0.20901173040598883,2.127885162173415,1.400287999330992,False
fermion_only,-0.194,1.0718550277230197,-0.20793987537826583,2.1260596839250745,1.399155184349122,False
fermion_only,-0.193,1.0718550277230197,-0.2068680203505428,2.12423422889354,1.3980224438718365,False
fermion_only,-0.192,1.0718550277230197,-0.20579616532281977,2.1224088144832454,1.3968897817697175,False
fermion_only,-0.191,1.0718550277230197,-0.20472431029509675,2.120583432264178,1.395757196365954,False
fermion_only,-0.19,1.0718550277230197,-0.20365245526737374,2.118758082444505,1.394624687878116,False
fermion_only,-0.189,1.0718550277230197,-0.20258060023965072,2.116932761366752,1.3934922556683178,False
fermion_only,-0.188,1.0718550277230197,-0.2015087452119277,2.115107474013689,1.392359900963932,False
fermion_only,-0.187,1.0718550277230197,-0.20043689018420469,2.113282220557311,1.3912276239846848,False
fermion_only,-0.186,1.0718550277230197,-0.19936503515648166,2.1114569999800326,1.3900954246077593,False
fermion_only,-0.185,1.0718550277230197,-0.19829318012875863,2.109631810880286,1.388963302700424,False
fermion_only,-0.184,1.0718550277230197,-0.19722132510103563,2.107806654005162,1.387831258629232,False
fermion_only,-0.183,1.0718550277230197,-0.1961494700733126,2.105981537040047,1.3866992941420313,False
fermion_only,-0.182,1.0718550277230197,-0.19507761504558957,2.1041564415497316,1.3855674054791127,False
fermion_only,-0.181,1.0718550277230197,-0.19400576001786654,2.1023313849506398,1.3844355965359791,False
fermion_only,-0.18,1.0718550277230197,-0.19293390499014354,2.1005063590635586,1.3833038656739483,False
fermion_only,-0.179,1.0718550277230197,-0.1918620499624205,2.098681369283595,1.3821722142409958,False
fermion_only,-0.178,1.0718550277230197,-0.19079019493469748,2.0968564057250116,1.381040640249834,False
fermion_only,-0.177,1.0718550277230197,-0.18971833990697448,2.095031476791287,1.3799091457319104,False
fermion_only,-0.176,1.0718550277230197,-0.18864648487925145,2.0932065824369905,1.3787777307670999,False
fermion_only,-0.175,1.0718550277230197,-0.18757462985152842,2.0913817204047724,1.3776463950590565,False
fermion_only,-0.174,1.0718550277230197,-0.1865027748238054,2.0895568907852713,1.3765151387925612,False
fermion_only,-0.173,1.0718550277230197,-0.1854309197960824,2.0877320954330703,1.3753839625176776,False
fermion_only,-0.172,1.0718550277230197,-0.18435906476835937,2.0859073279813956,1.3742528650185817,False
fermion_only,-0.17099999999999999,1.0718550277230197,-0.18328720974063634,2.084082594760961,1.3731218478423224,False
fermion_only,-0.16999999999999998,1.0718550277230197,-0.18221535471291334,2.0822578993246577,1.3719909118903577,False
fermion_only,-0.16899999999999998,1.0718550277230197,-0.1811434996851903,2.0804332282327254,1.3708600544552092,False
fermion_only,-0.16799999999999998,1.0718550277230197,-0.18007164465746728,2.078608597749665,1.3697292791967566,False
fermion_only,-0.16699999999999998,1.0718550277230197,-0.17899978962974428,2.076783993075093,1.368598583105382,False
fermion_only,-0.16599999999999998,1.0718550277230197,-0.17792793460202125,2.074959427029288,1.3674679690787452,False
fermion_only,-0.16499999999999998,1.0718550277230197,-0.17685607957429822,2.073134888087025,1.3663374348221868,False
fermion_only,-0.16399999999999998,1.0718550277230197,-0.1757842245465752,2.0713103840819924,1.3652069822120056,False
fermion_only,-0.16299999999999998,1.0718550277230197,-0.1747123695188522,2.069485914189806,1.3640766111548952,False
fermion_only,-0.162,1.0718550277230197,-0.1736405144911292,2.0676614749441935,1.362946321185528,False
fermion_only,-0.161,1.0718550277230197,-0.17256865946340616,2.065837067579346,1.361816112642244,False
fermion_only,-0.16,1.0718550277230197,-0.17149680443568316,2.06401269434624,1.3606859862072527,False
fermion_only,-0.159,1.0718550277230197,-0.17042494940796013,2.062188354863581,1.3595559420153158,False
fermion_only,-0.158,1.0718550277230197,-0.1693530943802371,2.0603640429945225,1.3584259788421602,False
fermion_only,-0.157,1.0718550277230197,-0.1682812393525141,2.058539768145984,1.3572960989544713,False
fermion_only,-0.156,1.0718550277230197,-0.16720938432479107,2.0567155281812077,1.35616630200788,False
fermion_only,-0.155,1.0718550277230197,-0.16613752929706804,2.054891314589269,1.3550365863438845,False
fermion_only,-0.154,1.0718550277230197,-0.16506567426934501,2.0530671369107356,1.3539069542174134,False
fermion_only,-0.153,1.0718550277230197,-0.163993819241622,2.0512429913631003,1.352777404966971,False
fermion_only,-0.152,1.0718550277230197,-0.16292196421389898,2.049418877466036,1.3516479386808082,False
fermion_only,-0.151,1.0718550277230197,-0.16185010918617596,2.047594799153374,1.3505185563700564,False
fermion_only,-0.15,1.0718550277230197,-0.16077825415845295,2.0457707523369395,1.3493892573091342,False
fermion_only,-0.149,1.0718550277230197,-0.15970639913072993,2.0439467323360994,1.3482600406854297,False
fermion_only,-0.148,1.0718550277230197,-0.1586345441030069,2.04212275348703,1.3471309097568305,False
fermion_only,-0.147,1.0718550277230197,-0.15756268907528387,2.0402988002291123,1.346001861365966,False
fermion_only,-0.146,1.0718550277230197,-0.15649083404756087,2.03847488536395,1.344872898433784,False
fermion_only,-0.14500000000000002,1.0718550277230197,-0.15541897901983787,2.036651001513734,1.343744019527607,False
fermion_only,-0.14400000000000002,1.0718550277230197,-0.15434712399211484,2.034827146459506,1.3426152243681275,False
fermion_only,-0.14300000000000002,1.0718550277230197,-0.15327526896439184,2.033003325514371,1.3414865142756547,False
fermion_only,-0.14200000000000002,1.0718550277230197,-0.1522034139366688,2.031179539435213,1.3403578895765702,False
fermion_only,-0.14100000000000001,1.0718550277230197,-0.15113155890894578,2.029355790572862,1.3392293509821243,False
fermion_only,-0.14,1.0718550277230197,-0.15005970388122278,2.027532067347315,1.3381008962089544,False
fermion_only,-0.139,1.0718550277230197,-0.14898784885349975,2.025708376130231,1.3369725267310966,False
fermion_only,-0.138,1.0718550277230197,-0.14791599382577672,2.02388471652144,1.3358442426785835,False
fermion_only,-0.137,1.0718550277230197,-0.1468441387980537,2.022061095254446,1.3347160457066716,False
fermion_only,-0.136,1.0718550277230197,-0.1457722837703307,2.020237501276889,1.3335879335821774,False
fermion_only,-0.135,1.0718550277230197,-0.14470042874260766,2.0184139382779964,1.332459907268548,False
fermion_only,-0.134,1.0718550277230197,-0.14362857371488463,2.0165904157855685,1.331331969064755,False
fermion_only,-0.133,1.0718550277230197,-0.14255671868716163,2.014766923271294,1.330204116846617,False
fermion_only,-0.132,1.0718550277230197,-0.1414848636594386,2.012943459336114,1.3290763505022396,False
fermion_only,-0.131,1.0718550277230197,-0.14041300863171557,2.01112003341708,1.3279486722637455,False
fermion_only,-0.13,1.0718550277230197,-0.13934115360399257,2.009296636340574,1.3268210803049496,False
fermion_only,-0.129,1.0718550277230197,-0.13826929857626954,2.007473269732296,1.3256935751923944,False
fermion_only,-0.128,1.0718550277230197,-0.13719744354854652,2.0056499379492942,1.3245661580935417,False
fermion_only,-0.127,1.0718550277230197,-0.1361255885208235,2.003826641020945,1.3234388290970394,False
fermion_only,-0.126,1.0718550277230197,-0.1350537334931005,2.0020033747425225,1.3223115875654523,False
fermion_only,-0.125,1.0718550277230197,-0.13398187846537746,2.000180138556873,1.321184433542576,False
fermion_only,-0.124,1.0718550277230197,-0.13291002343765443,1.9983569371060828,1.320057368249665,False
fermion_only,-0.123,1.0718550277230197,-0.13183816840993143,1.9965337703768071,1.318930391804898,False
fermion_only,-0.122,1.0718550277230197,-0.1307663133822084,1.9947106334426312,1.3178035034010886,False
fermion_only,-0.121,1.0718550277230197,-0.12969445835448537,1.9928875335349927,1.3166767047944834,False
fermion_only,-0.12,1.0718550277230197,-0.12862260332676234,1.9910644648191145,1.3155499948503058,False
fermion_only,-0.119,1.0718550277230197,-0.12755074829903934,1.9892414217805188,1.3144233726160317,False
fermion_only,-0.118,1.0718550277230197,-0.1264788932713163,1.9874184162711028,1.3132968408742272,False
fermion_only,-0.11699999999999999,1.0718550277230197,-0.12540703824359328,1.9855954431980516,1.3121703986556115,False
fermion_only,-0.11599999999999999,1.0718550277230197,-0.12433518321587027,1.9837725053260646,1.311044046833071,False
fermion_only,-0.11499999999999999,1.0718550277230197,-0.12326332818814725,1.9819495993063319,1.3099177847865466,False
fermion_only,-0.11399999999999999,1.0718550277230197,-0.12219147316042422,1.9801267226687846,1.3087916122257446,False
fermion_only,-0.11299999999999999,1.0718550277230197,-0.12111961813270121,1.9783038769555894,1.3076655296768591,False
fermion_only,-0.11199999999999999,1.0718550277230197,-0.1200477631049782,1.976481067958069,1.30653953860844,False
fermion_only,-0.11099999999999999,1.0718550277230197,-0.11897590807725517,1.9746582893209297,1.3054136378057415,False
fermion_only,-0.10999999999999999,1.0718550277230197,-0.11790405304953215,1.972835543475715,1.3042878280294923,False
fermion_only,-0.10899999999999999,1.0718550277230197,-0.11683219802180912,1.971012834261776,1.3031621102922288,False
fermion_only,-0.10799999999999998,1.0718550277230197,-0.11576034299408611,1.969190150752942,1.3020364824201534,False
fermion_only,-0.10699999999999998,1.0718550277230197,-0.11468848796636309,1.9673675035401184,1.300910946907871,False
fermion_only,-0.10599999999999998,1.0718550277230197,-0.11361663293864006,1.965544889878501,1.2997855033920165,False
fermion_only,-0.10500000000000001,1.0718550277230197,-0.11254477791091708,1.9637223090737788,1.2986601519122358,False
fermion_only,-0.10400000000000001,1.0718550277230197,-0.11147292288319405,1.961899756947738,1.2975348917357874,False
fermion_only,-0.10300000000000001,1.0718550277230197,-0.11040106785547103,1.9600772415506507,1.296409724850687,False
fermion_only,-0.10200000000000001,1.0718550277230197,-0.10932921282774802,1.9582547575527576,1.295284650288262,False
fermion_only,-0.101,1.0718550277230197,-0.10825735780002499,1.956432304145439,1.2941596680975689,False
fermion_only,-0.1,1.0718550277230197,-0.10718550277230197,1.9546098849599458,1.293034779239217,False
fermion_only,-0.099,1.0718550277230197,-0.10611364774457895,1.9527874954532898,1.2919099829388172,False
fermion_only,-0.098,1.0718550277230197,-0.10504179271685593,1.9509651404362227,1.2907852804656323,False
fermion_only,-0.097,1.0718550277230197,-0.10396993768913292,1.949142817234173,1.2896606714382552,False
fermion_only,-0.096,1.0718550277230197,-0.10289808266140989,1.9473205290624795,1.2885361567777065,False
fermion_only,-0.095,1.0718550277230197,-0.10182622763368687,1.9454982733711157,1.287411736105802,False
fermion_only,-0.094,1.0718550277230197,-0.10075437260596384,1.943676046660503,1.2862874089060015,False
fermion_only,-0.093,1.0718550277230197,-0.09968251757824083,1.941853856802278,1.2851631770931533,False
fermion_only,-0.092,1.0718550277230197,-0.09861066255051781,1.9400316952555396,1.2840390389923866,False
fermion_only,-0.091,1.0718550277230197,-0.09753880752279478,1.9382095692372925,1.282914996413225,False
fermion_only,-0.09,1.0718550277230197,-0.09646695249507177,1.936387479734325,1.2817910497835276,False
fermion_only,-0.089,1.0718550277230197,-0.09539509746734874,1.9345654161375236,1.2806671969860386,False
fermion_only,-0.088,1.0718550277230197,-0.09432324243962573,1.9327433858033372,1.27954343989747,False
fermion_only,-0.087,1.0718550277230197,-0.0932513874119027,1.9309213898566213,1.2784197789241492,False
fermion_only,-0.086,1.0718550277230197,-0.09217953238417968,1.9290994246255355,1.2772962134518213,False
fermion_only,-0.08499999999999999,1.0718550277230197,-0.09110767735645667,1.9272774927076686,1.2761727443408488,False
fermion_only,-0.08399999999999999,1.0718550277230197,-0.09003582232873364,1.9254555964173026,1.2750493722547862,False
fermion_only,-0.08299999999999999,1.0718550277230197,-0.08896396730101062,1.9236337266197001,1.273926095460494,False
fermion_only,-0.08199999999999999,1.0718550277230197,-0.0878921122732876,1.9218118927119665,1.2728029161944723,False
fermion_only,-0.08099999999999999,1.0718550277230197,-0.08682025724556458,1.9199900938893233,1.2716798344889995,False
fermion_only,-0.07999999999999999,1.0718550277230197,-0.08574840221784157,1.9181683239336111,1.2705568492526191,False
fermion_only,-0.07899999999999999,1.0718550277230197,-0.08467654719011854,1.9163465909397326,1.2694339624604845,False
fermion_only,-0.07799999999999999,1.0718550277230197,-0.08360469216239552,1.914524881819002,1.2683111714725355,False
fermion_only,-0.07699999999999999,1.0718550277230197,-0.0825328371346725,1.912703214265421,1.2671884803264952,False
fermion_only,-0.07599999999999998,1.0718550277230197,-0.08146098210694948,1.9108815738437812,1.2660658861855731,False
fermion_only,-0.07499999999999998,1.0718550277230197,-0.08038912707922646,1.9090599687745513,1.264943391001162,False
fermion_only,-0.07400000000000001,1.0718550277230197,-0.07931727205150346,1.9072383921003855,1.2638209934899614,False
fermion_only,-0.07300000000000001,1.0718550277230197,-0.07824541702378045,1.9054168530312054,1.2626986959131465,False
fermion_only,-0.07200000000000001,1.0718550277230197,-0.07717356199605742,1.9035953421064233,1.261576496387543,False
fermion_only,-0.07100000000000001,1.0718550277230197,-0.0761017069683344,1.9017738668610784,1.2604543968402344,False
fermion_only,-0.07,1.0718550277230197,-0.07502985194061139,1.8999524279818436,1.2593323975922754,False
fermion_only,-0.069,1.0718550277230197,-0.07395799691288836,1.8981310145553154,1.2582104965585381,False
fermion_only,-0.068,1.0718550277230197,-0.07288614188516535,1.8963096348996622,1.2570886957159202,False
fermion_only,-0.067,1.0718550277230197,-0.07181428685744232,1.8944882909671668,1.2559669957737354,False
fermion_only,-0.066,1.0718550277230197,-0.0707424318297193,1.8926669760689796,1.2548453954536518,False
fermion_only,-0.065,1.0718550277230197,-0.06967057680199629,1.8908456950386787,1.253723896087136,False
fermion_only,-0.064,1.0718550277230197,-0.06859872177427326,1.889024447828569,1.2526024978904755,False
fermion_only,-0.063,1.0718550277230197,-0.06752686674655024,1.887203230926704,1.2514812002605793,False
fermion_only,-0.062,1.0718550277230197,-0.06645501171882721,1.8853820467759075,1.2503600040962584,False
fermion_only,-0.061,1.0718550277230197,-0.0653831566911042,1.883560897943548,1.2492389100672057,False
fermion_only,-0.06,1.0718550277230197,-0.06431130166338117,1.881739779376712,1.2481179174031871,False
fermion_only,-0.059,1.0718550277230197,-0.06323944663565816,1.8799186897282105,1.246997025997783,False
fermion_only,-0.057999999999999996,1.0718550277230197,-0.062167591607935134,1.8780976385536663,1.2458762381451165,False
fermion_only,-0.056999999999999995,1.0718550277230197,-0.06109573658021211,1.8762766194043268,1.244755552726643,False
fermion_only,-0.055999999999999994,1.0718550277230197,-0.0600238815524891,1.8744556314715721,1.2436349697964664,False
fermion_only,-0.05499999999999999,1.0718550277230197,-0.058952026524766075,1.8726346732970134,1.242514489275834,False
fermion_only,-0.05399999999999999,1.0718550277230197,-0.057880171497043054,1.8708137567687189,1.241394113995329,False
fermion_only,-0.05299999999999999,1.0718550277230197,-0.05680831646932003,1.8689928631434594,1.240273840056299,False
fermion_only,-0.05199999999999999,1.0718550277230197,-0.05573646144159701,1.867172003705142,1.2391536702692474,False
fermion_only,-0.05099999999999999,1.0718550277230197,-0.054664606413873995,1.865351180696262,1.238033605276176,False
fermion_only,-0.04999999999999999,1.0718550277230197,-0.05359275138615097,1.8635303865351283,1.236913643740331,False
fermion_only,-0.04899999999999999,1.0718550277230197,-0.05252089635842795,1.8617096232149244,1.2357937862706785,False
fermion_only,-0.04799999999999999,1.0718550277230197,-0.05144904133070493,1.8598888998117902,1.2346740351194887,False
fermion_only,-0.046999999999999986,1.0718550277230197,-0.05037718630298191,1.858068202742169,1.2335543876405557,False
fermion_only,-0.045999999999999985,1.0718550277230197,-0.049305331275258886,1.8562475388655075,1.2324348454534668,False
fermion_only,-0.044999999999999984,1.0718550277230197,-0.04823347624753587,1.8544269088050847,1.2313154090184164,False
fermion_only,-0.043999999999999984,1.0718550277230197,-0.04716162121981285,1.8526063084158162,1.230196077687703,False
fermion_only,-0.04299999999999998,1.0718550277230197,-0.04608976619208983,1.8507857415029028,1.2290768525049347,False
fermion_only,-0.04199999999999998,1.0718550277230197,-0.045017911164366806,1.848965215802556,1.2279577353990618,False
fermion_only,-0.04100000000000001,1.0718550277230197,-0.04394605613664382,1.8471447108132422,1.226838722198678,False
fermion_only,-0.04000000000000001,1.0718550277230197,-0.0428742011089208,1.8453242448367435,1.225719817152921,False
fermion_only,-0.03900000000000001,1.0718550277230197,-0.041802346081197775,1.843503809879521,1.2246010187273113,False
fermion_only,-0.038000000000000006,1.0718550277230197,-0.04073049105347475,1.8416834071434796,1.2234823274335724,False
fermion_only,-0.037000000000000005,1.0718550277230197,-0.03965863602575173,1.8398630349256928,1.2223637432066488,False
fermion_only,-0.036000000000000004,1.0718550277230197,-0.03858678099802871,1.8380426963482632,1.2212452669720983,False
fermion_only,-0.035,1.0718550277230197,-0.037514925970305694,1.8362223959976776,1.2201268999285555,False
fermion_only,-0.034,1.0718550277230197,-0.03644307094258267,1.834402123146539,1.2190086400880178,False
fermion_only,-0.033,1.0718550277230197,-0.03537121591485965,1.8325818790607018,1.2178904879383594,False
fermion_only,-0.032,1.0718550277230197,-0.03429936088713663,1.8307616697585516,1.2167724450375275,False
fermion_only,-0.031,1.0718550277230197,-0.03322750585941361,1.8289414916749402,1.2156545108794865,False
fermion_only,-0.03,1.0718550277230197,-0.032155650831690585,1.827121350359584,1.2145366869602756,False
fermion_only,-0.028999999999999998,1.0718550277230197,-0.031083795803967567,1.8253012434455096,1.2134189730035514,False
fermion_only,-0.027999999999999997,1.0718550277230197,-0.03001194077624455,1.8234811691887787,1.2123013688776325,False
fermion_only,-0.026999999999999996,1.0718550277230197,-0.028940085748521527,1.8216611237315439,1.2111838740222176,False
fermion_only,-0.025999999999999995,1.0718550277230197,-0.027868230720798505,1.8198411082363641,1.2100664890230264,False
fermion_only,-0.024999999999999994,1.0718550277230197,-0.026796375693075487,1.8180211279999803,1.2089492152090928,False
fermion_only,-0.023999999999999994,1.0718550277230197,-0.025724520665352465,1.8162011769139896,1.207832051545637,False
fermion_only,-0.022999999999999993,1.0718550277230197,-0.024652665637629443,1.81438126529736,1.2067150005592389,False
fermion_only,-0.021999999999999992,1.0718550277230197,-0.023580810609906425,1.8125613799293339,1.2055980596428673,False
fermion_only,-0.02099999999999999,1.0718550277230197,-0.022508955582183403,1.8107415327176746,1.2044812316449527,False
fermion_only,-0.01999999999999999,1.0718550277230197,-0.02143710055446038,1.8089217127834623,1.2033645144648957,False
fermion_only,-0.01899999999999999,1.0718550277230197,-0.020365245526737363,1.8071019251040932,1.2022479094875433,False
fermion_only,-0.017999999999999988,1.0718550277230197,-0.01929339049901434,1.805282175004419,1.2011314181504906,False
fermion_only,-0.016999999999999987,1.0718550277230197,-0.01822153547129132,1.8034624571125812,1.2000150395020717,False
fermion_only,-0.015999999999999986,1.0718550277230197,-0.0171496804435683,1.8016427652962408,1.1988987725506004,False
fermion_only,-0.014999999999999986,1.0718550277230197,-0.01607782541584528,1.7998231110405438,1.1977826199890031,False
fermion_only,-0.013999999999999985,1.0718550277230197,-0.015005970388122259,1.7980034893980035,1.1966665811333757,False
fermion_only,-0.012999999999999984,1.0718550277230197,-0.013934115360399239,1.7961839019498438,1.1955506565012686,False
fermion_only,-0.011999999999999983,1.0718550277230197,-0.012862260332676217,1.794364345016275,1.1944348456240934,False
fermion_only,-0.010999999999999982,1.0718550277230197,-0.011790405304953197,1.792544816854913,1.1933191484238272,False
fermion_only,-0.010000000000000009,1.0718550277230197,-0.010718550277230206,1.7907253242416932,1.1922035666284032,False
fermion_only,-0.009000000000000008,1.0718550277230197,-0.009646695249507186,1.7889058679043446,1.1910881006477274,False
fermion_only,-0.008000000000000007,1.0718550277230197,-0.008574840221784164,1.7870864353522142,1.1899727481065543,False
fermion_only,-0.007000000000000006,1.0718550277230197,-0.007502985194061144,1.785267040831906,1.1888575123685727,False
fermion_only,-0.006000000000000005,1.0718550277230197,-0.006431130166338124,1.7834476786907416,1.1877423924451007,False
fermion_only,-0.0050000000000000044,1.0718550277230197,-0.005359275138615103,1.7816283485410533,1.1866273886126673,False
fermion_only,-0.0040000000000000036,1.0718550277230197,-0.004287420110892082,1.779809048997838,1.1855125008246932,False
fermion_only,-0.0030000000000000027,1.0718550277230197,-0.003215565083169062,1.7779897854374838,1.184397730512386,False
fermion_only,-0.0020000000000000018,1.0718550277230197,-0.002143710055446041,1.77617055252961,1.1832830768640525,False
fermion_only,-0.0010000000000000009,1.0718550277230197,-0.0010718550277230205,1.7743513519021814,1.182168540475986,False
fermion_only,0.0,1.0718550277230197,0.0,1.7725321867601451,1.1810541223436883,False
fermion_only,0.0010000000000000009,1.0718550277230197,0.0010718550277230205,1.7707130482632172,1.1799398208713647,False
fermion_only,0.0020000000000000018,1.0718550277230197,0.002143710055446041,1.7688939462925601,1.1788256384611253,False
fermion_only,0.0030000000000000027,1.0718550277230197,0.003215565083169062,1.767074881211106,1.1777115755156589,False
fermion_only,0.0040000000000000036,1.0718550277230197,0.004287420110892082,1.7652558420619968,1.176597629954092,False
fermion_only,0.0050000000000000044,1.0718550277230197,0.005359275138615103,1.7634368358496522,1.1754838035899995,False
fermion_only,0.006000000000000005,1.0718550277230197,0.006431130166338124,1.7616178626750356,1.1743700967113655,False
fermion_only,0.007000000000000006,1.0718550277230197,0.007502985194061144,1.7597989192927876,1.1732565089517033,False
fermion_only,0.008000000000000007,1.0718550277230197,0.008574840221784164,1.7579800116660715,1.172143041873753,False
fermion_only,0.009000000000000008,1.0718550277230197,0.009646695249507186,1.7561611398899002,1.171029695867362,False
fermion_only,0.010000000000000009,1.0718550277230197,0.010718550277230206,1.7543422921143081,1.1699164686214818,False
fermion_only,0.01100000000000001,1.0718550277230197,0.011790405304953226,1.7525234832432846,1.168803363648266,False
fermion_only,0.01200000000000001,1.0718550277230197,0.012862260332676248,1.7507047089301064,1.1676903803332375,False
fermion_only,0.013000000000000012,1.0718550277230197,0.013934115360399268,1.7488859630029108,1.1665775176402151,False
fermion_only,0.014000000000000012,1.0718550277230197,0.015005970388122288,1.747067248801959,1.16546477660689,False
fermion_only,0.015000000000000013,1.0718550277230197,0.01607782541584531,1.7452485623486336,1.1643521566933004,False
fermion_only,0.016000000000000014,1.0718550277230197,0.01714968044356833,1.7434299209832416,1.1632396619460568,False
fermion_only,0.017000000000000015,1.0718550277230197,0.01822153547129135,1.741611304661772,1.1621272883598053,False
fermion_only,0.018000000000000016,1.0718550277230197,0.019293390499014372,1.739792719895883,1.1610150376002637,False
fermion_only,0.019000000000000017,1.0718550277230197,0.02036524552673739,1.7379741702195695,1.1599029108301095,False
fermion_only,0.020000000000000018,1.0718550277230197,0.021437100554460412,1.736155648628701,1.1587909067722735,False
fermion_only,0.02100000000000002,1.0718550277230197,0.022508955582183434,1.7343371663897988,1.1576790282005591,False
fermion_only,0.02200000000000002,1.0718550277230197,0.023580810609906452,1.7325187121925545,1.1565672730335366,False
fermion_only,0.02300000000000002,1.0718550277230197,0.024652665637629474,1.7307002943185656,1.1554556432915664,False
fermion_only,0.02400000000000002,1.0718550277230197,0.025724520665352496,1.728881902156587,1.1543441371117389,False
fermion_only,0.025000000000000022,1.0718550277230197,0.026796375693075514,1.7270635506120957,1.153232757924955,False
fermion_only,0.026000000000000023,1.0718550277230197,0.027868230720798536,1.7252452264626683,1.1521215032985854,False
fermion_only,0.027000000000000024,1.0718550277230197,0.028940085748521558,1.7234269357870202,1.1510103747711546,False
fermion_only,0.028000000000000025,1.0718550277230197,0.030011940776244576,1.7216086784365148,1.1498993726950102,False
fermion_only,0.029000000000000026,1.0718550277230197,0.031083795803967598,1.7197904516038642,1.1487884967882207,False
fermion_only,0.030000000000000027,1.0718550277230197,0.03215565083169062,1.7179722566423417,1.1476777476450857,False
fermion_only,0.031000000000000028,1.0718550277230197,0.03322750585941364,1.7161540993862578,1.1465671268914979,False
fermion_only,0.03200000000000003,1.0718550277230197,0.03429936088713666,1.7143359693481797,1.1454566325360156,False
fermion_only,0.03300000000000003,1.0718550277230197,0.03537121591485968,1.712517872231567,1.144346266173041,False
fermion_only,0.03400000000000003,1.0718550277230197,0.0364430709425827,1.7106998130862916,1.143236029221428,False
fermion_only,0.03500000000000003,1.0718550277230197,0.03751492597030572,1.708881780141791,1.1421259194750124,False
fermion_only,0.03600000000000003,1.0718550277230197,0.038586780998028744,1.7070637813191292,1.141015938966297,False
fermion_only,0.03700000000000003,1.0718550277230197,0.039658636025751766,1.7052458171840756,1.1399060881748122,False
fermion_only,0.038000000000000034,1.0718550277230197,0.04073049105347478,1.7034278789082924,1.1387963655352351,False
fermion_only,0.03899999999999998,1.0718550277230197,0.04180234608119775,1.7016099794762818,1.1376867741539447,False
fermion_only,0.03999999999999998,1.0718550277230197,0.04287420110892076,1.6997921111534975,1.136577312723039,False
fermion_only,0.04099999999999998,1.0718550277230197,0.043946056136643784,1.6979742731055403,1.1354679814088129,False
fermion_only,0.04199999999999998,1.0718550277230197,0.045017911164366806,1.6961564736094337,1.1343587822990921,False
fermion_only,0.04299999999999998,1.0718550277230197,0.04608976619208983,1.6943386996500776,1.1332497129902,False
fermion_only,0.043999999999999984,1.0718550277230197,0.04716162121981285,1.6925209612236314,1.1321407759253044,False
fermion_only,0.044999999999999984,1.0718550277230197,0.04823347624753587,1.6907032525746324,1.1310319702827099,False
fermion_only,0.045999999999999985,1.0718550277230197,0.049305331275258886,1.688885580143129,1.1299232977038103,False
fermion_only,0.046999999999999986,1.0718550277230197,0.05037718630298191,1.687067935963027,1.1288147568971207,False
fermion_only,0.04799999999999999,1.0718550277230197,0.05144904133070493,1.685250331354493,1.127706350581781,False
fermion_only,0.04899999999999999,1.0718550277230197,0.05252089635842795,1.6834327551723538,1.1265980767746469,False
fermion_only,0.04999999999999999,1.0718550277230197,0.05359275138615097,1.6816152095129766,1.1254899362590478,False
fermion_only,0.05099999999999999,1.0718550277230197,0.054664606413873995,1.67979769769937,1.1243819300677,False
fermion_only,0.05199999999999999,1.0718550277230197,0.05573646144159701,1.6779802179198722,1.1232740582322798,False
fermion_only,0.05299999999999999,1.0718550277230197,0.05680831646932003,1.6761627767720721,1.1221663224670881,False
fermion_only,0.05399999999999999,1.0718550277230197,0.057880171497043054,1.6743453578186074,1.1210587196360176,False
fermion_only,0.05499999999999999,1.0718550277230197,0.058952026524766075,1.672527978013516,1.1199512537300682,False
fermion_only,0.055999999999999994,1.0718550277230197,0.0600238815524891,1.6707106270587246,1.1188439228753628,False
fermion_only,0.056999999999999995,1.0718550277230197,0.06109573658021211,1.6688933113532478,1.117736728821046,False
fermion_only,0.057999999999999996,1.0718550277230197,0.062167591607935134,1.6670760242716964,1.1166296705415153,False
fermion_only,0.059,1.0718550277230197,0.06323944663565816,1.6652587758634096,1.1155227504949188,False
fermion_only,0.06,1.0718550277230197,0.06431130166338117,1.6634415560137228,1.1144159669448312,False
fermion_only,0.061,1.0718550277230197,0.0653831566911042,1.661624369652026,1.1133093212338416,False
fermion_only,0.062,1.0718550277230197,0.06645501171882721,1.659807213020903,1.1122028130083073,False
fermion_only,0.063,1.0718550277230197,0.06752686674655024,1.657990096122064,1.1110964447606217,False
fermion_only,0.064,1.0718550277230197,0.06859872177427326,1.6561730019424514,1.1099902131674073,False
fermion_only,0.065,1.0718550277230197,0.06967057680199629,1.6543559461009494,1.1088841220095347,False
fermion_only,0.066,1.0718550277230197,0.0707424318297193,1.6525389219526065,1.1077781702007374,False
fermion_only,0.067,1.0718550277230197,0.07181428685744232,1.650721927905896,1.1066723577926756,False
fermion_only,0.068,1.0718550277230197,0.07288614188516535,1.6489049701988057,1.105566686496054,False
fermion_only,0.069,1.0718550277230197,0.07395799691288836,1.6470880405782928,1.1044611549092886,False
fermion_only,0.07,1.0718550277230197,0.07502985194061139,1.6452711471755643,1.1033557651770551,False
fermion_only,0.07100000000000001,1.0718550277230197,0.0761017069683344,1.6434542873839941,1.1022505171151218,False
fermion_only,0.07200000000000001,1.0718550277230197,0.07717356199605742,1.6416374556318836,1.1011454099078248,False
fermion_only,0.07300000000000001,1.0718550277230197,0.07824541702378045,1.6398206581524466,1.1000404452646904,False
fermion_only,0.07400000000000001,1.0718550277230197,0.07931727205150346,1.6380038928695662,1.0989356231384755,False
fermion_only,0.07500000000000001,1.0718550277230197,0.08038912707922649,1.6361871627392777,1.0978309445974115,False
fermion_only,0.07600000000000001,1.0718550277230197,0.0814609821069495,1.6343704633057232,1.0967264089623625,False
fermion_only,0.07700000000000001,1.0718550277230197,0.08253283713467252,1.6325537907649235,1.0956220159275114,False
fermion_only,0.07800000000000001,1.0718550277230197,0.08360469216239555,1.6307371585283947,1.0945177686785508,False
fermion_only,0.07900000000000001,1.0718550277230197,0.08467654719011856,1.6289205522646677,1.0934136645779802,False
fermion_only,0.08000000000000002,1.0718550277230197,0.0857484022178416,1.6271039843116286,1.0923097066365235,False
fermion_only,0.08100000000000002,1.0718550277230197,0.08682025724556461,1.6252874468230205,1.09120589361249,False
fermion_only,0.08200000000000002,1.0718550277230197,0.08789211227328764,1.623470943742178,1.0901022267193643,False
fermion_only,0.08300000000000002,1.0718550277230197,0.08896396730101065,1.621654467186051,1.0889987047061456,False
fermion_only,0.08400000000000002,1.0718550277230197,0.09003582232873367,1.6198380279156765,1.0878953302047936,False
fermion_only,0.08500000000000002,1.0718550277230197,0.0911076773564567,1.6180216185889051,1.0867921021232518,False
fermion_only,0.08600000000000002,1.0718550277230197,0.09217953238417971,1.6162052436511587,1.0856890217391686,False
fermion_only,0.08700000000000002,1.0718550277230197,0.09325138741190274,1.6143889023303215,1.0845860893545405,False
fermion_only,0.08800000000000002,1.0718550277230197,0.09432324243962575,1.6125725876966257,1.0834833038889529,False
fermion_only,0.08900000000000002,1.0718550277230197,0.09539509746734877,1.6107563099278854,1.0823806679251406,False
fermion_only,0.09000000000000002,1.0718550277230197,0.0964669524950718,1.6089400660844744,1.081278181207059,False
fermion_only,0.09100000000000003,1.0718550277230197,0.09753880752279481,1.6071238511759622,1.0801758431304413,False
fermion_only,0.09200000000000003,1.0718550277230197,0.09861066255051784,1.605307670062861,1.079073655159532,False
fermion_only,0.09300000000000003,1.0718550277230197,0.09968251757824086,1.60349151843715,1.0779716167142488,False
fermion_only,0.09400000000000003,1.0718550277230197,0.10075437260596387,1.601675406305758,1.0768697303951869,False
fermion_only,0.09500000000000003,1.0718550277230197,0.1018262276336869,1.59985931988742,1.0757679937292484,False
fermion_only,0.09600000000000003,1.0718550277230197,0.10289808266140991,1.598043268239513,1.0746664089903941,False
fermion_only,0.09700000000000003,1.0718550277230197,0.10396993768913294,1.596227248998705,1.0735649761202284,False
fermion_only,0.09800000000000003,1.0718550277230197,0.10504179271685596,1.5944112659642684,1.072463696386265,False
fermion_only,0.09900000000000003,1.0718550277230197,0.10611364774457899,1.5925953071083354,1.071362567598139,False
fermion_only,0.10000000000000003,1.0718550277230197,0.107185502772302,1.590779390668673,1.0702615941202147,False
fermion_only,0.10100000000000003,1.0718550277230197,0.10825735780002502,1.5889634984355583,1.069160772470806,False
fermion_only,0.10199999999999998,1.0718550277230197,0.10932921282774799,1.5871476412881114,1.0680601053887953,False
fermion_only,0.10299999999999998,1.0718550277230197,0.110401067855471,1.5853318190253374,1.066959593333961,False
fermion_only,0.10399999999999998,1.0718550277230197,0.11147292288319402,1.5835160237315904,1.065859234935621,False
fermion_only,0.10499999999999998,1.0718550277230197,0.11254477791091705,1.5817002669944902,1.064759033224168,False
fermion_only,0.10599999999999998,1.0718550277230197,0.11361663293864006,1.5798845424831232,1.0636589871987145,False
fermion_only,0.10699999999999998,1.0718550277230197,0.11468848796636309,1.5780688447159852,1.0625590961766123,False
fermion_only,0.10799999999999998,1.0718550277230197,0.11576034299408611,1.5762531816339687,1.0614593622596469,False
fermion_only,0.10899999999999999,1.0718550277230197,0.11683219802180912,1.5744375523721876,1.0603597857534435,False
fermion_only,0.10999999999999999,1.0718550277230197,0.11790405304953215,1.5726219565846744,1.059260366992107,False
fermion_only,0.11099999999999999,1.0718550277230197,0.11897590807725517,1.570806391554913,1.0581611058262705,False
fermion_only,0.11199999999999999,1.0718550277230197,0.1200477631049782,1.5689908582366296,1.05706200296946,False
fermion_only,0.11299999999999999,1.0718550277230197,0.12111961813270121,1.5671753581731007,1.0559630591521347,False
fermion_only,0.11399999999999999,1.0718550277230197,0.12219147316042422,1.5653598920140288,1.054864274965375,False
fermion_only,0.11499999999999999,1.0718550277230197,0.12326332818814725,1.5635444566841405,1.0537656502517412,False
fermion_only,0.11599999999999999,1.0718550277230197,0.12433518321587027,1.5617290546543483,1.0526671859420242,False
fermion_only,0.11699999999999999,1.0718550277230197,0.12540703824359328,1.5599136831653926,1.0515688819295212,False
fermion_only,0.118,1.0718550277230197,0.1264788932713163,1.558098346374348,1.0504707395357764,False
fermion_only,0.119,1.0718550277230197,0.12755074829903934,1.5562830429092456,1.049372758979217,False
fermion_only,0.12,1.0718550277230197,0.12862260332676234,1.5544677655760175,1.0482749391748916,False
fermion_only,0.121,1.0718550277230197,0.12969445835448537,1.5526525254124568,1.0471772828995558,False
fermion_only,0.122,1.0718550277230197,0.1307663133822084,1.5508373153606314,1.046079789135495,False
fermion_only,0.123,1.0718550277230197,0.13183816840993143,1.5490221431605722,1.0449824600266713,False
fermion_only,0.124,1.0718550277230197,0.13291002343765443,1.547206999242312,1.043885293982076,False
fermion_only,0.125,1.0718550277230197,0.13398187846537746,1.5453918886904727,1.042788292577301,False
fermion_only,0.126,1.0718550277230197,0.1350537334931005,1.5435768079989476,1.0416914555062518,False
fermion_only,0.127,1.0718550277230197,0.1361255885208235,1.5417617610979928,1.0405947841245178,False
fermion_only,0.128,1.0718550277230197,0.13719744354854652,1.5399467480001983,1.039498278861568,False
fermion_only,0.129,1.0718550277230197,0.13826929857626954,1.5381317661450788,1.0384019396889945,False
fermion_only,0.13,1.0718550277230197,0.13934115360399257,1.536316816671146,1.0373057673283528,False
fermion_only,0.131,1.0718550277230197,0.14041300863171557,1.5345019004161742,1.0362097624385342,False
fermion_only,0.132,1.0718550277230197,0.1414848636594386,1.5326870147150062,1.0351139249402201,False
fermion_only,0.133,1.0718550277230197,0.14255671868716163,1.5308721636373424,1.0340182561782876,False
fermion_only,0.134,1.0718550277230197,0.14362857371488463,1.5290573450211342,1.0329227561979883,False
fermion_only,0.135,1.0718550277230197,0.14470042874260766,1.5272425624547337,1.0318274262124696,False
fermion_only,0.136,1.0718550277230197,0.1457722837703307,1.5254278080074624,1.0307322651025832,False
fermion_only,0.137,1.0718550277230197,0.1468441387980537,1.5236130818678362,1.0296372733622112,False
fermion_only,0.138,1.0718550277230197,0.14791599382577672,1.5217983955103431,1.0285424539153225,False
fermion_only,0.139,1.0718550277230197,0.14898784885349975,1.5199837356483226,1.0274478044670734,False
fermion_only,0.14,1.0718550277230197,0.15005970388122278,1.518169112217227,1.0263533276309054,False
fermion_only,0.14100000000000001,1.0718550277230197,0.15113155890894578,1.5163545229648578,1.0252590234046772,False
fermion_only,0.14200000000000002,1.0718550277230197,0.1522034139366688,1.5145399607892296,1.024164890816729,False
fermion_only,0.14300000000000002,1.0718550277230197,0.15327526896439184,1.5127254334242668,1.0230709320077143,False
fermion_only,0.14400000000000002,1.0718550277230197,0.15434712399211484,1.5109109345643912,1.0219771461135505,False
fermion_only,0.14500000000000002,1.0718550277230197,0.15541897901983787,1.5090964756901748,1.0208835361421078,False
fermion_only,0.14600000000000002,1.0718550277230197,0.1564908340475609,1.5072820441450085,1.0197900999000256,False
fermion_only,0.14700000000000002,1.0718550277230197,0.15756268907528392,1.5054676427074032,1.0186968384591073,False
fermion_only,0.14800000000000002,1.0718550277230197,0.15863454410300692,1.5036532777005673,1.0176037537482445,False
fermion_only,0.14900000000000002,1.0718550277230197,0.15970639913072995,1.5018389465862203,1.0165108456833898,False
fermion_only,0.15000000000000002,1.0718550277230197,0.16077825415845298,1.5000246441708276,1.015418113767885,False
fermion_only,0.15100000000000002,1.0718550277230197,0.16185010918617598,1.4982103781050249,1.0143255600652168,False
fermion_only,0.15200000000000002,1.0718550277230197,0.162921964213899,1.4963961437749917,1.013233184133734,False
fermion_only,0.15300000000000002,1.0718550277230197,0.16399381924162204,1.4945819404216465,1.0121409864031474,False
fermion_only,0.15400000000000003,1.0718550277230197,0.16506567426934504,1.4927677696467079,1.0110489676970524,False
fermion_only,0.15500000000000003,1.0718550277230197,0.16613752929706807,1.4909536258351563,1.009957127356636,False
fermion_only,0.15600000000000003,1.0718550277230197,0.1672093843247911,1.4891395233039395,1.0088654689926002,False
fermion_only,0.15700000000000003,1.0718550277230197,0.16828123935251413,1.487325449683552,1.007773990472405,False
fermion_only,0.15800000000000003,1.0718550277230197,0.16935309438023713,1.4855114068520026,1.0066826927775696,False
fermion_only,0.15900000000000003,1.0718550277230197,0.17042494940796016,1.4836973973359813,1.0055915769513128,False
fermion_only,0.16000000000000003,1.0718550277230197,0.1714968044356832,1.4818834214494148,1.0045006436569466,False
fermion_only,0.16100000000000003,1.0718550277230197,0.1725686594634062,1.4800694773773992,1.003409893012623,False
fermion_only,0.16200000000000003,1.0718550277230197,0.17364051449112922,1.4782555703626077,1.0023193266802932,False
fermion_only,0.16300000000000003,1.0718550277230197,0.17471236951885225,1.4764416837649952,1.0012289417398936,False
fermion_only,0.16400000000000003,1.0718550277230197,0.17578422454657527,1.4746278370173727,1.0001387427619393,False
fermion_only,0.16500000000000004,1.0718550277230197,0.17685607957429827,1.472814023211444,0.9990487289227561,False
fermion_only,0.16600000000000004,1.0718550277230197,0.1779279346020213,1.4710002433954372,0.9979589009760079,False
fermion_only,0.16699999999999998,1.0718550277230197,0.17899978962974428,1.4691864923364495,0.9968692583771358,False
fermion_only,0.16799999999999998,1.0718550277230197,0.18007164465746728,1.4673727752960275,0.995779802827733,False
fermion_only,0.16899999999999998,1.0718550277230197,0.1811434996851903,1.465559086035828,0.9946905335713018,False
fermion_only,0.16999999999999998,1.0718550277230197,0.18221535471291334,1.4637454352135482,0.9936014533471874,False
fermion_only,0.17099999999999999,1.0718550277230197,0.18328720974063634,1.461931812811157,0.9925125607062742,False
fermion_only,0.172,1.0718550277230197,0.18435906476835937,1.4601182252518274,0.991423857571298,False
fermion_only,0.173,1.0718550277230197,0.1854309197960824,1.4583046724197857,0.9903353444535743,False
fermion_only,0.174,1.0718550277230197,0.1865027748238054,1.4564911480929643,0.9892470206370889,False
fermion_only,0.175,1.0718550277230197,0.18757462985152842,1.4546776585775856,0.9881588880219869,False
fermion_only,0.176,1.0718550277230197,0.18864648487925145,1.452864199835746,0.9870709463526324,False
fermion_only,0.177,1.0718550277230197,0.18971833990697448,1.4510507764440739,0.9859831971617166,False
fermion_only,0.178,1.0718550277230197,0.19079019493469748,1.4492373771361144,0.9848956387150316,False
fermion_only,0.179,1.0718550277230197,0.1918620499624205,1.4474240173051323,0.9838082747795741,False
fermion_only,0.18,1.0718550277230197,0.19293390499014354,1.4456106937902113,0.9827211053203628,False
fermion_only,0.181,1.0718550277230197,0.19400576001786654,1.4437973927968306,0.981634127998292,False
fermion_only,0.182,1.0718550277230197,0.19507761504558957,1.4419841282405255,0.9805473463883979,False
fermion_only,0.183,1.0718550277230197,0.1961494700733126,1.440170896222348,0.9794607602565962,False
fermion_only,0.184,1.0718550277230197,0.19722132510103563,1.4383577012118565,0.9783743711113868,False
fermion_only,0.185,1.0718550277230197,0.19829318012875863,1.43654453025015,0.9772881768499806,False
fermion_only,0.186,1.0718550277230197,0.19936503515648166,1.4347313964200525,0.9762021808646867,False
fermion_only,0.187,1.0718550277230197,0.20043689018420469,1.4329182978299437,0.9751163833325239,False
fermion_only,0.188,1.0718550277230197,0.2015087452119277,1.4311052230563392,0.9740307824811035,False
fermion_only,0.189,1.0718550277230197,0.20258060023965072,1.4292921854206275,0.9729453817377439,False
fermion_only,0.19,1.0718550277230197,0.20365245526737374,1.4274791833646328,0.9718601813589051,False
fermion_only,0.191,1.0718550277230197,0.20472431029509675,1.4256662104110251,0.9707751806317897,False
fermion_only,0.192,1.0718550277230197,0.20579616532281977,1.423853268783426,0.96969038065948,False
fermion_only,0.193,1.0718550277230197,0.2068680203505428,1.4220403606646004,0.9686057824864805,False
fermion_only,0.194,1.0718550277230197,0.20793987537826583,1.4202274888080568,0.96752138734816,False
fermion_only,0.195,1.0718550277230197,0.20901173040598883,1.4184146428913191,0.9664371937050359,False
fermion_only,0.196,1.0718550277230197,0.21008358543371186,1.4166018334115016,0.9653532044089685,False
fermion_only,0.197,1.0718550277230197,0.2111554404614349,1.4147890525978868,0.9642694184636281,False
fermion_only,0.198,1.0718550277230197,0.2122272954891579,1.412976309005387,0.9631858382666283,False
fermion_only,0.199,1.0718550277230197,0.21329915051688092,1.411163595423659,0.9621024629681405,False
fermion_only,0.2,1.0718550277230197,0.21437100554460395,1.4093509126407167,0.9610192934352045,False
fermion_only,0.201,1.0718550277230197,0.21544286057232698,1.4075382625725608,0.9599363306517826,False
fermion_only,0.202,1.0718550277230197,0.21651471560004998,1.4057256476113222,0.9588535757718303,False
fermion_only,0.203,1.0718550277230197,0.217586570627773,1.4039130630655539,0.9577710285134969,False
fermion_only,0.20400000000000001,1.0718550277230197,0.21865842565549604,1.4021005120691266,0.9566886901624652,False
fermion_only,0.20500000000000002,1.0718550277230197,0.21973028068321904,1.4002879902907273,0.9556065604589773,False
fermion_only,0.20600000000000002,1.0718550277230197,0.22080213571094207,1.3984755076368316,0.95452464214821,False
fermion_only,0.20700000000000002,1.0718550277230197,0.2218739907386651,1.3966630474922859,0.9534429324158046,False
fermion_only,0.20800000000000002,1.0718550277230197,0.2229458457663881,1.3948506263521843,0.9523614354195472,False
fermion_only,0.20900000000000002,1.0718550277230197,0.22401770079411112,1.3930382400420216,0.9512801509200024,False
fermion_only,0.21000000000000002,1.0718550277230197,0.22508955582183415,1.3912258801560329,0.9501990778510178,False
fermion_only,0.21100000000000002,1.0718550277230197,0.22616141084955718,1.3894135560646559,0.9491182188350863,False
fermion_only,0.21200000000000002,1.0718550277230197,0.22723326587728018,1.3876012626102385,0.9480375734585896,False
fermion_only,0.21300000000000002,1.0718550277230197,0.2283051209050032,1.3857890000620987,0.9469571425107438,False
fermion_only,0.21400000000000002,1.0718550277230197,0.22937697593272624,1.3839767720813745,0.9458769274071472,False
fermion_only,0.21500000000000002,1.0718550277230197,0.23044883096044924,1.3821645772974955,0.9447969285702409,False
fermion_only,0.21600000000000003,1.0718550277230197,0.23152068598817227,1.3803524189679006,0.9437171473593657,False
fermion_only,0.21700000000000003,1.0718550277230197,0.2325925410158953,1.378540283361862,0.9426375815932938,False
fermion_only,0.21800000000000003,1.0718550277230197,0.23366439604361833,1.3767281834174527,0.9415582346813097,False
fermion_only,0.21900000000000003,1.0718550277230197,0.23473625107134133,1.3749161190933057,0.9404791073185874,False
fermion_only,0.22000000000000003,1.0718550277230197,0.23580810609906436,1.3731040831757024,0.9394001987104359,False
fermion_only,0.22100000000000003,1.0718550277230197,0.2368799611267874,1.371292082820763,0.9383215110871375,False
fermion_only,0.22200000000000003,1.0718550277230197,0.2379518161545104,1.3694801158573577,0.937243044638989,False
fermion_only,0.22300000000000003,1.0718550277230197,0.23902367118223342,1.3676681790879774,0.9361647994226909,False
fermion_only,0.22400000000000003,1.0718550277230197,0.24009552620995644,1.365856273062671,0.9350867763284,False
fermion_only,0.22500000000000003,1.0718550277230197,0.24116738123767945,1.3640444015799336,0.9340089768154226,False
fermion_only,0.22600000000000003,1.0718550277230197,0.24223923626540247,1.3622325606102326,0.9329314007779744,False
fermion_only,0.22700000000000004,1.0718550277230197,0.2433110912931255,1.3604207533018942,0.9318540496219939,False
fermion_only,0.22800000000000004,1.0718550277230197,0.24438294632084853,1.3586089764601628,0.9307769233945747,False
fermion_only,0.22900000000000004,1.0718550277230197,0.24545480134857153,1.3567972367517722,0.9297000242029171,False
fermion_only,0.22999999999999998,1.0718550277230197,0.2465266563762945,1.354985526804442,0.9286233512899766,False
fermion_only,0.23099999999999998,1.0718550277230197,0.24759851140401753,1.3531738476751487,0.927546905591192,False
fermion_only,0.23199999999999998,1.0718550277230197,0.24867036643174054,1.3513622028460626,0.9264706885110471,False
fermion_only,0.23299999999999998,1.0718550277230197,0.24974222145946356,1.3495505906305993,0.9253947005707387,False
fermion_only,0.23399999999999999,1.0718550277230197,0.25081407648718657,1.3477390066847894,0.9243189415351528,False
fermion_only,0.235,1.0718550277230197,0.2518859315149096,1.3459274609515237,0.9232434142190532,False
fermion_only,0.236,1.0718550277230197,0.2529577865426326,1.3441159435363392,0.9221681173435865,False
fermion_only,0.237,1.0718550277230197,0.2540296415703556,1.342304458784116,0.9210930526016694,False
fermion_only,0.238,1.0718550277230197,0.2551014965980787,1.3404930073549037,0.920018220819185,False
fermion_only,0.239,1.0718550277230197,0.2561733516258017,1.3386815898080329,0.9189436229458676,False
fermion_only,0.24,1.0718550277230197,0.2572452066535247,1.3368702005032373,0.9178692585393127,False
fermion_only,0.241,1.0718550277230197,0.25831706168124774,1.3350588477002212,0.9167951301334332,False
fermion_only,0.242,1.0718550277230197,0.25938891670897074,1.3332475263284627,0.9157212373827961,False
fermion_only,0.243,1.0718550277230197,0.2604607717366938,1.3314362372403021,0.9146475813192281,False
fermion_only,0.244,1.0718550277230197,0.2615326267644168,1.3296249805147875,0.9135741626921147,False
fermion_only,0.245,1.0718550277230197,0.2626044817921398,1.327813758311125,0.9125009827327142,False
fermion_only,0.246,1.0718550277230197,0.26367633681986286,1.3260025622347626,0.9114280405529637,False
fermion_only,0.247,1.0718550277230197,0.26474819184758586,1.3241913998614852,0.9103553384165856,False
fermion_only,0.248,1.0718550277230197,0.26582004687530886,1.3223802747731161,0.9092828779422173,False
fermion_only,0.249,1.0718550277230197,0.2668919019030319,1.3205691789726748,0.908210658267629,False
fermion_only,0.25,1.0718550277230197,0.2679637569307549,1.318758115866081,0.9071386808693476,False
fermion_only,0.251,1.0718550277230197,0.2690356119584779,1.316947084124287,0.9060669463008201,False
fermion_only,0.252,1.0718550277230197,0.270107466986201,1.315136087553781,0.9049954561534634,False
fermion_only,0.253,1.0718550277230197,0.271179322013924,1.313325116184827,0.9039242092041568,False
fermion_only,0.254,1.0718550277230197,0.272251177041647,1.3115141840323474,0.9028532091469721,False
fermion_only,0.255,1.0718550277230197,0.27332303206937003,1.3097032888460536,0.9017824563486737,False
fermion_only,0.256,1.0718550277230197,0.27439488709709303,1.3078924162517769,0.9007119486477098,False
fermion_only,0.257,1.0718550277230197,0.27546674212481603,1.3060815815811866,0.8996416900470972,False
fermion_only,0.258,1.0718550277230197,0.2765385971525391,1.3042707711289792,0.8985716785623906,False
fermion_only,0.259,1.0718550277230197,0.2776104521802621,1.3024600016106058,0.8975019184933698,False
fermion_only,0.26,1.0718550277230197,0.27868230720798515,1.3006492594664243,0.8964324078877702,False
fermion_only,0.261,1.0718550277230197,0.27975416223570815,1.2988385498603927,0.8953631486061144,False
fermion_only,0.262,1.0718550277230197,0.28082601726343115,1.297027878649848,0.8942941427441379,False
fermion_only,0.263,1.0718550277230197,0.2818978722911542,1.2952172337111545,0.8932253886517646,False
fermion_only,0.264,1.0718550277230197,0.2829697273188772,1.2934066252072052,0.8921568893014784,False
fermion_only,0.265,1.0718550277230197,0.2840415823466002,1.291596048700283,0.8910886445767584,False
fermion_only,0.266,1.0718550277230197,0.28511343737432326,1.2897855014899928,0.8900206548748679,False
fermion_only,0.267,1.0718550277230197,0.28618529240204627,1.2879749881243407,0.8889529218952283,False
fermion_only,0.268,1.0718550277230197,0.28725714742976927,1.2861645072167693,0.8878854463283263,False
fermion_only,0.269,1.0718550277230197,0.2883290024574923,1.2843540588806768,0.8868182289973298,False
fermion_only,0.27,1.0718550277230197,0.2894008574852153,1.282543641381162,0.8857512704656462,False
fermion_only,0.271,1.0718550277230197,0.2904727125129383,1.2807332561447726,0.8846845719034279,False
fermion_only,0.272,1.0718550277230197,0.2915445675406614,1.2789229066213714,0.8836181349462329,False
fermion_only,0.273,1.0718550277230197,0.2926164225683844,1.2771125868162647,0.8825519591514865,False
fermion_only,0.274,1.0718550277230197,0.2936882775961074,1.275302296338987,0.8814860454449716,False
fermion_only,0.275,1.0718550277230197,0.29476013262383044,1.2734920451461518,0.8804203967245192,False
fermion_only,0.276,1.0718550277230197,0.29583198765155344,1.2716818223785786,0.8793550116456991,False
fermion_only,0.277,1.0718550277230197,0.2969038426792765,1.2698716302479207,0.8782898916222296,False
fermion_only,0.278,1.0718550277230197,0.2979756977069995,1.268061476729354,0.8772250392076435,False
fermion_only,0.279,1.0718550277230197,0.2990475527347225,1.2662513475251824,0.8761604522751326,False
fermion_only,0.28,1.0718550277230197,0.30011940776244556,1.2644412562456075,0.8750961347109105,False
fermion_only,0.281,1.0718550277230197,0.30119126279016856,1.2626311980767024,0.874032086312206,False
fermion_only,0.28200000000000003,1.0718550277230197,0.30226311781789156,1.2608211710601003,0.8729683076701604,False
fermion_only,0.28300000000000003,1.0718550277230197,0.3033349728456146,1.2590111678420834,0.8719047981882726,False
fermion_only,0.28400000000000003,1.0718550277230197,0.3044068278733376,1.2572012041926817,0.8708415620733054,False
fermion_only,0.28500000000000003,1.0718550277230197,0.3054786829010606,1.2553912792562905,0.8697786000711168,False
fermion_only,0.28600000000000003,1.0718550277230197,0.3065505379287837,1.2535813752504232,0.8687159094741824,False
fermion_only,0.28700000000000003,1.0718550277230197,0.3076223929565067,1.2517715107185357,0.8676534950649596,False
fermion_only,0.28800000000000003,1.0718550277230197,0.3086942479842297,1.2499616730832885,0.8665913551787068,False
fermion_only,0.28900000000000003,1.0718550277230197,0.30976610301195273,1.2481518733318708,0.8655294930692781,False
fermion_only,0.29000000000000004,1.0718550277230197,0.31083795803967573,1.2463421023351184,0.8644679078005518,False
fermion_only,0.29100000000000004,1.0718550277230197,0.31190981306739873,1.2445323637738426,0.863406601129788,False
fermion_only,0.29200000000000004,1.0718550277230197,0.3129816680951218,1.2427226574176276,0.8623455739441369,False
fermion_only,0.29300000000000004,1.0718550277230197,0.3140535231228448,1.2409129884132675,0.8612848283082809,False
fermion_only,0.29400000000000004,1.0718550277230197,0.31512537815056785,1.2391033479326907,0.8602243634069908,False
fermion_only,0.29500000000000004,1.0718550277230197,0.31619723317829085,1.23729373821575,0.859164180680087,False
fermion_only,0.29600000000000004,1.0718550277230197,0.31726908820601385,1.23548415895669,0.8581042810206653,False
fermion_only,0.29700000000000004,1.0718550277230197,0.3183409432337369,1.2336746188378545,0.8570446672167303,False
fermion_only,0.29800000000000004,1.0718550277230197,0.3194127982614599,1.2318651067404485,0.8559853380431774,False
fermion_only,0.29900000000000004,1.0718550277230197,0.3204846532891829,1.2300556253937778,0.8549262949970635,False
fermion_only,0.30000000000000004,1.0718550277230197,0.32155650831690596,1.2282461861581107,0.853867541484679,False
fermion_only,0.30100000000000005,1.0718550277230197,0.32262836334462897,1.2264367681742883,0.8528090741792486,False
fermion_only,0.30200000000000005,1.0718550277230197,0.32370021837235197,1.22462738427076,0.8517508967704582,False
fermion_only,0.30300000000000005,1.0718550277230197,0.324772073400075,1.2228180359342478,0.8506930105876722,False
fermion_only,0.30400000000000005,1.0718550277230197,0.325843928427798,1.2210087182817464,0.8496354156587851,False
fermion_only,0.30500000000000005,1.0718550277230197,0.326915783455521,1.2191994322110933,0.8485781132100974,False
fermion_only,0.30600000000000005,1.0718550277230197,0.3279876384832441,1.2173901791543429,0.8475211045432522,False
fermion_only,0.30700000000000005,1.0718550277230197,0.3290594935109671,1.2155809559141861,0.8464643900828944,False
fermion_only,0.30800000000000005,1.0718550277230197,0.3301313485386901,1.2137717719295171,0.8454079728016374,False
fermion_only,0.30900000000000005,1.0718550277230197,0.33120320356641314,1.211962614728468,0.8443518512025878,False
fermion_only,0.31000000000000005,1.0718550277230197,0.33227505859413614,1.2101534928392166,0.8432960280748892,False
fermion_only,0.31100000000000005,1.0718550277230197,0.3333469136218592,1.2083443976931063,0.8422405027390195,False
fermion_only,0.31200000000000006,1.0718550277230197,0.3344187686495822,1.2065353402240797,0.8411852785195963,False
fermion_only,0.31300000000000006,1.0718550277230197,0.3354906236773052,1.204726313136284,0.8401303549985794,False
fermion_only,0.31400000000000006,1.0718550277230197,0.33656247870502826,1.2029173178231822,0.8390757334925701,False
fermion_only,0.31500000000000006,1.0718550277230197,0.33763433373275126,1.2011083613211904,0.8380214166036848,False
fermion_only,0.31600000000000006,1.0718550277230197,0.33870618876047426,1.1992994272662427,0.8369674020285766,False
fermion_only,0.31700000000000006,1.0718550277230197,0.3397780437881973,1.197490533018275,0.8359136943841871,False
fermion_only,0.31800000000000006,1.0718550277230197,0.3408498988159203,1.1956816656167435,0.8348602921830894,False
fermion_only,0.31900000000000006,1.0718550277230197,0.3419217538436433,1.1938728374174312,0.8338071989971643,False
fermion_only,0.32000000000000006,1.0718550277230197,0.3429936088713664,1.1920640359818657,0.8327544134890709,False
fermion_only,0.32100000000000006,1.0718550277230197,0.3440654638990894,1.190255265966611,0.8317019376068571,False
fermion_only,0.32200000000000006,1.0718550277230197,0.3451373189268124,1.1884465316769788,0.8306497734574034,False
fermion_only,0.32300000000000006,1.0718550277230197,0.34620917395453543,1.1866378255444232,0.8295979205378381,False
fermion_only,0.32400000000000007,1.0718550277230197,0.34728102898225843,1.1848291548724132,0.828546381525016,False
fermion_only,0.32500000000000007,1.0718550277230197,0.34835288400998143,1.1830205160269003,0.827495156792449,False
fermion_only,0.32600000000000007,1.0718550277230197,0.3494247390377045,1.1812119103636443,0.8264442477663756,False
fermion_only,0.32699999999999996,1.0718550277230197,0.3504965940654274,1.1794033354606714,0.8253936551001946,False
fermion_only,0.32799999999999996,1.0718550277230197,0.3515684490931504,1.17759479038555,0.8243433797706906,False
fermion_only,0.32899999999999996,1.0718550277230197,0.35264030412087344,1.1757862859966384,0.82329342513768,False
fermion_only,0.32999999999999996,1.0718550277230197,0.35371215914859644,1.1739778072044071,0.8222437893068574,False
fermion_only,0.33099999999999996,1.0718550277230197,0.35478401417631944,1.1721693614375583,0.8211944749194375,False
fermion_only,0.33199999999999996,1.0718550277230197,0.3558558692040425,1.1703609474636556,0.8201454829649053,False
fermion_only,0.33299999999999996,1.0718550277230197,0.3569277242317655,1.1685525655091622,0.8190968146414256,False
fermion_only,0.33399999999999996,1.0718550277230197,0.35799957925948855,1.1667442171861442,0.8180484714698593,False
fermion_only,0.33499999999999996,1.0718550277230197,0.35907143428721155,1.1649359001862702,0.8170004541233866,False
fermion_only,0.33599999999999997,1.0718550277230197,0.36014328931493456,1.163127618833193,0.8159527647549972,False
fermion_only,0.33699999999999997,1.0718550277230197,0.3612151443426576,1.1613193697624036,0.8149054038740461,False
fermion_only,0.33799999999999997,1.0718550277230197,0.3622869993703806,1.1595111476122355,0.8138583715472884,False
fermion_only,0.33899999999999997,1.0718550277230197,0.3633588543981036,1.1577029590676524,0.8128116703822315,False
fermion_only,0.33999999999999997,1.0718550277230197,0.36443070942582667,1.1558948092075916,0.8117653026628274,False
fermion_only,0.34099999999999997,1.0718550277230197,0.36550256445354967,1.1540866813402495,0.8107192661794109,False
fermion_only,0.34199999999999997,1.0718550277230197,0.3665744194812727,1.1522785922419176,0.8096735656358375,False
fermion_only,0.34299999999999997,1.0718550277230197,0.36764627450899573,1.1504705385807723,0.8086282015694648,False
fermion_only,0.344,1.0718550277230197,0.36871812953671873,1.1486625092400393,0.8075831728807007,False
fermion_only,0.345,1.0718550277230197,0.36978998456444173,1.146854517266882,0.8065384835938905,False
fermion_only,0.346,1.0718550277230197,0.3708618395921648,1.145046558514462,0.8054941341013975,False
fermion_only,0.347,1.0718550277230197,0.3719336946198878,1.1432386357759006,0.8044501261612532,False
fermion_only,0.348,1.0718550277230197,0.3730055496476108,1.1414307330091855,0.8034064578775651,False
fermion_only,0.349,1.0718550277230197,0.37407740467533385,1.1396228698794753,0.8023631344625056,False
fermion_only,0.35,1.0718550277230197,0.37514925970305685,1.1378150371247564,0.8013201553315087,False
fermion_only,0.351,1.0718550277230197,0.3762211147307799,1.1360072416216171,0.800277523200729,False
fermion_only,0.352,1.0718550277230197,0.3772929697585029,1.134199473077091,0.7992352372348595,False
fermion_only,0.353,1.0718550277230197,0.3783648247862259,1.1323917376516057,0.7981933000416566,False
fermion_only,0.354,1.0718550277230197,0.37943667981394896,1.1305840353876162,0.7971517128574651,False
fermion_only,0.355,1.0718550277230197,0.38050853484167196,1.128776365401718,0.7961104768755559,False
fermion_only,0.356,1.0718550277230197,0.38158038986939496,1.126968731548228,0.7950695941856608,False
fermion_only,0.357,1.0718550277230197,0.382652244897118,1.1251611231448022,0.7940290639323334,False
fermion_only,0.358,1.0718550277230197,0.383724099924841,1.123353549377204,0.7929888893392808,False
fermion_only,0.359,1.0718550277230197,0.384795954952564,1.1215460082051765,0.7919490713357556,False
fermion_only,0.36,1.0718550277230197,0.3858678099802871,1.119738495064948,0.7909096103280813,False
fermion_only,0.361,1.0718550277230197,0.3869396650080101,1.1179310236437257,0.7898705104499891,False
fermion_only,0.362,1.0718550277230197,0.3880115200357331,1.1161235796215419,0.7888317701357217,False
fermion_only,0.363,1.0718550277230197,0.38908337506345614,1.114316164730833,0.7877933911407531,False
fermion_only,0.364,1.0718550277230197,0.39015523009117914,1.1125087854317206,0.7867553761234283,False
fermion_only,0.365,1.0718550277230197,0.39122708511890214,1.1107014381471103,0.7857177257828457,False
fermion_only,0.366,1.0718550277230197,0.3922989401466252,1.108894125324511,0.784680441943162,False
fermion_only,0.367,1.0718550277230197,0.3933707951743482,1.107086838871374,0.7836435244073499,False
fermion_only,0.368,1.0718550277230197,0.39444265020207125,1.105279592155095,0.782606977232778,False
fermion_only,0.369,1.0718550277230197,0.39551450522979426,1.1034723771563115,0.7815708002572553,False
fermion_only,0.37,1.0718550277230197,0.39658636025751726,1.1016651909933062,0.7805349942729435,False
fermion_only,0.371,1.0718550277230197,0.3976582152852403,1.099858034207979,0.7794995608258767,False
fermion_only,0.372,1.0718550277230197,0.3987300703129633,1.0980509148698303,0.7784645030078083,False
fermion_only,0.373,1.0718550277230197,0.3998019253406863,1.0962438214085601,0.7774298198664626,False
fermion_only,0.374,1.0718550277230197,0.40087378036840937,1.09443676598866,0.7763955153417564,False
fermion_only,0.375,1.0718550277230197,0.4019456353961324,1.092629742478457,0.7753615896179528,False
fermion_only,0.376,1.0718550277230197,0.4030174904238554,1.0908227477024024,0.7743280435161073,False
fermion_only,0.377,1.0718550277230197,0.40408934545157843,1.0890157937500478,0.7732948809453505,False
fermion_only,0.378,1.0718550277230197,0.40516120047930143,1.0872088628412602,0.7722620998153694,False
fermion_only,0.379,1.0718550277230197,0.40623305550702443,1.0854019639683576,0.7712297033590043,False
fermion_only,0.38,1.0718550277230197,0.4073049105347475,1.0835951048556725,0.7701976946836843,False
fermion_only,0.381,1.0718550277230197,0.4083767655624705,1.0817882728008765,0.7691660726944527,False
fermion_only,0.382,1.0718550277230197,0.4094486205901935,1.0799814763201354,0.7681348406341542,False
fermion_only,0.383,1.0718550277230197,0.41052047561791655,1.0781747068242087,0.7671039982229678,False
fermion_only,0.384,1.0718550277230197,0.41159233064563955,1.0763679749041133,0.7660735491648631,False
fermion_only,0.385,1.0718550277230197,0.4126641856733626,1.0745612728269904,0.7650434934254142,False
fermion_only,0.386,1.0718550277230197,0.4137360407010856,1.072754603771564,0.7640138331486281,False
fermion_only,0.387,1.0718550277230197,0.4148078957288086,1.070947966167357,0.7629845695682447,False
fermion_only,0.388,1.0718550277230197,0.41587975075653166,1.0691413592433419,0.7619557040769774,False
fermion_only,0.389,1.0718550277230197,0.41695160578425466,1.0673347897968366,0.7609272396194383,False
fermion_only,0.39,1.0718550277230197,0.41802346081197767,1.0655282443721825,0.7598991750208373,False
fermion_only,0.391,1.0718550277230197,0.4190953158397007,1.0637217378669295,0.7588715148642524,False
fermion_only,0.392,1.0718550277230197,0.4201671708674237,1.0619152609331772,0.7578442588251812,False
fermion_only,0.393,1.0718550277230197,0.4212390258951467,1.0606092953943547,0.7568174097404359,False
fermion_only,0.394,1.0718550277230197,0.4223108809228698,1.0597365185035512,0.7557909682194337,False
fermion_only,0.395,1.0718550277230197,0.4233827359505928,1.0588637595166706,0.7547649350579386,False
fermion_only,0.396,1.0718550277230197,0.4244545909783158,1.0579910187800357,0.7537393140081614,False
fermion_only,0.397,1.0718550277230197,0.42552644600603884,1.0571182960063652,0.7527141066432094,False
fermion_only,0.398,1.0718550277230197,0.42659830103376184,1.056245591221372,0.7516893115240104,False
fermion_only,0.399,1.0718550277230197,0.42767015606148484,1.0553729044837645,0.7506649337271483,False
fermion_only,0.4,1.0718550277230197,0.4287420110892079,1.0545002357727151,0.7496409732683217,False
fermion_only,0.401,1.0718550277230197,0.4298138661169309,1.0536275852288224,0.7486174318304443,False
fermion_only,0.402,1.0718550277230197,0.43088572114465395,1.052754952474233,0.747594311031755,False
fermion_only,0.403,1.0718550277230197,0.43195757617237696,1.0518823380844866,0.7465716135692643,False
fermion_only,0.404,1.0718550277230197,0.43302943120009996,1.051009741451625,0.7455493394115792,False
fermion_only,0.405,1.0718550277230197,0.434101286227823,1.0501371628881317,0.7445274923433463,False
fermion_only,0.406,1.0718550277230197,0.435173141255546,1.0492646025543229,0.7435060716675755,False
fermion_only,0.40700000000000003,1.0718550277230197,0.436244996283269,1.0483920601503716,0.7424850812648781,False
fermion_only,0.40800000000000003,1.0718550277230197,0.43731685131099207,1.0475195357767753,0.7414645212230021,False
fermion_only,0.40900000000000003,1.0718550277230197,0.4383887063387151,1.0466470292427976,0.7404443948436134,False
fermion_only,0.41000000000000003,1.0718550277230197,0.4394605613664381,1.0457745408846586,0.7394247021324736,False
fermion_only,0.41100000000000003,1.0718550277230197,0.44053241639416113,1.044902070706577,0.7384054459812749,False
fermion_only,0.41200000000000003,1.0718550277230197,0.44160427142188413,1.0440296183516162,0.7373866274259515,False
fermion_only,0.41300000000000003,1.0718550277230197,0.44267612644960713,1.0431571840121112,0.7363682494159585,False
fermion_only,0.41400000000000003,1.0718550277230197,0.4437479814773302,1.0422847679349534,0.7353503121274827,False
fermion_only,0.41500000000000004,1.0718550277230197,0.4448198365050532,1.0414123695767774,0.7343328185690595,False
fermion_only,0.41600000000000004,1.0718550277230197,0.4458916915327762,1.040539989324607,0.7333157696748254,False
fermion_only,0.41700000000000004,1.0718550277230197,0.44696354656049925,1.0396676271684502,0.7322991685237047,False
fermion_only,0.41800000000000004,1.0718550277230197,0.44803540158822225,1.0387952831597769,0.7312830149487707,False
fermion_only,0.41900000000000004,1.0718550277230197,0.4491072566159453,1.0379229569031478,0.7302673121637564,False
fermion_only,0.42000000000000004,1.0718550277230197,0.4501791116436683,1.0370506488470488,0.7292520616995237,False
fermion_only,0.42100000000000004,1.0718550277230197,0.4512509666713913,1.0361783587905071,0.7282372652702799,False
fermion_only,0.42200000000000004,1.0718550277230197,0.45232282169911436,1.0353060865398778,0.7272229242500388,False
fermion_only,0.42300000000000004,1.0718550277230197,0.45339467672683736,1.0344338325887215,0.7262090423884431,False
fermion_only,0.42400000000000004,1.0718550277230197,0.45446653175456037,1.0335615966640566,0.7251956188146722,False
fermion_only,0.42500000000000004,1.0718550277230197,0.4555383867822834,1.0326893785865154,0.724182656838987,False
fermion_only,0.42600000000000005,1.0718550277230197,0.4566102418100064,1.0318171785115515,0.7231701587880165,False
fermion_only,0.42700000000000005,1.0718550277230197,0.4576820968377294,1.0309449964925,0.7221581266114419,False
fermion_only,0.42800000000000005,1.0718550277230197,0.4587539518654525,1.0300728324905029,0.7211465600219605,False
fermion_only,0.42900000000000005,1.0718550277230197,0.4598258068931755,1.0292006865977088,0.7201354632576188,False
fermion_only,0.43000000000000005,1.0718550277230197,0.4608976619208985,1.0283285586267787,0.7191248378325825,False
fermion_only,0.43100000000000005,1.0718550277230197,0.46196951694862154,1.0274564486297821,0.7181146856859287,False
fermion_only,0.43200000000000005,1.0718550277230197,0.46304137197634454,1.026584356600213,0.7171050077969799,False
fermion_only,0.43300000000000005,1.0718550277230197,0.46411322700406754,1.0257122828152054,0.7160958058649096,False
fermion_only,0.43400000000000005,1.0718550277230197,0.4651850820317906,1.024840226900836,0.7150870831212061,False
fermion_only,0.43500000000000005,1.0718550277230197,0.4662569370595136,1.023968188965485,0.7140788418971905,False
fermion_only,0.43600000000000005,1.0718550277230197,0.46732879208723666,1.0230961689710938,0.7130710824553549,False
fermion_only,0.43700000000000006,1.0718550277230197,0.46840064711495966,1.0222241670310162,0.7120638072552677,False
fermion_only,0.43800000000000006,1.0718550277230197,0.46947250214268266,1.0213521831349492,0.7110570202544365,False
fermion_only,0.43900000000000006,1.0718550277230197,0.4705443571704057,1.0204802172947947,0.7100507210135416,False
fermion_only,0.44000000000000006,1.0718550277230197,0.4716162121981287,1.0196082693378017,0.7090449125643942,False
fermion_only,0.44100000000000006,1.0718550277230197,0.4726880672258517,1.0187363393967974,0.7080395960751786,False
fermion_only,0.44200000000000006,1.0718550277230197,0.4737599222535748,1.0178644275099957,0.7070347756022226,False
fermion_only,0.44300000000000006,1.0718550277230197,0.4748317772812978,1.0169925336005026,0.7060304510466907,False
fermion_only,0.44400000000000006,1.0718550277230197,0.4759036323090208,1.0161206576757342,0.7050266251107629,False
fermion_only,0.44500000000000006,1.0718550277230197,0.47697548733674383,1.0152487998430937,0.70402330070554,False
fermion_only,0.44600000000000006,1.0718550277230197,0.47804734236446683,1.0143769598743635,0.7030204796163854,False
fermion_only,0.44700000000000006,1.0718550277230197,0.47911919739218983,1.0135051380638194,0.7020181626364135,False
fermion_only,0.44800000000000006,1.0718550277230197,0.4801910524199129,1.0126333339983473,0.7010163526485963,False
fermion_only,0.44900000000000007,1.0718550277230197,0.4812629074476359,1.0117615481764153,0.7000150531763353,False
fermion_only,0.45000000000000007,1.0718550277230197,0.4823347624753589,1.0108897801680783,0.6990142641544023,False
fermion_only,0.45100000000000007,1.0718550277230197,0.48340661750308195,1.0100180302915263,0.6980139883990613,False
fermion_only,0.45200000000000007,1.0718550277230197,0.48447847253080495,1.0091462984169075,0.6970142292364618,False
fermion_only,0.45300000000000007,1.0718550277230197,0.485550327558528,1.0082745843233543,0.6960149877143368,False
fermion_only,0.45399999999999996,1.0718550277230197,0.4866221825862509,1.0074028884176744,0.6950162664810254,False
fermion_only,0.45499999999999996,1.0718550277230197,0.4876940376139739,1.0065312103152202,0.6940180658975497,False
fermion_only,0.45599999999999996,1.0718550277230197,0.4887658926416969,1.0056595504284616,0.693020391327132,False
fermion_only,0.45699999999999996,1.0718550277230197,0.48983774766941995,1.0047879084437827,0.6920232424185083,False
fermion_only,0.45799999999999996,1.0718550277230197,0.49090960269714295,1.003916284411921,0.6910266229563823,False
fermion_only,0.45899999999999996,1.0718550277230197,0.491981457724866,1.0030446783436675,0.6900305334117931,False
fermion_only,0.45999999999999996,1.0718550277230197,0.493053312752589,1.0021730903705395,0.6890349786667108,False
fermion_only,0.46099999999999997,1.0718550277230197,0.494125167780312,1.0013015202392284,0.6880399580996741,False
fermion_only,0.46199999999999997,1.0718550277230197,0.49519702280803507,1.0004299681332762,0.6870454759504555,False
fermion_only,0.46299999999999997,1.0718550277230197,0.49626887783575807,0.9995584340600105,0.6860515326545039,True
fermion_only,0.46399999999999997,1.0718550277230197,0.49734073286348107,0.9986869179428481,0.6850581334377803,True
fermion_only,0.46499999999999997,1.0718550277230197,0.49841258789120413,0.9978154199052902,0.6840652771551179,True
fermion_only,0.46599999999999997,1.0718550277230197,0.49948444291892713,0.9969439397019553,0.6830729687356093,True
fermion_only,0.46699999999999997,1.0718550277230197,0.5005562979466501,0.9960724773626417,0.6820812101059144,True
fermion_only,0.46799999999999997,1.0718550277230197,0.5016281529743731,0.9952010331147676,0.6810900021633736,True
fermion_only,0.469,1.0718550277230197,0.5027000080020962,0.9943296069064189,0.6800993480647166,True
fermion_only,0.47,1.0718550277230197,0.5037718630298192,0.9934581988504609,0.6791092497595403,True
fermion_only,0.471,1.0718550277230197,0.5048437180575422,0.9925868084194045,0.6781197108807764,True
fermion_only,0.472,1.0718550277230197,0.5059155730852652,0.9917154360657543,0.6771307327861472,True
fermion_only,0.473,1.0718550277230197,0.5069874281129882,0.9908440819675901,0.6761423185543646,True
fermion_only,0.474,1.0718550277230197,0.5080592831407112,0.989972745422607,0.6751544698550968,True
fermion_only,0.475,1.0718550277230197,0.5091311381684344,0.9891014270928311,0.6741671889558128,True
fermion_only,0.476,1.0718550277230197,0.5102029931961574,0.9882301265767612,0.673180479416598,True
fermion_only,0.477,1.0718550277230197,0.5112748482238804,0.987358844220454,0.6721943427218587,True
fermion_only,0.478,1.0718550277230197,0.5123467032516034,0.9864875797463091,0.6712087808395648,True
fermion_only,0.479,1.0718550277230197,0.5134185582793264,0.9856163333338941,0.6702237986185829,True
fermion_only,0.48,1.0718550277230197,0.5144904133070494,0.9847451048225597,0.6692393953938232,True
fermion_only,0.481,1.0718550277230197,0.5155622683347725,0.9838738941282399,0.6682555743063635,True
fermion_only,0.482,1.0718550277230197,0.5166341233624955,0.9830027015450993,0.6672723406002351,True
fermion_only,0.483,1.0718550277230197,0.5177059783902185,0.9821315267394493,0.6662896943246833,True
fermion_only,0.484,1.0718550277230197,0.5187778334179415,0.9812603701066402,0.6653076383982197,True
fermion_only,0.485,1.0718550277230197,0.5198496884456645,0.980389231333878,0.6643261756848914,True
fermion_only,0.486,1.0718550277230197,0.5209215434733876,0.9795181106852402,0.6633453084288011,True
fermion_only,0.487,1.0718550277230197,0.5219933985011106,0.9786470078731568,0.6623650400531753,True
fermion_only,0.488,1.0718550277230197,0.5230652535288336,0.9777759229077532,0.6613853713021284,True
fermion_only,0.489,1.0718550277230197,0.5241371085565566,0.976904856154559,0.6604063078970218,True
fermion_only,0.49,1.0718550277230197,0.5252089635842796,0.976033807170329,0.6594278488638721,True
fermion_only,0.491,1.0718550277230197,0.5262808186120026,0.9751627760447468,0.658449999784671,True
fermion_only,0.492,1.0718550277230197,0.5273526736397257,0.9742917631673675,0.6574727612708382,True
fermion_only,0.493,1.0718550277230197,0.5284245286674487,0.9734207681701745,0.6564961370701768,True
fermion_only,0.494,1.0718550277230197,0.5294963836951717,0.9725497909557124,0.6555201290408971,True
fermion_only,0.495,1.0718550277230197,0.5305682387228947,0.9716788318183678,0.654544741030357,True
fermion_only,0.496,1.0718550277230197,0.5316400937506177,0.9708078905877215,0.6535699742657746,True
fermion_only,0.497,1.0718550277230197,0.5327119487783407,0.9699369673916935,0.6525958333058535,True
fermion_only,0.498,1.0718550277230197,0.5337838038060638,0.9690660619659175,0.6516223192704208,True
fermion_only,0.499,1.0718550277230197,0.5348556588337868,0.9681951747375628,0.650649435354699,True
fermion_only,0.5,1.0718550277230197,0.5359275138615098,0.9673243054555636,0.6496771848807971,True
fermion_only,0.501,1.0718550277230197,0.5369993688892328,0.9664534538031067,0.6487055699550188,True
fermion_only,0.502,1.0718550277230197,0.5380712239169558,0.9655826203640361,0.6477345938238029,True
fermion_only,0.503,1.0718550277230197,0.5391430789446789,0.9647118048384362,0.646764258771798,True
fermion_only,0.504,1.0718550277230197,0.540214933972402,0.9638410072526415,0.6457945678352007,True
fermion_only,0.505,1.0718550277230197,0.541286789000125,0.9629702274483565,0.6448255242622566,True
fermion_only,0.506,1.0718550277230197,0.542358644027848,0.9620994657260518,0.6438571304347951,True
fermion_only,0.507,1.0718550277230197,0.543430499055571,0.9612287220494453,0.6428893895223067,True
fermion_only,0.508,1.0718550277230197,0.544502354083294,0.9603579960612452,0.6419223042420197,True
fermion_only,0.509,1.0718550277230197,0.5455742091110171,0.959487288228833,0.640955877215261,True
fermion_only,0.51,1.0718550277230197,0.5466460641387401,0.9586165983017647,0.6399901119129585,True
fermion_only,0.511,1.0718550277230197,0.5477179191664631,0.9577459262864796,0.6390250106102912,True
fermion_only,0.512,1.0718550277230197,0.5487897741941861,0.9568752721950791,0.6380605766161984,True
fermion_only,0.513,1.0718550277230197,0.5498616292219091,0.9560046360699515,0.6370968135103114,True
fermion_only,0.514,1.0718550277230197,0.5509334842496321,0.9551340177473167,0.6361337228481039,True
fermion_only,0.515,1.0718550277230197,0.5520053392773552,0.9542634175661258,0.6351713088911813,True
fermion_only,0.516,1.0718550277230197,0.5530771943050782,0.9533928352787102,0.6342095743433808,True
fermion_only,0.517,1.0718550277230197,0.5541490493328012,0.952522270748779,0.6332485214766499,True
fermion_only,0.518,1.0718550277230197,0.5552209043605242,0.9516517244016365,0.6322881541901939,True
fermion_only,0.519,1.0718550277230197,0.5562927593882472,0.950781195818462,0.6313284762122373,True
fermion_only,0.52,1.0718550277230197,0.5573646144159703,0.9499106853026129,0.6303694888003948,True
fermion_only,0.521,1.0718550277230197,0.5584364694436933,0.9490401924956204,0.6294111954196951,True
fermion_only,0.522,1.0718550277230197,0.5595083244714163,0.9481697178734594,0.6284535994763681,True
fermion_only,0.523,1.0718550277230197,0.5605801794991393,0.947299261094714,0.6274967048336716,True
fermion_only,0.524,1.0718550277230197,0.5616520345268623,0.9464288219676709,0.6265405145570453,True
fermion_only,0.525,1.0718550277230197,0.5627238895545853,0.9455584009973483,0.6255850303783304,True
fermion_only,0.526,1.0718550277230197,0.5637957445823084,0.9446879981879874,0.6246302568643388,True
fermion_only,0.527,1.0718550277230197,0.5648675996100314,0.943817612931297,0.6236761970225597,True
fermion_only,0.528,1.0718550277230197,0.5659394546377544,0.9429472457298749,0.6227228532334399,True
fermion_only,0.529,1.0718550277230197,0.5670113096654774,0.9420768964989668,0.6217702293571249,True
fermion_only,0.53,1.0718550277230197,0.5680831646932004,0.9412065650501011,0.6208183287767749,True
fermion_only,0.531,1.0718550277230197,0.5691550197209234,0.9403362516892333,0.6198671546891378,True
fermion_only,0.532,1.0718550277230197,0.5702268747486465,0.9394659561517749,0.6189167093159401,True
fermion_only,0.533,1.0718550277230197,0.5712987297763695,0.9385956785463945,0.6179669972759197,True
fermion_only,0.534,1.0718550277230197,0.5723705848040925,0.9377254190620299,0.6170180211984863,True
fermion_only,0.535,1.0718550277230197,0.5734424398318155,0.9368551771623768,0.6160697854323256,True
fermion_only,0.536,1.0718550277230197,0.5745142948595385,0.9359849534666731,0.6151222918391258,True
fermion_only,0.537,1.0718550277230197,0.5755861498872616,0.9351147475288535,0.6141755447025222,True
fermion_only,0.538,1.0718550277230197,0.5766580049149846,0.9342445594098026,0.6132295463550002,True
fermion_only,0.539,1.0718550277230197,0.5777298599427076,0.9333743892884883,0.6122843013480664,True
fermion_only,0.54,1.0718550277230197,0.5788017149704306,0.9325042372150483,0.6113398131756145,True
fermion_only,0.541,1.0718550277230197,0.5798735699981536,0.9316341030985553,0.6103960850671867,True
fermion_only,0.542,1.0718550277230197,0.5809454250258766,0.9307639868424422,0.6094531195799834,True
fermion_only,0.543,1.0718550277230197,0.5820172800535998,0.9298938883262942,0.60851092130566,True
fermion_only,0.544,1.0718550277230197,0.5830891350813228,0.929023807711693,0.6075694930546784,True
fermion_only,0.545,1.0718550277230197,0.5841609901090458,0.9281537450147592,0.6066288387334013,True
fermion_only,0.546,1.0718550277230197,0.5852328451367688,0.9272837003840184,0.6056889616230344,True
fermion_only,0.547,1.0718550277230197,0.5863047001644918,0.9264136735132933,0.6047498656177452,True
fermion_only,0.548,1.0718550277230197,0.5873765551922148,0.9255436646201209,0.6038115537077084,True
fermion_only,0.549,1.0718550277230197,0.5884484102199379,0.9246736737708039,0.6028740299529718,True
fermion_only,0.55,1.0718550277230197,0.5895202652476609,0.9238037006556787,0.6019372976133056,True
fermion_only,0.551,1.0718550277230197,0.5905921202753839,0.9229337453529274,0.6010013606136293,True
fermion_only,0.552,1.0718550277230197,0.5916639753031069,0.9220638080382537,0.6000662219300477,True
fermion_only,0.553,1.0718550277230197,0.5927358303308299,0.9211938886991344,0.5991318861339899,True
fermion_only,0.554,1.0718550277230197,0.593807685358553,0.9203239872241475,0.5981983572940269,True
fermion_only,0.555,1.0718550277230197,0.594879540386276,0.9194541037878201,0.5972656375105418,True
fermion_only,0.556,1.0718550277230197,0.595951395413999,0.9185842381718823,0.5963337311958605,True
fermion_only,0.557,1.0718550277230197,0.597023250441722,0.9177143904033125,0.5954026431519597,True
fermion_only,0.558,1.0718550277230197,0.598095105469445,0.9168445605319597,0.5944723756966549,True
fermion_only,0.559,1.0718550277230197,0.599166960497168,0.9159747484259961,0.5935429336663209,True
fermion_only,0.56,1.0718550277230197,0.6002388155248911,0.9151049544319667,0.5926143202235552,True
fermion_only,0.561,1.0718550277230197,0.6013106705526141,0.9142351781956659,0.5916865383944862,True
fermion_only,0.562,1.0718550277230197,0.6023825255803371,0.9133654199154018,0.5907595944544167,True
fermion_only,0.5630000000000001,1.0718550277230197,0.6034543806080601,0.9124956795606209,0.5898334890215126,True
fermion_only,0.5640000000000001,1.0718550277230197,0.6045262356357831,0.9116259570314922,0.588908229281855,True
fermion_only,0.5650000000000001,1.0718550277230197,0.6055980906635061,0.9107562525243029,0.587983817646244,True
fermion_only,0.5660000000000001,1.0718550277230197,0.6066699456912292,0.9098865657002797,0.5870602570448439,True
fermion_only,0.5670000000000001,1.0718550277230197,0.6077418007189522,0.9090168968372225,0.586137553212432,True
fermion_only,0.5680000000000001,1.0718550277230197,0.6088136557466752,0.908147245910218,0.5852157083586984,True
fermion_only,0.5690000000000001,1.0718550277230197,0.6098855107743982,0.907277612770363,0.5842947279954689,True
fermion_only,0.5700000000000001,1.0718550277230197,0.6109573658021212,0.9064079978342354,0.583374615981405,True
fermion_only,0.5710000000000001,1.0718550277230197,0.6120292208298443,0.9055384004398093,0.5824553745961994,True
fermion_only,0.5720000000000001,1.0718550277230197,0.6131010758575673,0.9046688210754272,0.5815370099938957,True
fermion_only,0.5730000000000001,1.0718550277230197,0.6141729308852903,0.9037992594563171,0.580619525067713,True
fermion_only,0.5740000000000001,1.0718550277230197,0.6152447859130133,0.9029297158239746,0.5797029248209318,True
fermion_only,0.5750000000000001,1.0718550277230197,0.6163166409407363,0.9020601900733505,0.5787872119668693,True
fermion_only,0.5760000000000001,1.0718550277230197,0.6173884959684593,0.9011906822314897,0.5778723927619618,True
fermion_only,0.5770000000000001,1.0718550277230197,0.6184603509961825,0.9003211922343324,0.576958469997542,True
fermion_only,0.5780000000000001,1.0718550277230197,0.6195322060239055,0.8994517201083019,0.5760454479404709,True
fermion_only,0.5790000000000001,1.0718550277230197,0.6206040610516285,0.8985822659883569,0.5751333303512493,True
fermion_only,0.5800000000000001,1.0718550277230197,0.6216759160793515,0.8977128296369763,0.5742221224829601,True
fermion_only,0.5810000000000001,1.0718550277230197,0.6227477711070745,0.8968434112162749,0.573311827625537,True
fermion_only,0.5820000000000001,1.0718550277230197,0.6238196261347975,0.8959740105878078,0.5724024510247556,True
fermion_only,0.583,1.0718550277230197,0.6248914811625205,0.8951046278183217,0.571493995985158,True
fermion_only,0.584,1.0718550277230197,0.6259633361902435,0.8942352629739414,0.5705864677645774,True
fermion_only,0.585,1.0718550277230197,0.6270351912179665,0.8933659161351803,0.5696798703934639,True
fermion_only,0.586,1.0718550277230197,0.6281070462456895,0.8924965869598678,0.5687742077589261,True
fermion_only,0.587,1.0718550277230197,0.6291789012734125,0.8916272757680588,0.567869484581346,True
fermion_only,0.588,1.0718550277230197,0.6302507563011355,0.8907579824456002,0.5669657054545965,True
fermion_only,0.589,1.0718550277230197,0.6313226113288586,0.8898887068845118,0.5660628749490644,True
fermion_only,0.59,1.0718550277230197,0.6323944663565816,0.8890194492938042,0.5651609976722887,True
fermion_only,0.591,1.0718550277230197,0.6334663213843046,0.8881502095683835,0.5642600763271409,True
fermion_only,0.592,1.0718550277230197,0.6345381764120276,0.8872809876461663,0.5633601175299475,True
fermion_only,0.593,1.0718550277230197,0.6356100314397506,0.8864117837242613,0.562461125307403,True
fermion_only,0.594,1.0718550277230197,0.6366818864674737,0.8855425974762854,0.5615631031415136,True
fermion_only,0.595,1.0718550277230197,0.6377537414951967,0.8846734292595748,0.5606660565709265,True
fermion_only,0.596,1.0718550277230197,0.6388255965229197,0.8838042789072409,0.559769991050476,True
fermion_only,0.597,1.0718550277230197,0.6398974515506427,0.8829351462966262,0.5588749097566211,True
fermion_only,0.598,1.0718550277230197,0.6409693065783657,0.8820660316967599,0.5579808177164715,True
fermion_only,0.599,1.0718550277230197,0.6420411616060887,0.8811969349025173,0.557087720702884,True
fermion_only,0.6,1.0718550277230197,0.6431130166338118,0.8803278558304983,0.5561956211478479,True
fermion_only,0.601,1.0718550277230197,0.6441848716615348,0.8794587947025256,0.5553045251574437,True
fermion_only,0.602,1.0718550277230197,0.6452567266892578,0.8785897515364516,0.5544144379148928,True
fermion_only,0.603,1.0718550277230197,0.6463285817169808,0.877720726163389,0.5535253643027909,True
fermion_only,0.604,1.0718550277230197,0.6474004367447038,0.8768517186803271,0.5526373073886379,True
fermion_only,0.605,1.0718550277230197,0.6484722917724268,0.875982728959479,0.5517502735164885,True
fermion_only,0.606,1.0718550277230197,0.6495441468001499,0.8751137571334056,0.5508642673667609,True
fermion_only,0.607,1.0718550277230197,0.6506160018278729,0.8742448031233474,0.5499792935705421,True
fermion_only,0.608,1.0718550277230197,0.6516878568555959,0.8733758670077973,0.5490953570487862,True
fermion_only,0.609,1.0718550277230197,0.6527597118833189,0.8725069488260573,0.5482124631027264,True
fermion_only,0.61,1.0718550277230197,0.6538315669110419,0.8716380483230646,0.5473306158683642,True
fermion_only,0.611,1.0718550277230197,0.654903421938765,0.8707691659127326,0.5464498213474656,True
fermion_only,0.612,1.0718550277230197,0.655975276966488,0.8699003012852868,0.5455700837269633,True
fermion_only,0.613,1.0718550277230197,0.657047131994211,0.8690314542515454,0.5446914078693195,True
fermion_only,0.614,1.0718550277230197,0.658118987021934,0.8681626253265184,0.5438137997282013,True
fermion_only,0.615,1.0718550277230197,0.659190842049657,0.8672938142514575,0.5429372648179808,True
fermion_only,0.616,1.0718550277230197,0.6602626970773801,0.866425020877104,0.5420618064262469,True
fermion_only,0.617,1.0718550277230197,0.6613345521051032,0.8655562453265819,0.5411874305977064,True
fermion_only,0.618,1.0718550277230197,0.6624064071328262,0.8646874877416888,0.5403141430256194,True
fermion_only,0.619,1.0718550277230197,0.6634782621605492,0.8638187479208081,0.5394419482230063,True
fermion_only,0.62,1.0718550277230197,0.6645501171882722,0.8629500260446177,0.5385708516501483,True
fermion_only,0.621,1.0718550277230197,0.6656219722159952,0.8620813220181933,0.5377008589368255,True
fermion_only,0.622,1.0718550277230197,0.6666938272437182,0.8612126358914729,0.5368319751377825,True
fermion_only,0.623,1.0718550277230197,0.6677656822714413,0.8603439673456892,0.5359642049716757,True
fermion_only,0.624,1.0718550277230197,0.6688375372991643,0.859475316816205,0.5350975544520326,True
fermion_only,0.625,1.0718550277230197,0.6699093923268873,0.858606684070895,0.5342320293446429,True
fermion_only,0.626,1.0718550277230197,0.6709812473546103,0.8577380692383452,0.5333676327525257,True
fermion_only,0.627,1.0718550277230197,0.6720531023823333,0.8568694720807457,0.5325043728240486,True
fermion_only,0.628,1.0718550277230197,0.6731249574100564,0.856000892964004,0.5316422549474111,True
fermion_only,0.629,1.0718550277230197,0.6741968124377794,0.8551323314772041,0.5307812820233939,True
fermion_only,0.63,1.0718550277230197,0.6752686674655024,0.8542637879561443,0.5299214616863789,True
fermion_only,0.631,1.0718550277230197,0.6763405224932254,0.8533952623219321,0.5290627980552391,True
fermion_only,0.632,1.0718550277230197,0.6774123775209484,0.8525267543934678,0.528205298777476,True
fermion_only,0.633,1.0718550277230197,0.6784842325486714,0.851658264362043,0.5273489680434905,True
fermion_only,0.634,1.0718550277230197,0.6795560875763945,0.8507897921011143,0.5264938103009513,True
fermion_only,0.635,1.0718550277230197,0.6806279426041175,0.8499213378102555,0.5256398345009383,True
fermion_only,0.636,1.0718550277230197,0.6816997976318405,0.8490529012573189,0.5247870426735881,True
fermion_only,0.637,1.0718550277230197,0.6827716526595635,0.8481844824758333,0.5239354427311035,True
fermion_only,0.638,1.0718550277230197,0.6838435076872865,0.8473160816436343,0.5230850402185223,True
fermion_only,0.639,1.0718550277230197,0.6849153627150095,0.8464476985627467,0.5222358404747935,True
fermion_only,0.64,1.0718550277230197,0.6859872177427326,0.8455793332905248,0.5213878487635251,True
fermion_only,0.641,1.0718550277230197,0.6870590727704556,0.8447109859410551,0.5205410722197376,True
fermion_only,0.642,1.0718550277230197,0.6881309277981786,0.8438426563432078,0.5196955147477931,True
fermion_only,0.643,1.0718550277230197,0.6892027828259016,0.8429743444658744,0.5188511847702578,True
fermion_only,0.644,1.0718550277230197,0.6902746378536246,0.8421060506901501,0.5180080860462858,True
fermion_only,0.645,1.0718550277230197,0.6913464928813478,0.8412377743812538,0.5171662249336287,True
fermion_only,0.646,1.0718550277230197,0.6924183479090708,0.8403695160106972,0.5163256085551257,True
fermion_only,0.647,1.0718550277230197,0.6934902029367938,0.8395012755636477,0.5154862420248231,True
fermion_only,0.648,1.0718550277230197,0.6945620579645168,0.8386330529479791,0.5146481315776344,True
fermion_only,0.649,1.0718550277230197,0.6956339129922398,0.8377648482160938,0.513811282608923,True
fermion_only,0.65,1.0718550277230197,0.6967057680199628,0.8368966610355466,0.5129757026336976,True
fermion_only,0.651,1.0718550277230197,0.6977776230476859,0.8360284917749095,0.5121413954672815,True
fermion_only,0.652,1.0718550277230197,0.6988494780754089,0.8351603404789243,0.5113083694661642,True
fermion_only,0.653,1.0718550277230197,0.6999213331031319,0.8342922067903658,0.5104766297378596,True
fermion_only,0.654,1.0718550277230197,0.7009931881308549,0.833424090910051,0.5096461832335901,True
fermion_only,0.655,1.0718550277230197,0.7020650431585779,0.8325559932637061,0.5088170356026088,True
fermion_only,0.656,1.0718550277230197,0.7031368981863009,0.8316879128178023,0.507989193947059,True
fermion_only,0.657,1.0718550277230197,0.704208753214024,0.8308198505891706,0.507162662892949,True
fermion_only,0.658,1.0718550277230197,0.705280608241747,0.8299518061692046,0.5063374495618779,True
fermion_only,0.659,1.0718550277230197,0.70635246326947,0.8290837793689221,0.5055135618256286,True
fermion_only,0.66,1.0718550277230197,0.707424318297193,0.8282157704086579,0.5046910034050377,True
fermion_only,0.661,1.0718550277230197,0.708496173324916,0.8273477792822392,0.503869783026891,True
fermion_only,0.662,1.0718550277230197,0.7095680283526391,0.8264798058303935,0.5030499054866171,True
fermion_only,0.663,1.0718550277230197,0.7106398833803621,0.8256118505804322,0.5022313781859326,True
fermion_only,0.664,1.0718550277230197,0.7117117384080851,0.8247439127607725,0.5014142077173186,True
fermion_only,0.665,1.0718550277230197,0.7127835934358081,0.8238759930218054,0.5005983997188688,True
fermion_only,0.666,1.0718550277230197,0.7138554484635311,0.8230080908516957,0.49978396187947577,True
fermion_only,0.667,1.0718550277230197,0.7149273034912541,0.8221402066147521,0.49897090066726935,True
fermion_only,0.668,1.0718550277230197,0.7159991585189772,0.8212723400067068,0.4981592216669786,True
fermion_only,0.669,1.0718550277230197,0.7170710135467002,0.8204044913318942,0.49734893313032164,True
fermion_only,0.67,1.0718550277230197,0.7181428685744232,0.8195366603950927,0.496540039970995,True
fermion_only,0.671,1.0718550277230197,0.7192147236021462,0.8186688473046821,0.49573255084287626,True
fermion_only,0.672,1.0718550277230197,0.7202865786298692,0.8178010522751578,0.49492647125123534,True
fermion_only,0.673,1.0718550277230197,0.7213584336575922,0.8169332745827651,0.4941218082258221,True
fermion_only,0.674,1.0718550277230197,0.7224302886853153,0.8160655149330509,0.4933185682934313,True
fermion_only,0.675,1.0718550277230197,0.7235021437130383,0.8151977729744075,0.492516758945304,True
fermion_only,0.676,1.0718550277230197,0.7245739987407613,0.814330048947487,0.49171638746574703,True
fermion_only,0.677,1.0718550277230197,0.7256458537684843,0.8134623427209497,0.4909174597562107,True
fermion_only,0.678,1.0718550277230197,0.7267177087962073,0.8125946539781603,0.49011998360054415,True
fermion_only,0.679,1.0718550277230197,0.7277895638239305,0.8117269833940899,0.48932396472606504,True
fermion_only,0.68,1.0718550277230197,0.7288614188516535,0.810859330483904,0.48852941083534857,True
fermion_only,0.681,1.0718550277230197,0.7299332738793765,0.8099916953629993,0.48773633047718423,True
fermion_only,0.682,1.0718550277230197,0.7310051289070995,0.8091240780196296,0.48694472955484813,True
fermion_only,0.683,1.0718550277230197,0.7320769839348225,0.8082564782140089,0.48615461467412957,True
fermion_only,0.684,1.0718550277230197,0.7331488389625455,0.8073888965109299,0.48536599333753344,True
fermion_only,0.685,1.0718550277230197,0.7342206939902686,0.8065213325842979,0.48457887278719347,True
fermion_only,0.686,1.0718550277230197,0.7352925490179916,0.8056537864076008,0.48379326065614503,True
fermion_only,0.687,1.0718550277230197,0.7363644040457146,0.8047862580274456,0.4830091639562585,True
fermion_only,0.6880000000000001,1.0718550277230197,0.7374362590734376,0.8039187473644072,0.4822265897918127,True
fermion_only,0.6890000000000001,1.0718550277230197,0.7385081141011606,0.803051254358822,0.4814455453367993,True
fermion_only,0.6900000000000001,1.0718550277230197,0.7395799691288836,0.8021837793766418,0.4806660388387297,True
fermion_only,0.6910000000000001,1.0718550277230197,0.7406518241566067,0.8013163221613828,0.47988807712350756,True
fermion_only,0.6920000000000001,1.0718550277230197,0.7417236791843297,0.8004488826365508,0.47911166680735445,True
fermion_only,0.6930000000000001,1.0718550277230197,0.7427955342120527,0.7995814608423579,0.4783368164194272,True
fermion_only,0.6940000000000001,1.0718550277230197,0.7438673892397757,0.7987140568402884,0.47756353370133986,True
fermion_only,0.6950000000000001,1.0718550277230197,0.7449392442674987,0.7978466706222598,0.4767918246430502,True
fermion_only,0.6960000000000001,1.0718550277230197,0.7460110992952218,0.7969793021619154,0.476021698466893,True
fermion_only,0.6970000000000001,1.0718550277230197,0.7470829543229448,0.7961119516318504,0.4752531625841557,True
fermion_only,0.6980000000000001,1.0718550277230197,0.7481548093506678,0.7952446187145634,0.4744862233377224,True
fermion_only,0.6990000000000001,1.0718550277230197,0.7492266643783908,0.7943773036907409,0.47372088953040603,True
fermion_only,0.7000000000000001,1.0718550277230197,0.7502985194061138,0.7935100062646416,0.4729571681070116,True
fermion_only,0.7010000000000001,1.0718550277230197,0.7513703744338368,0.7926427268758474,0.47219506813965406,True
fermion_only,0.7020000000000001,1.0718550277230197,0.7524422294615599,0.7917754650880182,0.47143459555045986,True
fermion_only,0.7030000000000001,1.0718550277230197,0.7535140844892829,0.7909082211117413,0.4706757599551933,True
fermion_only,0.7040000000000001,1.0718550277230197,0.7545859395170059,0.7900409948662368,0.46991856755007533,True
fermion_only,0.7050000000000001,1.0718550277230197,0.7556577945447289,0.7891737865710402,0.469163027081907,True
fermion_only,0.7060000000000001,1.0718550277230197,0.7567296495724519,0.7883065957837276,0.46840914641932246,True
fermion_only,0.7070000000000001,1.0718550277230197,0.7578015046001749,0.7874394227082471,0.46765693308540845,True
fermion_only,0.7080000000000001,1.0718550277230197,0.758873359627898,0.7865722676702269,0.4669063956046104,True
fermion_only,0.7090000000000001,1.0718550277230197,0.759945214655621,0.7857051302303963,0.4661575424416525,True
fermion_only,0.71,1.0718550277230197,0.7610170696833439,0.78483801065381,0.46541037911023664,True
fermion_only,0.711,1.0718550277230197,0.7620889247110669,0.7839709087654967,0.46466491712069297,True
fermion_only,0.712,1.0718550277230197,0.7631607797387899,0.7831038248060862,0.4639211621676854,True
fermion_only,0.713,1.0718550277230197,0.7642326347665129,0.7822367583506962,0.4631791232622626,True
fermion_only,0.714,1.0718550277230197,0.765304489794236,0.7813697097044159,0.4624388077977121,True
fermion_only,0.715,1.0718550277230197,0.766376344821959,0.7805026788828995,0.46170022486363743,True
fermion_only,0.716,1.0718550277230197,0.767448199849682,0.7796356660142889,0.4609633825318985,True
fermion_only,0.717,1.0718550277230197,0.768520054877405,0.7787686706633767,0.4602282887796588,True
fermion_only,0.718,1.0718550277230197,0.769591909905128,0.7779016930549165,0.45949495155934245,True
fermion_only,0.719,1.0718550277230197,0.7706637649328512,0.7770347332128891,0.4587633805289801,True
fermion_only,0.72,1.0718550277230197,0.7717356199605742,0.7761677912514031,0.45803358298713903,True
fermion_only,0.721,1.0718550277230197,0.7728074749882972,0.7753008669735273,0.4573055676088266,True
fermion_only,0.722,1.0718550277230197,0.7738793300160202,0.7744339604825567,0.45657934286398266,True
fermion_only,0.723,1.0718550277230197,0.7749511850437432,0.7735670716437992,0.45585491684879503,True
fermion_only,0.724,1.0718550277230197,0.7760230400714662,0.7727002006990169,0.45513229803202837,True
fermion_only,0.725,1.0718550277230197,0.7770948950991893,0.7718333474252992,0.45441149563474076,True
fermion_only,0.726,1.0718550277230197,0.7781667501269123,0.7709665119216558,0.453692517305774,True
fermion_only,0.727,1.0718550277230197,0.7792386051546353,0.7700996941618854,0.4529753721315318,True
fermion_only,0.728,1.0718550277230197,0.7803104601823583,0.7692328941066195,0.45226006922085216,True
fermion_only,0.729,1.0718550277230197,0.7813823152100813,0.7683661117659835,0.45154661589642137,True
fermion_only,0.73,1.0718550277230197,0.7824541702378043,0.7674993474225511,0.45083502237848005,True
fermion_only,0.731,1.0718550277230197,0.7835260252655274,0.7666326004524437,0.45012529607987123,True
fermion_only,0.732,1.0718550277230197,0.7845978802932504,0.7657658714962823,0.44941744660689287,True
fermion_only,0.733,1.0718550277230197,0.7856697353209734,0.7648991602207111,0.44871148259587507,True
fermion_only,0.734,1.0718550277230197,0.7867415903486964,0.7640324668242604,0.44800741212791617,True
fermion_only,0.735,1.0718550277230197,0.7878134453764194,0.7631657908129696,0.44730524572235153,True
fermion_only,0.736,1.0718550277230197,0.7888853004041425,0.7622991327702833,0.44660498987063113,True
fermion_only,0.737,1.0718550277230197,0.7899571554318655,0.7614324925782068,0.44590665540935703,True
fermion_only,0.738,1.0718550277230197,0.7910290104595885,0.7605658699674,0.44521025022223765,True
fermion_only,0.739,1.0718550277230197,0.7921008654873115,0.7596992650484413,0.4445157835891118,True
fermion_only,0.74,1.0718550277230197,0.7931727205150345,0.758832678022503,0.44382326524566085,True
fermion_only,0.741,1.0718550277230197,0.7942445755427575,0.7579661084587963,0.4431327034082124,True
fermion_only,0.742,1.0718550277230197,0.7953164305704806,0.7570995570055139,0.4424441073965985,True
fermion_only,0.743,1.0718550277230197,0.7963882855982036,0.7562330231017267,0.4417574861548387,True
fermion_only,0.744,1.0718550277230197,0.7974601406259266,0.7553665070056503,0.4410728486183229,True
fermion_only,0.745,1.0718550277230197,0.7985319956536496,0.7545000084704823,0.440390203537573,True
fermion_only,0.746,1.0718550277230197,0.7996038506813726,0.7536335277131379,0.4397095611908294,True
fermion_only,0.747,1.0718550277230197,0.8006757057090956,0.7527670648135532,0.43903093052724074,True
fermion_only,0.748,1.0718550277230197,0.8017475607368187,0.751900619753898,0.43835432092426824,True
fermion_only,0.749,1.0718550277230197,0.8028194157645417,0.7510341922378538,0.4376797406801831,True
fermion_only,0.75,1.0718550277230197,0.8038912707922647,0.7501677824464759,0.4370071995519264,True
fermion_only,0.7510000000000001,1.0718550277230197,0.8049631258199879,0.7493013903898449,0.43633670717781786,True
fermion_only,0.752,1.0718550277230197,0.8060349808477107,0.7484350160705366,0.43566827318490975,True
fermion_only,0.7530000000000001,1.0718550277230197,0.807106835875434,0.7475686594551334,0.435001906243477,True
fermion_only,0.754,1.0718550277230197,0.8081786909031569,0.7467023205610435,0.43433761584794256,True
fermion_only,0.7550000000000001,1.0718550277230197,0.80925054593088,0.7458359995035302,0.43367541174234003,True
fermion_only,0.756,1.0718550277230197,0.8103224009586029,0.7449696960436958,0.43301530310982517,True
fermion_only,0.7570000000000001,1.0718550277230197,0.811394255986326,0.7441034104909372,0.4323572994338155,True
fermion_only,0.758,1.0718550277230197,0.8124661110140489,0.7432371424576978,0.4317014108348973,True
fermion_only,0.7590000000000001,1.0718550277230197,0.8135379660417721,0.7423708921547645,0.4310476466269368,True
fermion_only,0.76,1.0718550277230197,0.814609821069495,0.7415046597465169,0.4303960155177884,True
fermion_only,0.7610000000000001,1.0718550277230197,0.8156816760972181,0.7406384447710579,0.4297465279923061,True
fermion_only,0.762,1.0718550277230197,0.816753531124941,0.7397722476815582,0.42909919337219654,True
fermion_only,0.7630000000000001,1.0718550277230197,0.8178253861526641,0.7389060684316551,0.42845402132650645,True
fermion_only,0.764,1.0718550277230197,0.818897241180387,0.7380399067258958,0.4278110218327072,True
fermion_only,0.7650000000000001,1.0718550277230197,0.8199690962081102,0.7371737627501762,0.427170204833853,True
fermion_only,0.766,1.0718550277230197,0.8210409512358331,0.7363076365259458,0.4265315787836206,True
fermion_only,0.7670000000000001,1.0718550277230197,0.8221128062635562,0.7354415281784377,0.42589515432462005,True
fermion_only,0.768,1.0718550277230197,0.8231846612912791,0.7345754373326185,0.4252609413319069,True
fermion_only,0.7690000000000001,1.0718550277230197,0.8242565163190022,0.7337093642752146,0.4246289494739139,True
fermion_only,0.77,1.0718550277230197,0.8253283713467252,0.7328433089134334,0.4239991887324384,True
fermion_only,0.7710000000000001,1.0718550277230197,0.8264002263744483,0.7319772711640748,0.423371667953823,True
fermion_only,0.772,1.0718550277230197,0.8274720814021712,0.7311112513134432,0.42274639853753915,True
fermion_only,0.7730000000000001,1.0718550277230197,0.8285439364298943,0.7302452490591582,0.42212338899767965,True
fermion_only,0.774,1.0718550277230197,0.8296157914576172,0.7293792645334252,0.42150265039070645,True
fermion_only,0.7749999999999999,1.0718550277230197,0.8306876464853401,0.7285132975995978,0.42088419182910214,True
fermion_only,0.776,1.0718550277230197,0.8317595015130633,0.7276473485966717,0.42026802337549124,True
fermion_only,0.7769999999999999,1.0718550277230197,0.8328313565407862,0.726781417097766,0.4196541560108765,True
fermion_only,0.778,1.0718550277230197,0.8339032115685093,0.7259155035128861,0.4190425986308871,True
fermion_only,0.7789999999999999,1.0718550277230197,0.8349750665962322,0.7250496075097423,0.4184333607587716,True
fermion_only,0.78,1.0718550277230197,0.8360469216239553,0.7241837292530473,0.4178264542434431,True
fermion_only,0.7809999999999999,1.0718550277230197,0.8371187766516782,0.7233178687009234,0.41722188748980427,True
fermion_only,0.782,1.0718550277230197,0.8381906316794014,0.722452025656839,0.4166196714523288,True
fermion_only,0.7829999999999999,1.0718550277230197,0.8392624867071243,0.7215862005499618,0.41601981627269163,True
fermion_only,0.784,1.0718550277230197,0.8403343417348474,0.7207203930867045,0.4154223315474048,True
fermion_only,0.7849999999999999,1.0718550277230197,0.8414061967625703,0.7198546032593178,0.4148272274994675,True
fermion_only,0.786,1.0718550277230197,0.8424780517902934,0.7189888312425508,0.4142345145329326,True
fermion_only,0.7869999999999999,1.0718550277230197,0.8435499068180163,0.7181230768292801,0.4136442031694004,True
fermion_only,0.788,1.0718550277230197,0.8446217618457396,0.7172573401402982,0.41305630257308523,True
fermion_only,0.7889999999999999,1.0718550277230197,0.8456936168734625,0.7163916211294197,0.41247082391125617,True
fermion_only,0.79,1.0718550277230197,0.8467654719011856,0.715525919739779,0.411887776466984,True
fermion_only,0.7909999999999999,1.0718550277230197,0.8478373269289085,0.714660236139264,0.411307171343624,True
fermion_only,0.792,1.0718550277230197,0.8489091819566316,0.7137945702514248,0.4107290179616612,True
fermion_only,0.7929999999999999,1.0718550277230197,0.8499810369843546,0.7129289218865242,0.4101533272848317,True
fermion_only,0.794,1.0718550277230197,0.8510528920120777,0.712063291500864,0.4095801096491522,True
fermion_only,0.7949999999999999,1.0718550277230197,0.8521247470398006,0.711197678615072,0.4090093750412996,True
fermion_only,0.796,1.0718550277230197,0.8531966020675237,0.7103320834716875,0.40844113360514095,True
fermion_only,0.7969999999999999,1.0718550277230197,0.8542684570952466,0.7094665060268568,0.40787539599255296,True
fermion_only,0.798,1.0718550277230197,0.8553403121229697,0.7086009461766407,0.4073121720138885,True
fermion_only,0.7989999999999999,1.0718550277230197,0.8564121671506927,0.7077354041151729,0.4067514730514889,True
fermion_only,0.8,1.0718550277230197,0.8574840221784158,0.7068698798019524,0.4061933079928539,True
fermion_only,0.8009999999999999,1.0718550277230197,0.8585558772061387,0.7060043729903986,0.4056376883029336,True
fermion_only,0.802,1.0718550277230197,0.8596277322338618,0.7051388839674821,0.4050846237796702,True
fermion_only,0.8029999999999999,1.0718550277230197,0.8606995872615847,0.7042734125053629,0.40453412484806117,True
fermion_only,0.804,1.0718550277230197,0.8617714422893079,0.7034079588742248,0.40398620168419247,True
fermion_only,0.8049999999999999,1.0718550277230197,0.8628432973170308,0.7025425230073656,0.4034408659754426,True
fermion_only,0.806,1.0718550277230197,0.8639151523447539,0.7016771046455705,0.4028981264062736,True
fermion_only,0.8069999999999999,1.0718550277230197,0.8649870073724768,0.7008117040311124,0.4023579945493835,True
fermion_only,0.808,1.0718550277230197,0.8660588624001999,0.6999463210093593,0.40182047929438186,True
fermion_only,0.8089999999999999,1.0718550277230197,0.8671307174279228,0.6990809557944733,0.4012855932681949,True
fermion_only,0.81,1.0718550277230197,0.868202572455646,0.6982156082414148,0.4007533451946792,True
fermion_only,0.8109999999999999,1.0718550277230197,0.8692744274833689,0.6973502780878604,0.4002237457005035,True
fermion_only,0.812,1.0718550277230197,0.870346282511092,0.6964849660258565,0.3996968061599442,True
fermion_only,0.813,1.0718550277230197,0.8714181375388149,0.6956196714079432,0.3991725357799758,True
fermion_only,0.8140000000000001,1.0718550277230197,0.872489992566538,0.6947543945242662,0.398650945830576,True
fermion_only,0.815,1.0718550277230197,0.8735618475942609,0.6938891353462706,0.39813204624160575,True
fermion_only,0.8160000000000001,1.0718550277230197,0.8746337026219841,0.6930238938128053,0.39761584793761473,True
fermion_only,0.817,1.0718550277230197,0.875705557649707,0.692158669786358,0.39710236038737307,True
fermion_only,0.8180000000000001,1.0718550277230197,0.8767774126774301,0.6912934637204549,0.396591595266811,True
fermion_only,0.819,1.0718550277230197,0.877849267705153,0.6904282749635504,0.39608356196168854,True
fermion_only,0.8200000000000001,1.0718550277230197,0.8789211227328761,0.6895631041401229,0.39557827161189246,True
fermion_only,0.821,1.0718550277230197,0.879992977760599,0.6886979509533875,0.39507573352035313,True
fermion_only,0.8220000000000001,1.0718550277230197,0.8810648327883223,0.6878328155525582,0.3945759599509919,True
fermion_only,0.823,1.0718550277230197,0.8821366878160452,0.6869676974256222,0.3940789594878508,True
fermion_only,0.8240000000000001,1.0718550277230197,0.8832085428437683,0.6861025973097012,0.39358474376704056,True
fermion_only,0.825,1.0718550277230197,0.8842803978714912,0.6852375149413614,0.39309332215599907,True
fermion_only,0.8260000000000001,1.0718550277230197,0.8853522528992143,0.6843724499215664,0.3926047059226999,True
fermion_only,0.827,1.0718550277230197,0.8864241079269373,0.6835074027423671,0.3921189046522476,True
fermion_only,0.8280000000000001,1.0718550277230197,0.8874959629546604,0.6826423731254083,0.39163592895826743,True
fermion_only,0.829,1.0718550277230197,0.8885678179823833,0.6817773612417977,0.3911557890680723,True
fermion_only,0.8300000000000001,1.0718550277230197,0.8896396730101064,0.6809123668990447,0.39067849665452886,True
fermion_only,0.831,1.0718550277230197,0.8907115280378293,0.6800473904231108,0.3902040603252887,True
fermion_only,0.8320000000000001,1.0718550277230197,0.8917833830655524,0.679182431483949,0.3897324909505589,True
fermion_only,0.833,1.0718550277230197,0.8928552380932754,0.678317490156255,0.38926379939621936,True
fermion_only,0.8340000000000001,1.0718550277230197,0.8939270931209985,0.6774525667714304,0.388797994878891,True
fermion_only,0.835,1.0718550277230197,0.8949989481487214,0.6765876606801946,0.3883350885149836,True
fermion_only,0.8360000000000001,1.0718550277230197,0.8960708031764445,0.6757227722962389,0.38787509011189153,True
fermion_only,0.837,1.0718550277230197,0.8971426582041674,0.6748579016986556,0.38741801041136825,True
fermion_only,0.8380000000000001,1.0718550277230197,0.8982145132318906,0.6739930487445811,0.38696385921857457,True
fermion_only,0.839,1.0718550277230197,0.8992863682596135,0.6731282134014194,0.3865126470042456,True
fermion_only,0.8400000000000001,1.0718550277230197,0.9003582232873366,0.6722633957480184,0.38606438343118277,True
fermion_only,0.841,1.0718550277230197,0.9014300783150595,0.6713985957724544,0.3856190795391403,True
fermion_only,0.8420000000000001,1.0718550277230197,0.9025019333427826,0.6705338134420868,0.385176744576647,True
fermion_only,0.843,1.0718550277230197,0.9035737883705055,0.6696690485385792,0.38473738930963153,True
fermion_only,0.8440000000000001,1.0718550277230197,0.9046456433982287,0.6688043013371336,0.3843010234312169,True
fermion_only,0.845,1.0718550277230197,0.9057174984259516,0.6679395719441983,0.3838676572138462,True
fermion_only,0.8460000000000001,1.0718550277230197,0.9067893534536747,0.6670748601598664,0.38343730032121565,True
fermion_only,0.847,1.0718550277230197,0.9078612084813976,0.6662101660380948,0.3830099634140397,True
fermion_only,0.8480000000000001,1.0718550277230197,0.9089330635091207,0.6653454894699706,0.3825856563963587,True
fermion_only,0.849,1.0718550277230197,0.9100049185368436,0.6644808305963146,0.38216438886401033,True
fermion_only,0.8500000000000001,1.0718550277230197,0.9110767735645668,0.6636161893865733,0.38174617080568624,True
fermion_only,0.851,1.0718550277230197,0.9121486285922897,0.662751565735209,0.3813310125096499,True
fermion_only,0.8520000000000001,1.0718550277230197,0.9132204836200128,0.66188695981102,0.3809189237587112,True
fermion_only,0.853,1.0718550277230197,0.9142923386477357,0.6610223715168395,0.3805099137622097,True
fermion_only,0.8540000000000001,1.0718550277230197,0.9153641936754588,0.660157800877581,0.38010399348836005,True
fermion_only,0.855,1.0718550277230197,0.9164360487031817,0.6592932479709601,0.3797011716677611,True
fermion_only,0.8560000000000001,1.0718550277230197,0.917507903730905,0.6584287124239641,0.3793014584359652,True
fermion_only,0.857,1.0718550277230197,0.9185797587586279,0.6575641947480282,0.3789048638640517,True
fermion_only,0.8580000000000001,1.0718550277230197,0.919651613786351,0.6566996945472914,0.37851139678891066,True
fermion_only,0.859,1.0718550277230197,0.9207234688140739,0.6558352120388911,0.3781210674054499,True
fermion_only,0.8600000000000001,1.0718550277230197,0.921795323841797,0.6549707471666943,0.37773388574021405,True
fermion_only,0.861,1.0718550277230197,0.92286717886952,0.6541062999651848,0.3773498611610836,True
fermion_only,0.8620000000000001,1.0718550277230197,0.9239390338972431,0.6532418703567577,0.37696900205669537,True
fermion_only,0.863,1.0718550277230197,0.925010888924966,0.6523774584018538,0.37659131964649506,True
fermion_only,0.8640000000000001,1.0718550277230197,0.9260827439526891,0.6515130640877054,0.37621682159176834,True
fermion_only,0.865,1.0718550277230197,0.927154598980412,0.6506486874041872,0.3758455189049289,True
fermion_only,0.8660000000000001,1.0718550277230197,0.9282264540081351,0.649784328287617,0.375477420064347,True
fermion_only,0.867,1.0718550277230197,0.9292983090358581,0.6489199868056517,0.37511253469294864,True
fermion_only,0.8680000000000001,1.0718550277230197,0.9303701640635812,0.6480556630977352,0.37475087177228855,True
fermion_only,0.869,1.0718550277230197,0.9314420190913041,0.6471913567994925,0.3743924406560193,True
fermion_only,0.8700000000000001,1.0718550277230197,0.9325138741190272,0.646327068296304,0.37403725087815104,True
fermion_only,0.871,1.0718550277230197,0.9335857291467501,0.645462797319607,0.37368531082241957,True
fermion_only,0.8720000000000001,1.0718550277230197,0.9346575841744733,0.6445985441074553,0.37333663042061077,True
fermion_only,0.873,1.0718550277230197,0.9357294392021962,0.6437343083151914,0.3729912178303333,True
fermion_only,0.8740000000000001,1.0718550277230197,0.9368012942299193,0.6428700902665785,0.37264908204880937,True
fermion_only,0.875,1.0718550277230197,0.9378731492576422,0.6420058897023351,0.3723102330917593,True
fermion_only,0.8760000000000001,1.0718550277230197,0.9389450042853653,0.6411417068903802,0.37197467877326323,True
fermion_only,0.877,1.0718550277230197,0.9400168593130882,0.6402775417551743,0.3716424279537288,True
fermion_only,0.8780000000000001,1.0718550277230197,0.9410887143408114,0.6394133941684421,0.3713134902717436,True
fermion_only,0.879,1.0718550277230197,0.9421605693685343,0.6385492641932,0.3709878732242958,True
fermion_only,0.8800000000000001,1.0718550277230197,0.9432324243962574,0.6376851516863846,0.37066558584054593,True
fermion_only,0.881,1.0718550277230197,0.9443042794239803,0.636821057193715,0.3703466372728946,True
fermion_only,0.8820000000000001,1.0718550277230197,0.9453761344517034,0.6359569799250231,0.37003103559750805,True
fermion_only,0.883,1.0718550277230197,0.9464479894794263,0.6350929203153832,0.36971878906227745,True
fermion_only,0.8840000000000001,1.0718550277230197,0.9475198445071495,0.634228878461629,0.3694099064194638,True
fermion_only,0.885,1.0718550277230197,0.9485916995348724,0.6333648542094172,0.3691043958127032,True
fermion_only,0.8860000000000001,1.0718550277230197,0.9496635545625955,0.6325008474857174,0.36880226508476566,True
fermion_only,0.887,1.0718550277230197,0.9507354095903184,0.6316368584336152,0.3685035230364594,True
fermion_only,0.8880000000000001,1.0718550277230197,0.9518072646180415,0.6307728870015739,0.36820817793289307,True
fermion_only,0.889,1.0718550277230197,0.9528791196457644,0.629908933225809,0.3679162372925983,True
fermion_only,0.8900000000000001,1.0718550277230197,0.9539509746734877,0.6290449968646916,0.3676277091110919,True
fermion_only,0.891,1.0718550277230197,0.9550228297012106,0.6281810782090114,0.367342601560378,True
fermion_only,0.8920000000000001,1.0718550277230197,0.9560946847289337,0.6273171771906894,0.36706092250237604,True
fermion_only,0.893,1.0718550277230197,0.9571665397566566,0.6264532936312461,0.36678267957833804,True
fermion_only,0.8940000000000001,1.0718550277230197,0.9582383947843797,0.6255894279835639,0.36650788066911005,True
fermion_only,0.895,1.0718550277230197,0.9593102498121027,0.6247255795568174,0.3662365330245572,True
fermion_only,0.8960000000000001,1.0718550277230197,0.9603821048398258,0.6238617489137566,0.3659686446546684,True
fermion_only,0.897,1.0718550277230197,0.9614539598675487,0.6229979360871774,0.3657042228726264,True
fermion_only,0.8980000000000001,1.0718550277230197,0.9625258148952718,0.6221341406238423,0.36544327488535766,True
fermion_only,0.899,1.0718550277230197,0.9635976699229947,0.621270362778148,0.36518580836919495,True
fermion_only,0.9000000000000001,1.0718550277230197,0.9646695249507178,0.6204066024962707,0.36493183002126217,True
fermion_only,0.901,1.0718550277230197,0.9657413799784408,0.6195428598058106,0.3646813474799636,True
fermion_only,0.9020000000000001,1.0718550277230197,0.9668132350061639,0.618679134905431,0.3644343680223379,True
fermion_only,0.903,1.0718550277230197,0.9678850900338868,0.6178154274165015,0.3641908978472259,True
fermion_only,0.9039999999999999,1.0718550277230197,0.9689569450616097,0.6169517375953948,0.36395094468779177,True
fermion_only,0.905,1.0718550277230197,0.9700288000893328,0.6160880654043632,0.3637145148022264,True
fermion_only,0.9059999999999999,1.0718550277230197,0.9711006551170557,0.6152244106962135,0.36348161529296785,True
fermion_only,0.907,1.0718550277230197,0.9721725101447789,0.6143607736495582,0.36325225259007726,True
fermion_only,0.9079999999999999,1.0718550277230197,0.9732443651725018,0.6134971541656764,0.3630264337174783,True
fermion_only,0.909,1.0718550277230197,0.9743162202002249,0.6126335523305659,0.36280416449798164,True
fermion_only,0.9099999999999999,1.0718550277230197,0.9753880752279478,0.6117699680485478,0.3625854516729114,True
fermion_only,0.911,1.0718550277230197,0.9764599302556709,0.6109064012544962,0.36237030180200863,True
fermion_only,0.9119999999999999,1.0718550277230197,0.9775317852833938,0.6100428523460932,0.3621587206509335,True
fermion_only,0.913,1.0718550277230197,0.978603640311117,0.6091793206888907,0.3619507145177722,True
fermion_only,0.9139999999999999,1.0718550277230197,0.9796754953388399,0.6083158066864325,0.36174628963210026,True
fermion_only,0.915,1.0718550277230197,0.980747350366563,0.607452310508827,0.36154545163642715,True
fermion_only,0.9159999999999999,1.0718550277230197,0.9818192053942859,0.6065888317273949,0.36134820687303076,True
fermion_only,0.917,1.0718550277230197,0.982891060422009,0.6057253704186305,0.36115456053909134,True
fermion_only,0.9179999999999999,1.0718550277230197,0.983962915449732,0.6048619268812727,0.3609645184895607,True
fermion_only,0.919,1.0718550277230197,0.9850347704774551,0.6039985008450488,0.36077808637959524,True
fermion_only,0.9199999999999999,1.0718550277230197,0.986106625505178,0.603135092537399,0.36059526964711913,True
fermion_only,0.921,1.0718550277230197,0.9871784805329011,0.6022717015906398,0.3604160736195539,True
fermion_only,0.9219999999999999,1.0718550277230197,0.988250335560624,0.6014083283214511,0.3602405036113045,True
fermion_only,0.923,1.0718550277230197,0.9893221905883471,0.6005449727255252,0.360068564862845,True
fermion_only,0.9239999999999999,1.0718550277230197,0.9903940456160701,0.599681634435667,0.35990026247649587,True
fermion_only,0.925,1.0718550277230197,0.9914659006437933,0.5988183139509218,0.35973560121094805,True
fermion_only,0.9259999999999999,1.0718550277230197,0.9925377556715161,0.5979550110814635,0.35957458632555495,True
fermion_only,0.927,1.0718550277230197,0.9936096106992393,0.5970917257414055,0.35941722204189,True
fermion_only,0.9279999999999999,1.0718550277230197,0.9946814657269621,0.5962284577753163,0.3592635134185811,True
fermion_only,0.929,1.0718550277230197,0.9957533207546854,0.5953652075485483,0.35911346483754986,True
fermion_only,0.9299999999999999,1.0718550277230197,0.9968251757824083,0.5945019749974634,0.3589670811415405,True
fermion_only,0.931,1.0718550277230197,0.9978970308101314,0.593638759766546,0.35882436612118496,True
fermion_only,0.9319999999999999,1.0718550277230197,0.9989688858378543,0.5927755622537445,0.3586853243765499,True
fermion_only,0.933,1.0718550277230197,1.0000407408655774,0.5919123823203476,0.3585499599942454,True
fermion_only,0.9339999999999999,1.0718550277230197,1.0011125958933003,0.5910492198226702,0.3584182772502096,True
fermion_only,0.935,1.0718550277230197,1.0021844509210234,0.5901860751459376,0.3582902795281894,True
fermion_only,0.9359999999999999,1.0718550277230197,1.0032563059487463,0.589322947826787,0.3581659710162753,True
fermion_only,0.937,1.0718550277230197,1.0043281609764694,0.5884598381848516,0.35804535551630706,True
fermion_only,0.938,1.0718550277230197,1.0054000160041925,0.5875967462429355,0.35792843634456156,True
fermion_only,0.9390000000000001,1.0718550277230197,1.0064718710319156,0.5867336715178029,0.35781521728026394,True
fermion_only,0.94,1.0718550277230197,1.0075437260596385,0.585870614692241,0.3577057013211568,True
fermion_only,0.9410000000000001,1.0718550277230197,1.0086155810873616,0.5850075752754869,0.3575998922696072,True
fermion_only,0.942,1.0718550277230197,1.0096874361150845,0.5841445533114165,0.3574977928654289,True
fermion_only,0.9430000000000001,1.0718550277230197,1.0107592911428076,0.5832815490097287,0.35739940638610646,True
fermion_only,0.944,1.0718550277230197,1.0118311461705305,0.5824185623732214,0.35730473556984277,True
fermion_only,0.9450000000000001,1.0718550277230197,1.0129030011982536,0.5815555931768301,0.3572137834227972,True
fermion_only,0.946,1.0718550277230197,1.0139748562259765,0.5806926414410496,0.3571265526005108,True
fermion_only,0.9470000000000001,1.0718550277230197,1.0150467112536996,0.5798297075944037,0.35704304568851036,True
fermion_only,0.948,1.0718550277230197,1.0161185662814225,0.5789667909307461,0.35696326528091993,True
fermion_only,0.9490000000000001,1.0718550277230197,1.0171904213091458,0.5781038920434911,0.35688721349068914,True
fermion_only,0.95,1.0718550277230197,1.0182622763368687,0.5772410107923509,0.3568148928838075,True
fermion_only,0.9510000000000001,1.0718550277230197,1.0193341313645918,0.576378146841594,0.3567463053149598,True
fermion_only,0.952,1.0718550277230197,1.0204059863923147,0.5755153004282754,0.3566814531373659,True
fermion_only,0.9530000000000001,1.0718550277230197,1.0214778414200378,0.5746524717118673,0.3566203378405777,True
fermion_only,0.954,1.0718550277230197,1.0225496964477607,0.5737896606172965,0.35656296158095235,True
fermion_only,0.9550000000000001,1.0718550277230197,1.0236215514754838,0.5729268670929821,0.3565093259702324,True
fermion_only,0.956,1.0718550277230197,1.0246934065032067,0.5720640908032149,0.3564594323300579,True
fermion_only,0.9570000000000001,1.0718550277230197,1.0257652615309298,0.572896832413794,0.35641328243979076,True
fermion_only,0.958,1.0718550277230197,1.0268371165586527,0.5737848872119256,0.35637087740589657,True
fermion_only,0.9590000000000001,1.0718550277230197,1.0279089715863758,0.5746729341480794,0.3563322184491397,True
fermion_only,0.96,1.0718550277230197,1.0289808266140987,0.5755609730709099,0.3562973067399394,True
fermion_only,0.9610000000000001,1.0718550277230197,1.030052681641822,0.5764490041936243,0.35626614318858085,True
fermion_only,0.962,1.0718550277230197,1.031124536669545,0.5773370273872369,0.35623872873687984,True
fermion_only,0.9630000000000001,1.0718550277230197,1.032196391697268,0.5782250426541902,0.3562150640405648,True
fermion_only,0.964,1.0718550277230197,1.033268246724991,0.5791130499943176,0.35619514972899546,True
fermion_only,0.9650000000000001,1.0718550277230197,1.034340101752714,0.5800010494217411,0.35617898628317496,True
fermion_only,0.966,1.0718550277230197,1.035411956780437,0.5808890409446099,0.3561665742126731,True
fermion_only,0.9670000000000001,1.0718550277230197,1.03648381180816,0.5817770245839293,0.35615791363791893,True
fermion_only,0.968,1.0718550277230197,1.037555666835883,0.5826650003379008,0.35615300471984734,True
fermion_only,0.9690000000000001,1.0718550277230197,1.038627521863606,0.5835529681365248,0.3561518475672269,True
fermion_only,0.97,1.0718550277230197,1.039699376891329,0.5844409280222895,0.35615444203942687,True
fermion_only,0.9710000000000001,1.0718550277230197,1.040771231919052,0.5853288800105827,0.3561607879014546,True
fermion_only,0.972,1.0718550277230197,1.0418430869467752,0.5862168241086763,0.3561708849098432,True
fermion_only,0.9730000000000001,1.0718550277230197,1.0429149419744983,0.587104760292545,0.356184732537559,True
fermion_only,0.974,1.0718550277230197,1.0439867970022212,0.5879926885899445,0.35620233020367786,True
fermion_only,0.9750000000000001,1.0718550277230197,1.0450586520299443,0.5888806089236698,0.3562236772723526,True
fermion_only,0.976,1.0718550277230197,1.0461305070576672,0.5897685213674841,0.35624877296693025,True
fermion_only,0.9770000000000001,1.0718550277230197,1.0472023620853903,0.5906564259310354,0.3562776163013939,True
fermion_only,0.978,1.0718550277230197,1.0482742171131132,0.5915443226151451,0.3563102062909761,True
fermion_only,0.9790000000000001,1.0718550277230197,1.0493460721408363,0.592432211308902,0.3563465417165586,True
fermion_only,0.98,1.0718550277230197,1.0504179271685592,0.5933200921113824,0.3563866213894485,True
fermion_only,0.9810000000000001,1.0718550277230197,1.0514897821962823,0.5942079650763543,0.3564304438607699,True
fermion_only,0.982,1.0718550277230197,1.0525616372240052,0.5950958300681597,0.35647800761829135,True
fermion_only,0.9830000000000001,1.0718550277230197,1.0536334922517285,0.5959836871812563,0.35652931108865926,True
fermion_only,0.984,1.0718550277230197,1.0547053472794514,0.5968715363915189,0.3565843524611279,True
fermion_only,0.9850000000000001,1.0718550277230197,1.0557772023071745,0.5977593776643197,0.3566431299194511,True
fermion_only,0.986,1.0718550277230197,1.0568490573348974,0.5986472110457997,0.3567056414923257,True
fermion_only,0.9870000000000001,1.0718550277230197,1.0579209123626205,0.5995350365242125,0.3567718850810585,True
fermion_only,0.988,1.0718550277230197,1.0589927673903434,0.6004228540987588,0.35684185846005007,True
fermion_only,0.9890000000000001,1.0718550277230197,1.0600646224180665,0.6013106637707266,0.35691555933802205,True
fermion_only,0.99,1.0718550277230197,1.0611364774457894,0.6021984655110946,0.3569929852523838,True
fermion_only,0.9910000000000001,1.0718550277230197,1.0622083324735125,0.6030862593051745,0.3570741336500927,True
fermion_only,0.992,1.0718550277230197,1.0632801875012354,0.6039740453109066,0.357159001922316,True
fermion_only,0.9930000000000001,1.0718550277230197,1.0643520425289585,0.6048618233426395,0.35724758722761674,True
fermion_only,0.994,1.0718550277230197,1.0654238975566814,0.6057495934626234,0.3573398866550307,True
fermion_only,0.9950000000000001,1.0718550277230197,1.0664957525844048,0.6066373556636973,0.3574358972858567,True
fermion_only,0.996,1.0718550277230197,1.0675676076121277,0.6075251100320256,0.3575356160123805,True
fermion_only,0.9970000000000001,1.0718550277230197,1.0686394626398508,0.6084128564528446,0.3576390394229936,True
fermion_only,0.998,1.0718550277230197,1.0697113176675737,0.6093005949101227,0.3577461643788453,True
fermion_only,0.9990000000000001,1.0718550277230197,1.0707831726952968,0.6101883255489993,0.3578569873618236,True
fermion_only,1.0,1.0718550277230197,1.0718550277230197,0.6110760482679778,0.3579715048082065,True
fermion_only,1.0010000000000001,1.0718550277230197,1.0729268827507428,0.6119637630134456,0.3580897129477134,True
fermion_only,1.002,1.0718550277230197,1.0739987377784657,0.6128514699038745,0.3582116081502707,True
fermion_only,1.0030000000000001,1.0718550277230197,1.0750705928061888,0.6137391688624705,0.35833718646991486,True
fermion_only,1.004,1.0718550277230197,1.0761424478339117,0.6146268599161231,0.3584664439131909,True
fermion_only,1.0050000000000001,1.0718550277230197,1.0772143028616348,0.6155145431029463,0.3585993763862473,True
fermion_only,1.006,1.0718550277230197,1.0782861578893579,0.616402218365375,0.35873597963061477,True
fermion_only,1.0070000000000001,1.0718550277230197,1.079358012917081,0.6172898856891762,0.3588762493569323,True
fermion_only,1.008,1.0718550277230197,1.080429867944804,0.6181775451653881,0.3590201811450302,True
fermion_only,1.0090000000000001,1.0718550277230197,1.081501722972527,0.6190651967298622,0.3591677704254445,True
fermion_only,1.01,1.0718550277230197,1.08257357800025,0.619952840361282,0.3593190126773609,True
fermion_only,1.0110000000000001,1.0718550277230197,1.083645433027973,0.6208404760756014,0.3594739029436523,True
fermion_only,1.012,1.0718550277230197,1.084717288055696,0.6217281039256339,0.3596324367258614,True
fermion_only,1.0130000000000001,1.0718550277230197,1.085789143083419,0.6226157238249708,0.3597946086400998,True
fermion_only,1.014,1.0718550277230197,1.086860998111142,0.6235033358222952,0.3599604140381631,True
fermion_only,1.0150000000000001,1.0718550277230197,1.087932853138865,0.6243909399524683,0.36012984760793443,True
fermion_only,1.016,1.0718550277230197,1.089004708166588,0.625278536144025,0.36030290410435645,True
fermion_only,1.0170000000000001,1.0718550277230197,1.0900765631943112,0.6261661244683969,0.36047957816203313,True
fermion_only,1.018,1.0718550277230197,1.0911484182220341,0.62705370485161,0.3606598643845567,True
fermion_only,1.0190000000000001,1.0718550277230197,1.0922202732497572,0.627941277373889,0.36084375723558115,True
fermion_only,1.02,1.0718550277230197,1.0932921282774801,0.6288288419212029,0.3610312510521434,True
fermion_only,1.0210000000000001,1.0718550277230197,1.0943639833052032,0.6297163985917509,0.36122234006208626,True
fermion_only,1.022,1.0718550277230197,1.0954358383329261,0.630603947382602,0.36141701866284115,True
fermion_only,1.0230000000000001,1.0718550277230197,1.0965076933606492,0.6314914882805889,0.36161528055336145,True
fermion_only,1.024,1.0718550277230197,1.0975795483883721,0.6323790212716229,0.3618171199629557,True
fermion_only,1.0250000000000001,1.0718550277230197,1.0986514034160952,0.6332665463313125,0.36202253064766254,True
fermion_only,1.026,1.0718550277230197,1.0997232584438181,0.6341540634531073,0.3622315065327851,True
fermion_only,1.0270000000000001,1.0718550277230197,1.1007951134715412,0.6350415727319869,0.3624440413937427,True
fermion_only,1.028,1.0718550277230197,1.1018669684992641,0.6359290740874823,0.36266012874092407,True
fermion_only,1.0290000000000001,1.0718550277230197,1.1029388235269875,0.6368165675043502,0.3628797620110058,True
fermion_only,1.03,1.0718550277230197,1.1040106785547104,0.63770405311806,0.36310293476049954,True
fermion_only,1.031,1.0718550277230197,1.1050825335824332,0.6385915307203005,0.3633296403780901,True
fermion_only,1.032,1.0718550277230197,1.1061543886101564,0.6394790004425666,0.3635598721435868,True
fermion_only,1.033,1.0718550277230197,1.1072262436378792,0.6403664622966154,0.3637936228457689,True
fermion_only,1.034,1.0718550277230197,1.1082980986656024,0.6412539162393593,0.364030886157919,True
fermion_only,1.035,1.0718550277230197,1.1093699536933253,0.6421413622630046,0.3642716547865012,True
fermion_only,1.036,1.0718550277230197,1.1104418087210484,0.6430288003513085,0.36451592156393064,True
fermion_only,1.037,1.0718550277230197,1.1115136637487713,0.6439162306629664,0.36476367967688994,True
fermion_only,1.038,1.0718550277230197,1.1125855187764944,0.6448036529512646,0.3650149214953907,True
fermion_only,1.039,1.0718550277230197,1.1136573738042173,0.6456910672959948,0.3652696401041411,True
fermion_only,1.04,1.0718550277230197,1.1147292288319406,0.6465784738301394,0.3655278278313456,True
fermion_only,1.041,1.0718550277230197,1.1158010838596635,0.6474658724309412,0.3657894772486774,True
fermion_only,1.042,1.0718550277230197,1.1168729388873866,0.6483532631172184,0.36605458075201835,True
fermion_only,1.043,1.0718550277230197,1.1179447939151095,0.649240645955429,0.3663231310463015,True
fermion_only,1.044,1.0718550277230197,1.1190166489428326,0.6501280207953375,0.3665951199801529,True
fermion_only,1.045,1.0718550277230197,1.1200885039705555,0.6510153878352853,0.36687054004538183,True
fermion_only,1.046,1.0718550277230197,1.1211603589982786,0.6519027469358285,0.3671493834106348,True
fermion_only,1.047,1.0718550277230197,1.1222322140260015,0.6527900981110335,0.3674316420431766,True
fermion_only,1.048,1.0718550277230197,1.1233040690537246,0.6536774414007462,0.3677173081173218,True
fermion_only,1.049,1.0718550277230197,1.1243759240814475,0.6545647767747353,0.3680063732381674,True
fermion_only,1.05,1.0718550277230197,1.1254477791091706,0.6554521042691275,0.3682988297763847,True
fermion_only,1.051,1.0718550277230197,1.1265196341368935,0.6563394238320197,0.3685946690017306,True
fermion_only,1.052,1.0718550277230197,1.1275914891646168,0.6572267355070882,0.3688938831129869,True
fermion_only,1.053,1.0718550277230197,1.1286633441923397,0.6581140392933338,0.36919646358418906,True
fermion_only,1.054,1.0718550277230197,1.1297351992200628,0.6590013351146617,0.3695024020131736,True
fermion_only,1.055,1.0718550277230197,1.1308070542477857,0.659888623149818,0.3698116899922509,True
fermion_only,1.056,1.0718550277230197,1.1318789092755088,0.6607759031933558,0.3701243188056607,True
fermion_only,1.057,1.0718550277230197,1.1329507643032317,0.6616631754046809,0.3704402799390341,True
fermion_only,1.058,1.0718550277230197,1.1340226193309548,0.6625504396312709,0.37075956498388674,True
fermion_only,1.059,1.0718550277230197,1.1350944743586777,0.6634376960066968,0.371082165278672,True
fermion_only,1.06,1.0718550277230197,1.1361663293864008,0.6643249445000055,0.37140807148953114,True
fermion_only,1.061,1.0718550277230197,1.1372381844141237,0.6652121850105219,0.3717372753132046,True
fermion_only,1.062,1.0718550277230197,1.1383100394418468,0.6660994176638013,0.37206976802091635,True
fermion_only,1.063,1.0718550277230197,1.13938189446957,0.6669866424073079,0.37240554012636634,True
fermion_only,1.064,1.0718550277230197,1.140453749497293,0.6678738592601041,0.3727445830236572,True
fermion_only,1.065,1.0718550277230197,1.141525604525016,0.6687610682310163,0.373086887381671,True
fermion_only,1.066,1.0718550277230197,1.142597459552739,0.6696482692505445,0.3734324445559652,True
fermion_only,1.067,1.0718550277230197,1.143669314580462,0.6705354624219728,0.3737812452595246,True
fermion_only,1.068,1.0718550277230197,1.144741169608185,0.6714226476702612,0.37413327980355576,True
fermion_only,1.069,1.0718550277230197,1.145813024635908,0.6723098250400183,0.37448853961054396,True
fermion_only,1.07,1.0718550277230197,1.146884879663631,0.673196994463332,0.3748470153011604,True
fermion_only,1.071,1.0718550277230197,1.147956734691354,0.6740841560002209,0.37520869691780107,True
fermion_only,1.072,1.0718550277230197,1.149028589719077,0.6749713096495635,0.3755735753917777,True
fermion_only,1.073,1.0718550277230197,1.1501004447468,0.6758584553801072,0.37594164170974914,True
fermion_only,1.074,1.0718550277230197,1.1511722997745233,0.6767455932065292,0.37631288629907533,True
fermion_only,1.075,1.0718550277230197,1.1522441548022462,0.6776327231969304,0.37668729910367077,True
fermion_only,1.076,1.0718550277230197,1.1533160098299693,0.6785198452276764,0.37706487118468773,True
fermion_only,1.077,1.0718550277230197,1.1543878648576922,0.6794069593577978,0.37744559236545033,True
fermion_only,1.078,1.0718550277230197,1.1554597198854153,0.6802940656003953,0.3778294533399894,True
fermion_only,1.079,1.0718550277230197,1.1565315749131382,0.6811811639224175,0.3782164444030105,True
fermion_only,1.08,1.0718550277230197,1.1576034299408613,0.6820682543392298,0.37860655613847627,True
fermion_only,1.081,1.0718550277230197,1.1586752849685842,0.6829553369172126,0.37899977813365976,True
fermion_only,1.082,1.0718550277230197,1.1597471399963073,0.6838424115529262,0.37939610094046305,True
fermion_only,1.083,1.0718550277230197,1.1608189950240302,0.6847294782961089,0.37979551478652857,True
fermion_only,1.084,1.0718550277230197,1.1618908500517533,0.685616537109146,0.3801980099726454,True
fermion_only,1.085,1.0718550277230197,1.1629627050794762,0.6865035880548986,0.38060357600202915,True
fermion_only,1.086,1.0718550277230197,1.1640345601071995,0.6873906311139377,0.38101220367918304,True
fermion_only,1.087,1.0718550277230197,1.1651064151349224,0.6882776662558321,0.38142388252667303,True
fermion_only,1.088,1.0718550277230197,1.1661782701626455,0.689164693482136,0.38183860262601244,True
fermion_only,1.089,1.0718550277230197,1.1672501251903684,0.6900517128326067,0.3822563540115122,True
fermion_only,1.09,1.0718550277230197,1.1683219802180915,0.6909387242416409,0.38267712692576217,True
fermion_only,1.091,1.0718550277230197,1.1693938352458144,0.6918257277746864,0.3831009107957118,True
fermion_only,1.092,1.0718550277230197,1.1704656902735375,0.692712723433353,0.38352769590028124,True
fermion_only,1.093,1.0718550277230197,1.1715375453012604,0.693599711152959,0.38395747215185555,True
fermion_only,1.094,1.0718550277230197,1.1726094003289835,0.6944866909553316,0.38439022900896624,True
fermion_only,1.095,1.0718550277230197,1.1736812553567064,0.695373662960963,0.38482595673919606,True
fermion_only,1.096,1.0718550277230197,1.1747531103844295,0.6962606269944382,0.38526464459578097,True
fermion_only,1.097,1.0718550277230197,1.1758249654121526,0.697147583122637,0.385706283057721,True
fermion_only,1.098,1.0718550277230197,1.1768968204398758,0.698034531347469,0.38615086130756016,True
fermion_only,1.099,1.0718550277230197,1.1779686754675986,0.6989214717389003,0.3865983692682083,True
fermion_only,1.1,1.0718550277230197,1.1790405304953218,0.699808404175839,0.38704879705464873,True
fermion_only,1.101,1.0718550277230197,1.1801123855230446,0.7006953287218898,0.38750213380816995,True
fermion_only,1.102,1.0718550277230197,1.1811842405507678,0.7015822453653731,0.3879583692171678,True
fermion_only,1.103,1.0718550277230197,1.1822560955784907,0.7024691541335892,0.3884174930125081,True
fermion_only,1.104,1.0718550277230197,1.1833279506062138,0.7033560549293827,0.38887949562694457,True
fermion_only,1.105,1.0718550277230197,1.1843998056339367,0.7042429478803625,0.38934436577757014,True
fermion_only,1.106,1.0718550277230197,1.1854716606616598,0.7051298329475264,0.3898120931634782,True
fermion_only,1.107,1.0718550277230197,1.1865435156893827,0.7060167100859771,0.3902826675476728,True
fermion_only,1.108,1.0718550277230197,1.187615370717106,0.7069035793487388,0.3907560789027544,True
fermion_only,1.109,1.0718550277230197,1.1886872257448289,0.7077904406889934,0.3912323159790377,True
fermion_only,1.11,1.0718550277230197,1.189759080772552,0.7086772941604758,0.3917113690824094,True
fermion_only,1.111,1.0718550277230197,1.1908309358002749,0.7095641396968055,0.392193227941798,True
fermion_only,1.112,1.0718550277230197,1.191902790827998,0.7104509773821044,0.3926778813231896,True
fermion_only,1.113,1.0718550277230197,1.1929746458557209,0.7113378070925713,0.3931653193607322,True
fermion_only,1.114,1.0718550277230197,1.194046500883444,0.7122246289962275,0.3936555311720051,True
fermion_only,1.115,1.0718550277230197,1.1951183559111669,0.7131114429585916,0.3941485068349207,True
fermion_only,1.116,1.0718550277230197,1.19619021093889,0.7139982490758978,0.3946442355452984,True
fermion_only,1.117,1.0718550277230197,1.1972620659666129,0.7148850472271095,0.3951427065244761,True
fermion_only,1.118,1.0718550277230197,1.198333920994336,0.7157718375267241,0.3956439100082867,True
fermion_only,1.119,1.0718550277230197,1.199405776022059,0.7166586198366853,0.3961478349941098,True
fermion_only,1.12,1.0718550277230197,1.2004776310497822,0.7175453943635612,0.3966544710033048,True
fermion_only,1.121,1.0718550277230197,1.2015494860775051,0.7184321609344124,0.39716380756184505,True
fermion_only,1.122,1.0718550277230197,1.2026213411052282,0.7193189196195937,0.39767583468441825,True
fermion_only,1.123,1.0718550277230197,1.2036931961329511,0.7202056703346726,0.39819054132749926,True
fermion_only,1.124,1.0718550277230197,1.2047650511606742,0.7210924132751373,0.3987079168673196,True
fermion_only,1.125,1.0718550277230197,1.2058369061883971,0.7219791482823812,0.3992279515846224,True
fermion_only,1.1260000000000001,1.0718550277230197,1.2069087612161202,0.7228658753515416,0.39975063430846597,True
fermion_only,1.127,1.0718550277230197,1.2079806162438431,0.7237525945412715,0.40027595459749327,True
fermion_only,1.1280000000000001,1.0718550277230197,1.2090524712715662,0.724639305894037,0.4008039021336685,True
fermion_only,1.129,1.0718550277230197,1.2101243262992891,0.725526009278521,0.4013344667696614,True
fermion_only,1.1300000000000001,1.0718550277230197,1.2111961813270122,0.7264127046952562,0.4018676369310327,True
fermion_only,1.131,1.0718550277230197,1.2122680363547353,0.7272993923630677,0.4024034040940664,True
fermion_only,1.1320000000000001,1.0718550277230197,1.2133398913824585,0.7281860720923516,0.4029417559376499,True
fermion_only,1.133,1.0718550277230197,1.2144117464101813,0.7290727438988287,0.4034826819814944,True
fermion_only,1.1340000000000001,1.0718550277230197,1.2154836014379045,0.729959407815084,0.404026173328499,True
fermion_only,1.135,1.0718550277230197,1.2165554564656273,0.7308460638672409,0.40457221842196806,True
fermion_only,1.1360000000000001,1.0718550277230197,1.2176273114933505,0.7317327119636285,0.4051208071761908,True
fermion_only,1.137,1.0718550277230197,1.2186991665210734,0.7326193521740798,0.4056719285568145,True
fermion_only,1.1380000000000001,1.0718550277230197,1.2197710215487965,0.7335059844975067,0.40622557299111317,True
fermion_only,1.139,1.0718550277230197,1.2208428765765194,0.7343926089359298,0.4067817295491333,True
fermion_only,1.1400000000000001,1.0718550277230197,1.2219147316042425,0.7352792255108653,0.40734038796084554,True
fermion_only,1.141,1.0718550277230197,1.2229865866319654,0.7361658341467625,0.4079015381661254,True
fermion_only,1.1420000000000001,1.0718550277230197,1.2240584416596887,0.7370524348947249,0.40846516953593187,True
fermion_only,1.143,1.0718550277230197,1.2251302966874116,0.737939027757395,0.40903127106291515,True
fermion_only,1.1440000000000001,1.0718550277230197,1.2262021517151347,0.738825612669014,0.40959983311400605,True
fermion_only,1.145,1.0718550277230197,1.2272740067428576,0.7397121897351533,0.4101708454927366,True
fermion_only,1.1460000000000001,1.0718550277230197,1.2283458617705807,0.7405987589025553,0.41074429715235783,True
fermion_only,1.147,1.0718550277230197,1.2294177167983036,0.7414853201957228,0.4113201785056302,True
fermion_only,1.1480000000000001,1.0718550277230197,1.2304895718260267,0.7423718735725782,0.4118984788165141,True
fermion_only,1.149,1.0718550277230197,1.2315614268537496,0.7432584190588343,0.41247918787871607,True
fermion_only,1.1500000000000001,1.0718550277230197,1.2326332818814727,0.7441449566246483,0.4130622957883505,True
fermion_only,1.151,1.0718550277230197,1.2337051369091956,0.7450314862942786,0.41364779176449173,True
fermion_only,1.1520000000000001,1.0718550277230197,1.2347769919369187,0.7459180080813033,0.41423566564981323,True
fermion_only,1.153,1.0718550277230197,1.2358488469646416,0.7468045220189956,0.4148259077739363,True
fermion_only,1.1540000000000001,1.0718550277230197,1.236920701992365,0.7476910279551774,0.4154185071217764,True
fermion_only,1.155,1.0718550277230197,1.2379925570200878,0.7485775260809069,0.41601345381768606,True
fermion_only,1.1560000000000001,1.0718550277230197,1.239064412047811,0.7494640162914346,0.41661073814593846,True
fermion_only,1.157,1.0718550277230197,1.2401362670755338,0.7503504986057896,0.41721034948642544,True
fermion_only,1.158,1.0718550277230197,1.2412081221032567,0.7512369730322876,0.4178122777467186,True
fermion_only,1.159,1.0718550277230197,1.2422799771309798,0.7521234395715726,0.41841651295814236,True
fermion_only,1.16,1.0718550277230197,1.2433518321587027,0.7530098981960109,0.4190230449662307,True
fermion_only,1.161,1.0718550277230197,1.2444236871864258,0.7538963489029826,0.4196318638292756,True
fermion_only,1.162,1.0718550277230197,1.2454955422141487,0.7547827917635974,0.4202429598005775,True
fermion_only,1.163,1.0718550277230197,1.2465673972418718,0.7556692267139842,0.4208563215748451,True
fermion_only,1.164,1.0718550277230197,1.2476392522695947,0.7565556537644125,0.4214719400650819,True
fermion_only,1.165,1.0718550277230197,1.248711107297318,0.7574420729324904,0.4220898060021474,True
fermion_only,1.166,1.0718550277230197,1.249782962325041,0.7583284841625071,0.4227099082418404,True
fermion_only,1.167,1.0718550277230197,1.250854817352764,0.7592148874967952,0.4233322368185899,True
fermion_only,1.168,1.0718550277230197,1.251926672380487,0.7601012829977494,0.4239567826696408,True
fermion_only,1.169,1.0718550277230197,1.25299852740821,0.7609876705998775,0.42458353535051896,True
fermion_only,1.17,1.0718550277230197,1.254070382435933,0.7618740502768118,0.42521248545996876,True
fermion_only,1.171,1.0718550277230197,1.255142237463656,0.7627604220813877,0.42584362245860585,True
fermion_only,1.172,1.0718550277230197,1.256214092491379,0.7636467859627905,0.4264769369098032,True
fermion_only,1.173,1.0718550277230197,1.257285947519102,0.7645331419692925,0.42711241941968614,True
fermion_only,1.174,1.0718550277230197,1.258357802546825,0.7654194900604705,0.4277500596024406,True
fermion_only,1.175,1.0718550277230197,1.259429657574548,0.7663058302770698,0.4283898476522659,True
fermion_only,1.176,1.0718550277230197,1.260501512602271,0.767192162623398,0.42903177490637895,True
fermion_only,1.177,1.0718550277230197,1.2615733676299943,0.7680784870467194,0.42967583020333866,True
fermion_only,1.178,1.0718550277230197,1.2626452226577172,0.7689648036322883,0.4303220049925882,True
fermion_only,1.179,1.0718550277230197,1.2637170776854403,0.7698511121921658,0.43097028900242973,True
fermion_only,1.18,1.0718550277230197,1.2647889327131632,0.7707374129446887,0.4316206728059351,True
fermion_only,1.181,1.0718550277230197,1.2658607877408863,0.7716237058600028,0.432273147579739,True
fermion_only,1.182,1.0718550277230197,1.2669326427686092,0.7725099907776367,0.43292770196421826,True
fermion_only,1.183,1.0718550277230197,1.2680044977963323,0.7733962678557083,0.4335843283837151,True
fermion_only,1.184,1.0718550277230197,1.2690763528240552,0.7742825370086193,0.4342430160469725,True
fermion_only,1.185,1.0718550277230197,1.2701482078517783,0.7751687982781919,0.4349037558767805,True
fermion_only,1.186,1.0718550277230197,1.2712200628795012,0.776055051700486,0.4355665383401305,True
fermion_only,1.187,1.0718550277230197,1.2722919179072243,0.776941297169853,0.4362313543131442,True
fermion_only,1.188,1.0718550277230197,1.2733637729349474,0.7778275347839925,0.43689819463829566,True
fermion_only,1.189,1.0718550277230197,1.2744356279626705,0.778713764490413,0.43756704880760067,True
fermion_only,1.19,1.0718550277230197,1.2755074829903934,0.779599986281243,0.43823790850932054,True
fermion_only,1.191,1.0718550277230197,1.2765793380181165,0.780486200220698,0.43891076490697994,True
fermion_only,1.192,1.0718550277230197,1.2776511930458394,0.7813724062522454,0.439585606915564,True
fermion_only,1.193,1.0718550277230197,1.2787230480735625,0.7822586043715996,0.4402624267694756,True
fermion_only,1.194,1.0718550277230197,1.2797949031012854,0.783144794618984,0.44094121563910926,True
fermion_only,1.195,1.0718550277230197,1.2808667581290085,0.7840309769708176,0.4416219628577652,True
fermion_only,1.196,1.0718550277230197,1.2819386131567314,0.7849171514524356,0.4423046600615704,True
fermion_only,1.197,1.0718550277230197,1.2830104681844545,0.7858033179863444,0.4429892979770197,True
fermion_only,1.198,1.0718550277230197,1.2840823232121774,0.7866894766835775,0.443675867988468,True
fermion_only,1.199,1.0718550277230197,1.2851541782399007,0.7875756274647316,0.4443643606280737,True
fermion_only,1.2,1.0718550277230197,1.2862260332676236,0.7884617703956431,0.4450547666186677,True
fermion_only,1.201,1.0718550277230197,1.2872978882953467,0.7893479053985075,0.44574707742477515,True
fermion_only,1.202,1.0718550277230197,1.2883697433230696,0.790234032468573,0.4464412839243553,True
fermion_only,1.203,1.0718550277230197,1.2894415983507928,0.7911201517162625,0.44713737702939726,True
fermion_only,1.204,1.0718550277230197,1.2905134533785156,0.7920062630398461,0.44783534826952526,True
fermion_only,1.205,1.0718550277230197,1.2915853084062388,0.7928923664487608,0.44853518793802427,True
fermion_only,1.206,1.0718550277230197,1.2926571634339616,0.7937784620285382,0.44923688913656373,True
fermion_only,1.207,1.0718550277230197,1.2937290184616848,0.7946645496525129,0.4499404402400313,True
fermion_only,1.208,1.0718550277230197,1.2948008734894076,0.7955506294243686,0.45064583424447324,True
fermion_only,1.209,1.0718550277230197,1.2958727285171308,0.7964367012518458,0.451353062242318,True
fermion_only,1.21,1.0718550277230197,1.2969445835448536,0.797322765264874,0.4520621153450959,True
fermion_only,1.211,1.0718550277230197,1.298016438572577,0.7982088212784455,0.45277298517812403,True
fermion_only,1.212,1.0718550277230197,1.2990882936002999,0.799094869520045,0.4534856625354456,True
fermion_only,1.213,1.0718550277230197,1.300160148628023,0.7999809098590771,0.454200139453586,True
fermion_only,1.214,1.0718550277230197,1.3012320036557459,0.8008669422465364,0.4549164066370039,True
fermion_only,1.215,1.0718550277230197,1.302303858683469,0.8017529667759149,0.4556344556741671,True
fermion_only,1.216,1.0718550277230197,1.3033757137111919,0.8026389833930336,0.45635427913399373,True
fermion_only,1.217,1.0718550277230197,1.304447568738915,0.8035249921256371,0.4570758671629673,True
fermion_only,1.218,1.0718550277230197,1.3055194237666379,0.8044109929301935,0.4577992119597865,True
fermion_only,1.219,1.0718550277230197,1.306591278794361,0.8052969859276726,0.4585243041152115,True
fermion_only,1.22,1.0718550277230197,1.3076631338220839,0.8061829709895885,0.4592511374727747,True
fermion_only,1.221,1.0718550277230197,1.308734988849807,0.8070689481817994,0.45997970157441936,True
fermion_only,1.222,1.0718550277230197,1.30980684387753,0.8079549174612621,0.46070998906923805,True
fermion_only,1.223,1.0718550277230197,1.3108786989052532,0.808840878816286,0.46144199149851717,True
fermion_only,1.224,1.0718550277230197,1.311950553932976,0.8097268322948659,0.462175700593019,True
fermion_only,1.225,1.0718550277230197,1.3130224089606992,0.810612777962505,0.4629111081268061,True
fermion_only,1.226,1.0718550277230197,1.314094263988422,0.811498715675496,0.46364820635567744,True
fermion_only,1.227,1.0718550277230197,1.3151661190161452,0.8123846455283745,0.4643869859859409,True
fermion_only,1.228,1.0718550277230197,1.316237974043868,0.8132705674565144,0.46512744067325257,True
fermion_only,1.229,1.0718550277230197,1.3173098290715912,0.8141564815122071,0.4658695600421678,True
fermion_only,1.23,1.0718550277230197,1.318381684099314,0.8150423876656654,0.4666133387443811,True
fermion_only,1.231,1.0718550277230197,1.3194535391270372,0.8159282860015882,0.467358766682361,True
fermion_only,1.232,1.0718550277230197,1.3205253941547601,0.8168141763072123,0.46810583618537493,True
fermion_only,1.233,1.0718550277230197,1.3215972491824834,0.8177000587882621,0.4688545396813207,True
fermion_only,1.234,1.0718550277230197,1.3226691042102063,0.8185859334101653,0.46960486954624664,True
fermion_only,1.235,1.0718550277230197,1.3237409592379294,0.8194718001310108,0.47035681709601596,True
fermion_only,1.236,1.0718550277230197,1.3248128142656523,0.8203576589232653,0.47111037513940907,True
fermion_only,1.237,1.0718550277230197,1.3258846692933755,0.8212435099196891,0.4718655366494128,True
fermion_only,1.238,1.0718550277230197,1.3269565243210983,0.8221293529261264,0.4726222919605322,True
fermion_only,1.239,1.0718550277230197,1.3280283793488215,0.8230151880858294,0.4733806347387885,True
fermion_only,1.24,1.0718550277230197,1.3291002343765443,0.8239010153594184,0.47414055635719965,True
fermion_only,1.241,1.0718550277230197,1.3301720894042675,0.8247868346994536,0.4749020494713928,True
fermion_only,1.242,1.0718550277230197,1.3312439444319903,0.8256726462160913,0.475665106990044,True
fermion_only,1.243,1.0718550277230197,1.3323157994597135,0.8265584498173606,0.47642972062010336,True
fermion_only,1.244,1.0718550277230197,1.3333876544874363,0.8274442455099007,0.4771958828713025,True
fermion_only,1.245,1.0718550277230197,1.3344595095151597,0.828330033349578,0.4779635867287668,True
fermion_only,1.246,1.0718550277230197,1.3355313645428826,0.8292158132450878,0.4787328243767819,True
fermion_only,1.247,1.0718550277230197,1.3366032195706057,0.830101585273868,0.4795035884191438,True
fermion_only,1.248,1.0718550277230197,1.3376750745983286,0.8309873494723785,0.48027587084719053,True
fermion_only,1.249,1.0718550277230197,1.3387469296260517,0.831873105703651,0.48104966465723387,True
fermion_only,1.25,1.0718550277230197,1.3398187846537746,0.8327588540906095,0.48182496204852465,True
fermion_only,1.2510000000000001,1.0718550277230197,1.3408906396814977,0.8336445945953619,0.48260175734288485,True
fermion_only,1.252,1.0718550277230197,1.3419624947092206,0.8345303272215832,0.4833800414239782,True
fermion_only,1.2530000000000001,1.0718550277230197,1.3430343497369437,0.8354160519611908,0.48415980750363824,True
fermion_only,1.254,1.0718550277230197,1.3441062047646666,0.8363017687793572,0.4849410485908142,True
fermion_only,1.2550000000000001,1.0718550277230197,1.3451780597923897,0.8371874776601507,0.4857237577241521,True
fermion_only,1.256,1.0718550277230197,1.3462499148201128,0.8380731786999052,0.4865079261281796,True
fermion_only,1.2570000000000001,1.0718550277230197,1.347321769847836,0.8389588718647145,0.4872935491394111,True
fermion_only,1.258,1.0718550277230197,1.3483936248755588,0.8398445571308533,0.48808061818661336,True
fermion_only,1.2590000000000001,1.0718550277230197,1.349465479903282,0.8407302345376677,0.48886912577250197,True
fermion_only,1.26,1.0718550277230197,1.3505373349310048,0.8416159040344984,0.48965906544711196,True
fermion_only,1.2610000000000001,1.0718550277230197,1.351609189958728,0.8425015656896129,0.49045043037558994,True
fermion_only,1.262,1.0718550277230197,1.3526810449864508,0.8433872193598368,0.49124321436453183,True
fermion_only,1.2630000000000001,1.0718550277230197,1.353752900014174,0.8442728651907538,0.49203740760741316,True
fermion_only,1.264,1.0718550277230197,1.3548247550418968,0.8451585031396536,0.49283300613173003,True
fermion_only,1.2650000000000001,1.0718550277230197,1.35589661006962,0.8460441331871404,0.4936300027114375,True
fermion_only,1.266,1.0718550277230197,1.3569684650973428,0.846929755382686,0.49442838840163833,True
fermion_only,1.2670000000000001,1.0718550277230197,1.3580403201250661,0.8478153696961699,0.49522815898553524,True
fermion_only,1.268,1.0718550277230197,1.359112175152789,0.8487009760646425,0.4960293058836252,True
fermion_only,1.2690000000000001,1.0718550277230197,1.3601840301805121,0.8495865745766107,0.49683182295162553,True
fermion_only,1.27,1.0718550277230197,1.361255885208235,0.8504721651643399,0.4976357040142109,True
fermion_only,1.2710000000000001,1.0718550277230197,1.3623277402359582,0.8513577479033696,0.49844094125714344,True
fermion_only,1.272,1.0718550277230197,1.363399595263681,0.85224332273518,0.4992475285883319,True
fermion_only,1.2730000000000001,1.0718550277230197,1.3644714502914042,0.8531288897085321,0.5000554593457261,True
fermion_only,1.274,1.0718550277230197,1.365543305319127,0.8540144487721557,0.500864727069062,True
fermion_only,1.2750000000000001,1.0718550277230197,1.3666151603468502,0.8548999999497209,0.5016753253840956,True
fermion_only,1.276,1.0718550277230197,1.367687015374573,0.8557855432709149,0.5024872474814563,True
fermion_only,1.2770000000000001,1.0718550277230197,1.3687588704022962,0.8566710786805709,0.5033004874456884,True
fermion_only,1.278,1.0718550277230197,1.369830725430019,0.8575566062159146,0.5041150368169481,True
fermion_only,1.2790000000000001,1.0718550277230197,1.3709025804577424,0.8584421258491681,0.5049308918632587,True
fermion_only,1.28,1.0718550277230197,1.3719744354854653,0.859327637593954,0.5057480440244153,True
fermion_only,1.2810000000000001,1.0718550277230197,1.3730462905131884,0.8602131414484071,0.5065664883457259,True
fermion_only,1.282,1.0718550277230197,1.3741181455409113,0.8610986374259277,0.5073862171012901,True
fermion_only,1.2830000000000001,1.0718550277230197,1.3751900005686344,0.8619841255193106,0.5082072256780719,True
fermion_only,1.284,1.0718550277230197,1.3762618555963573,0.8628696057192964,0.5090295069940657,True
fermion_only,1.2850000000000001,1.0718550277230197,1.3773337106240804,0.8637550780383085,0.509853054717226,True
fermion_only,1.286,1.0718550277230197,1.3784055656518033,0.8646405425192571,0.5106778624022498,True
fermion_only,1.287,1.0718550277230197,1.3794774206795262,0.8655259990784425,0.5115039241927501,True
fermion_only,1.288,1.0718550277230197,1.3805492757072493,0.8664114477184959,0.5123312344768047,True
fermion_only,1.289,1.0718550277230197,1.3816211307349722,0.8672968884917975,0.513159786380534,True
fermion_only,1.29,1.0718550277230197,1.3826929857626955,0.8681823213446349,0.5139895728804099,True
fermion_only,1.291,1.0718550277230197,1.3837648407904184,0.86906774635227,0.5148205901036205,True
fermion_only,1.292,1.0718550277230197,1.3848366958181415,0.8699531635355084,0.5156528301385904,True
fermion_only,1.293,1.0718550277230197,1.3859085508458644,0.8708385727419832,0.5164862883464935,True
fermion_only,1.294,1.0718550277230197,1.3869804058735875,0.8717239740866911,0.5173209581726707,True
fermion_only,1.295,1.0718550277230197,1.3880522609013104,0.8726093675846536,0.518156833411568,True
fermion_only,1.296,1.0718550277230197,1.3891241159290335,0.8734947531372605,0.518993908237572,True
fermion_only,1.297,1.0718550277230197,1.3901959709567564,0.8743801308333299,0.51983217769823,True
fermion_only,1.298,1.0718550277230197,1.3912678259844795,0.8752655006554866,0.5206716345670828,True
fermion_only,1.299,1.0718550277230197,1.3923396810122024,0.8761508625733883,0.5215122739411733,True
fermion_only,1.3,1.0718550277230197,1.3934115360399255,0.877036216573579,0.5223540892069457,True
fermion_only,1.301,1.0718550277230197,1.3944833910676484,0.8779215627230941,0.5231970756274008,True
fermion_only,1.302,1.0718550277230197,1.3955552460953717,0.878806900996365,0.5240412267242911,True
fermion_only,1.303,1.0718550277230197,1.3966271011230946,0.8796922314096012,0.5248865373625513,True
fermion_only,1.304,1.0718550277230197,1.3976989561508177,0.8805775538608396,0.5257330018216515,True
fermion_only,1.305,1.0718550277230197,1.3987708111785406,0.8814628685377968,0.5265806129877384,True
fermion_only,1.306,1.0718550277230197,1.3998426662062637,0.8823481752193274,0.5274293672371655,True
fermion_only,1.307,1.0718550277230197,1.4009145212339866,0.8832334740449199,0.5282792580011719,True
fermion_only,1.308,1.0718550277230197,1.4019863762617097,0.8841187650288074,0.5291302791302681,True
fermion_only,1.309,1.0718550277230197,1.4030582312894326,0.8850040481109378,0.5299824272871615,True
fermion_only,1.31,1.0718550277230197,1.4041300863171557,0.8858893233027687,0.5308356939817228,True
fermion_only,1.311,1.0718550277230197,1.4052019413448786,0.8867745906065427,0.5316900766392146,True
fermion_only,1.312,1.0718550277230197,1.4062737963726017,0.8876598500311195,0.5325455672559686,True
fermion_only,1.313,1.0718550277230197,1.4073456514003249,0.888545101584759,0.5334021628867467,True
fermion_only,1.314,1.0718550277230197,1.408417506428048,0.8894303451715158,0.5342598561875802,True
fermion_only,1.315,1.0718550277230197,1.4094893614557709,0.8903155809792507,0.5351186419508072,True
fermion_only,1.316,1.0718550277230197,1.410561216483494,0.8912008088385659,0.5359785153663001,True
fermion_only,1.317,1.0718550277230197,1.4116330715112169,0.8920860288658572,0.5368394722397191,True
fermion_only,1.318,1.0718550277230197,1.41270492653894,0.8929712409403101,0.537701504344367,True
fermion_only,1.319,1.0718550277230197,1.4137767815666629,0.8938564452145137,0.5385646095461347,True
fermion_only,1.32,1.0718550277230197,1.414848636594386,0.8947416415483245,0.5394287810178344,True
fermion_only,1.321,1.0718550277230197,1.4159204916221089,0.8956268300378989,0.5402940143532952,True
fermion_only,1.322,1.0718550277230197,1.416992346649832,0.8965120105975499,0.5411603032050711,True
fermion_only,1.323,1.0718550277230197,1.4180642016775549,0.8973971832820338,0.5420276429855779,True
fermion_only,1.324,1.0718550277230197,1.4191360567052782,0.8982823481198499,0.5428960293121596,True
fermion_only,1.325,1.0718550277230197,1.420207911733001,0.8991675050398884,0.5437654558941468,True
fermion_only,1.326,1.0718550277230197,1.4212797667607242,0.9000526540840381,0.5446359184409778,True
fermion_only,1.327,1.0718550277230197,1.422351621788447,0.9009377952498121,0.5455074103271814,True
fermion_only,1.328,1.0718550277230197,1.4234234768161702,0.9018229285382429,0.5463799302937831,True
fermion_only,1.329,1.0718550277230197,1.424495331843893,0.9027080539428578,0.547253469348167,True
fermion_only,1.33,1.0718550277230197,1.4255671868716162,0.9035931714522549,0.5481280243996378,True
fermion_only,1.331,1.0718550277230197,1.426639041899339,0.9044782810638141,0.5490035905464945,True
fermion_only,1.332,1.0718550277230197,1.4277108969270622,0.9053633828170704,0.549880162986416,True
fermion_only,1.333,1.0718550277230197,1.428782751954785,0.9062484766882428,0.5507577347891681,True
fermion_only,1.334,1.0718550277230197,1.4298546069825082,0.9071335626949173,0.551636305106859,True
fermion_only,1.335,1.0718550277230197,1.430926462010231,0.9080186408185753,0.5525158654807618,True
fermion_only,1.336,1.0718550277230197,1.4319983170379544,0.9089037110492026,0.5533964118404312,True
fermion_only,1.337,1.0718550277230197,1.4330701720656773,0.9097887733769405,0.5542779401886736,True
fermion_only,1.338,1.0718550277230197,1.4341420270934004,0.9106738278201743,0.5551604457214371,True
fermion_only,1.339,1.0718550277230197,1.4352138821211233,0.911558874357532,0.5560439233506852,True
fermion_only,1.34,1.0718550277230197,1.4362857371488464,0.9124439130794082,0.5569283688199334,True
fermion_only,1.341,1.0718550277230197,1.4373575921765693,0.9133289438593373,0.5578137772940543,True
fermion_only,1.342,1.0718550277230197,1.4384294472042924,0.9142139667550397,0.5587001430539763,True
fermion_only,1.343,1.0718550277230197,1.4395013022320153,0.9150989818324406,0.5595874631209793,True
fermion_only,1.344,1.0718550277230197,1.4405731572597384,0.9159839889810173,0.5604757316740528,True
fermion_only,1.345,1.0718550277230197,1.4416450122874613,0.9168689882804171,0.5613649456511101,True
fermion_only,1.346,1.0718550277230197,1.4427168673151844,0.9177539796585088,0.5622550981335431,True
fermion_only,1.347,1.0718550277230197,1.4437887223429076,0.9186389632159786,0.5631461857370242,True
fermion_only,1.348,1.0718550277230197,1.4448605773706307,0.9195239388288701,0.5640382048885245,True
fermion_only,1.349,1.0718550277230197,1.4459324323983536,0.9204089065899868,0.5649311502733473,True
fermion_only,1.35,1.0718550277230197,1.4470042874260767,0.921293866435402,0.5658250171161955,True
fermion_only,1.351,1.0718550277230197,1.4480761424537996,0.9221788184744617,0.5667198015911893,True
fermion_only,1.352,1.0718550277230197,1.4491479974815227,0.9230637625264437,0.5676154986294797,True
fermion_only,1.353,1.0718550277230197,1.4502198525092456,0.9239486987448586,0.5685121044947583,True
fermion_only,1.354,1.0718550277230197,1.4512917075369687,0.92483362709187,0.5694096141869114,True
fermion_only,1.355,1.0718550277230197,1.4523635625646916,0.9257185475407992,0.5703080233853743,True
fermion_only,1.356,1.0718550277230197,1.4534354175924147,0.9266034601677853,0.5712073293570089,True
fermion_only,1.357,1.0718550277230197,1.4545072726201376,0.9274883648932142,0.5721075252391209,True
fermion_only,1.358,1.0718550277230197,1.455579127647861,0.928373261687343,0.5730086087249188,True
fermion_only,1.359,1.0718550277230197,1.4566509826755838,0.9292581506364916,0.573910574523951,True
fermion_only,1.36,1.0718550277230197,1.457722837703307,0.9301430316882908,0.5748134187276718,True
fermion_only,1.361,1.0718550277230197,1.4587946927310298,0.9310279048803993,0.5757171372630268,True
fermion_only,1.362,1.0718550277230197,1.459866547758753,0.9319127701349239,0.5766217258578868,True
fermion_only,1.363,1.0718550277230197,1.4609384027864758,0.9327976275793404,0.5775271803674146,True
fermion_only,1.364,1.0718550277230197,1.462010257814199,0.9336824771437935,0.5784334971706427,True
fermion_only,1.365,1.0718550277230197,1.4630821128419218,0.9345673187631687,0.5793406708223073,True
fermion_only,1.366,1.0718550277230197,1.464153967869645,0.9354521525762216,0.5802486980454462,True
fermion_only,1.367,1.0718550277230197,1.4652258228973678,0.9363369784639697,0.5811575742355405,True
fermion_only,1.368,1.0718550277230197,1.466297677925091,0.9372217964918605,0.5820672971662803,True
fermion_only,1.369,1.0718550277230197,1.4673695329528138,0.938106606550182,0.5829778600182715,True
fermion_only,1.37,1.0718550277230197,1.4684413879805371,0.938991408822365,0.5838892601654901,True
fermion_only,1.371,1.0718550277230197,1.46951324300826,0.939876203208212,0.5848014946162078,True
fermion_only,1.372,1.0718550277230197,1.4705850980359831,0.94076098967244,0.5857145574515928,True
fermion_only,1.373,1.0718550277230197,1.471656953063706,0.941645768275845,0.5866284465314157,True
fermion_only,1.374,1.0718550277230197,1.4727288080914291,0.9425305389949457,0.5875431559914478,True
fermion_only,1.375,1.0718550277230197,1.473800663119152,0.9434153018839764,0.5884586842001635,True
fermion_only,1.3760000000000001,1.0718550277230197,1.4748725181468751,0.9443000568870041,0.5893750252077575,True
fermion_only,1.377,1.0718550277230197,1.475944373174598,0.9451848039298993,0.5902921767501754,True
fermion_only,1.3780000000000001,1.0718550277230197,1.4770162282023211,0.9460695431632749,0.5912101338016749,True
fermion_only,1.379,1.0718550277230197,1.478088083230044,0.9469542745241588,0.5921288929035807,True
fermion_only,1.3800000000000001,1.0718550277230197,1.4791599382577671,0.9478389979253543,0.5930484511905593,True
fermion_only,1.381,1.0718550277230197,1.4802317932854903,0.9487237135133886,0.5939688032901367,True
fermion_only,1.3820000000000001,1.0718550277230197,1.4813036483132134,0.9496084212262224,0.5948899461930556,True
fermion_only,1.383,1.0718550277230197,1.4823755033409363,0.9504931210410184,0.5958118759989313,True
fermion_only,1.3840000000000001,1.0718550277230197,1.4834473583686594,0.95137781295207,0.5967345890270674,True
fermion_only,1.385,1.0718550277230197,1.4845192133963823,0.9522624970559002,0.5976580822850528,True
fermion_only,1.3860000000000001,1.0718550277230197,1.4855910684241054,0.953147173211133,0.598582350907248,True
fermion_only,1.387,1.0718550277230197,1.4866629234518283,0.954031841506664,0.599507392052619,True
fermion_only,1.3880000000000001,1.0718550277230197,1.4877347784795514,0.954916501914671,0.6004332022326454,True
fermion_only,1.389,1.0718550277230197,1.4888066335072743,0.955801154452518,0.6013597766444447,True
fermion_only,1.3900000000000001,1.0718550277230197,1.4898784885349974,0.9566857991053501,0.6022871127792688,True
fermion_only,1.391,1.0718550277230197,1.4909503435627203,0.9575704359257253,0.6032152068257741,True
fermion_only,1.3920000000000001,1.0718550277230197,1.4920221985904436,0.9584550648345069,0.6041440550588483,True
fermion_only,1.393,1.0718550277230197,1.4930940536181665,0.9593396858442405,0.6050736541111661,True
fermion_only,1.3940000000000001,1.0718550277230197,1.4941659086458896,0.9602242990110699,0.6060039993647632,True
fermion_only,1.395,1.0718550277230197,1.4952377636736125,0.9611089042838028,0.6069350894039942,True
fermion_only,1.3960000000000001,1.0718550277230197,1.4963096187013356,0.961993501683156,0.6078669196423105,True
fermion_only,1.397,1.0718550277230197,1.4973814737290585,0.9628780911846269,0.6087994855684612,True
fermion_only,1.3980000000000001,1.0718550277230197,1.4984533287567816,0.9637626728252302,0.6097327856082355,True
fermion_only,1.399,1.0718550277230197,1.4995251837845045,0.9646472465715261,0.6106668153124891,True
fermion_only,1.4000000000000001,1.0718550277230197,1.5005970388122276,0.9655318124068168,0.6116015714094861,True
fermion_only,1.401,1.0718550277230197,1.5016688938399505,0.9664163704563244,0.6125370501019116,True
fermion_only,1.4020000000000001,1.0718550277230197,1.5027407488676736,0.9673009205522609,0.6134732487595128,True
fermion_only,1.403,1.0718550277230197,1.5038126038953965,0.968185462786253,0.6144101635912719,True
fermion_only,1.4040000000000001,1.0718550277230197,1.5048844589231198,0.9690699971977579,0.6153477915797843,True
fermion_only,1.405,1.0718550277230197,1.5059563139508427,0.9699545236452889,0.6162861286819695,True
fermion_only,1.4060000000000001,1.0718550277230197,1.5070281689785658,0.9708390422973334,0.6172251723513545,True
fermion_only,1.407,1.0718550277230197,1.5081000240062887,0.9717235530345758,0.6181649185131673,True
fermion_only,1.4080000000000001,1.0718550277230197,1.5091718790340118,0.9726080558711048,0.6191053652198211,True
fermion_only,1.409,1.0718550277230197,1.5102437340617347,0.9734925508240622,0.6200465073490568,True
fermion_only,1.4100000000000001,1.0718550277230197,1.5113155890894578,0.9743770379339378,0.6209883428655649,True
fermion_only,1.411,1.0718550277230197,1.5123874441171807,0.9752615171671031,0.6219308690513262,True
fermion_only,1.4120000000000001,1.0718550277230197,1.5134592991449038,0.9761459885086143,0.6228740816619447,True
fermion_only,1.413,1.0718550277230197,1.5145311541726267,0.9770304519693185,0.6238179782210924,True
fermion_only,1.4140000000000001,1.0718550277230197,1.5156030092003498,0.9779149075883065,0.6247625548016815,True
fermion_only,1.415,1.0718550277230197,1.516674864228073,0.9787993552714203,0.6257078086671942,True
fermion_only,1.416,1.0718550277230197,1.5177467192557959,0.9796837951185577,0.6266537364315385,True
fermion_only,1.417,1.0718550277230197,1.518818574283519,0.9805682270595861,0.6276003352348984,True
fermion_only,1.418,1.0718550277230197,1.5198904293112419,0.9814526511500166,0.6285476024131653,True
fermion_only,1.419,1.0718550277230197,1.520962284338965,0.982337067351613,0.6294955340861045,True
fermion_only,1.42,1.0718550277230197,1.5220341393666879,0.9832214756748892,0.6304441277404809,True
fermion_only,1.421,1.0718550277230197,1.523105994394411,0.9841058761274168,0.6313933797947355,True
fermion_only,1.422,1.0718550277230197,1.5241778494221339,0.9849902687086853,0.632343287004711,True
fermion_only,1.423,1.0718550277230197,1.525249704449857,0.9858746533917606,0.6332938475516169,True
fermion_only,1.424,1.0718550277230197,1.5263215594775799,0.9867590302151008,0.6342450575488127,True
fermion_only,1.425,1.0718550277230197,1.527393414505303,0.987643399174043,0.6351969147583606,True
fermion_only,1.426,1.0718550277230197,1.5284652695330259,0.9885277602682541,0.6361494148037367,True
fermion_only,1.427,1.0718550277230197,1.5295371245607492,0.9894121134526257,0.6371025558900036,True
fermion_only,1.428,1.0718550277230197,1.530608979588472,0.9902964587697904,0.6380563347098589,True
fermion_only,1.429,1.0718550277230197,1.5316808346161952,0.991180796225688,0.6390107483622942,True
fermion_only,1.43,1.0718550277230197,1.532752689643918,0.9920651257714352,0.6399657947342515,True
fermion_only,1.431,1.0718550277230197,1.5338245446716412,0.9929494474439249,0.6409214688035231,True
fermion_only,1.432,1.0718550277230197,1.534896399699364,0.9938337612885206,0.6418777696926969,True
fermion_only,1.433,1.0718550277230197,1.5359682547270872,0.9947180672258082,0.6428346936078253,True
fermion_only,1.434,1.0718550277230197,1.53704010975481,0.9956023652594959,0.6437922384210473,True
fermion_only,1.435,1.0718550277230197,1.5381119647825332,0.9964866554071694,0.6447504009366697,True
fermion_only,1.436,1.0718550277230197,1.539183819810256,0.9973709377922524,0.6457091774611982,True
fermion_only,1.437,1.0718550277230197,1.5402556748379792,0.9982552122450028,0.6466685660520293,True
fermion_only,1.438,1.0718550277230197,1.5413275298657023,0.9991394787675745,0.6476285649237097,True
fermion_only,1.439,1.0718550277230197,1.5423993848934254,1.0000237374442444,0.648589168297559,False
fermion_only,1.44,1.0718550277230197,1.5434712399211483,1.0009079882744465,0.6495503763556066,False
fermion_only,1.441,1.0718550277230197,1.5445430949488714,1.001792231244547,0.6505121864857594,False
fermion_only,1.442,1.0718550277230197,1.5456149499765943,1.00267646629002,0.6514745932187218,False
fermion_only,1.443,1.0718550277230197,1.5466868050043174,1.0035606934390762,0.6524375957864333,False
fermion_only,1.444,1.0718550277230197,1.5477586600320403,1.0044449127506683,0.6534011918375651,False
fermion_only,1.445,1.0718550277230197,1.5488305150597634,1.0053291241344353,0.6543653770622081,False
fermion_only,1.446,1.0718550277230197,1.5499023700874863,1.0062133277336627,0.6553301501985931,False
fermion_only,1.447,1.0718550277230197,1.5509742251152094,1.0070975234092616,0.6562955086632876,False
fermion_only,1.448,1.0718550277230197,1.5520460801429323,1.0079817112135125,0.6572614488553942,False
fermion_only,1.449,1.0718550277230197,1.5531179351706557,1.008865891155386,0.6582279672601179,False
fermion_only,1.45,1.0718550277230197,1.5541897901983786,1.0097500632220369,0.6591950632263608,False
fermion_only,1.451,1.0718550277230197,1.5552616452261017,1.010634227387075,0.6601627338258129,False
fermion_only,1.452,1.0718550277230197,1.5563335002538246,1.0115183836962527,0.661130975948956,False
fermion_only,1.453,1.0718550277230197,1.5574053552815477,1.0124025321610497,0.6620997870073585,False
fermion_only,1.454,1.0718550277230197,1.5584772103092706,1.0132866727118106,0.6630691644585643,False
fermion_only,1.455,1.0718550277230197,1.5595490653369937,1.014170805414072,0.6640391066880174,False
fermion_only,1.456,1.0718550277230197,1.5606209203647166,1.0150549302048617,0.6650096094283338,False
fermion_only,1.457,1.0718550277230197,1.5616927753924397,1.0159390471508933,0.6659806714019483,False
fermion_only,1.458,1.0718550277230197,1.5627646304201626,1.016823156239366,0.6669522896237792,False
fermion_only,1.459,1.0718550277230197,1.5638364854478857,1.0177072574235946,0.6679244630876879,False
fermion_only,1.46,1.0718550277230197,1.5649083404756086,1.0185913507105626,0.6688971867090034,False
fermion_only,1.461,1.0718550277230197,1.565980195503332,1.0194754361773528,0.6698704593147808,False
fermion_only,1.462,1.0718550277230197,1.5670520505310548,1.0203595137550203,0.6708442789174015,False
fermion_only,1.463,1.0718550277230197,1.568123905558778,1.0212435834332845,0.6718186415967337,False
fermion_only,1.464,1.0718550277230197,1.5691957605865008,1.0221276452559214,0.6727935463933526,False
fermion_only,1.465,1.0718550277230197,1.570267615614224,1.0230116991738814,0.6737689912625477,False
fermion_only,1.466,1.0718550277230197,1.5713394706419468,1.0238957452919362,0.6747449723051233,False
fermion_only,1.467,1.0718550277230197,1.57241132566967,1.0247797834334493,0.6757214876604516,False
fermion_only,1.468,1.0718550277230197,1.5734831806973928,1.0256638138122276,0.6766985350739109,False
fermion_only,1.469,1.0718550277230197,1.574555035725116,1.0265478362471048,0.6776761128426269,False
fermion_only,1.47,1.0718550277230197,1.5756268907528388,1.0274318507968117,0.678654215873134,False
fermion_only,1.471,1.0718550277230197,1.576698745780562,1.0283158575585483,0.6796328458776868,False
fermion_only,1.472,1.0718550277230197,1.577770600808285,1.0291998564408211,0.6806119977424127,False
fermion_only,1.473,1.0718550277230197,1.5788424558360081,1.0300838473078056,0.6815916704459897,False
fermion_only,1.474,1.0718550277230197,1.579914310863731,1.0309678304428194,0.6825718609366359,False
fermion_only,1.475,1.0718550277230197,1.5809861658914541,1.0318518056476433,0.6835525672391041,False
fermion_only,1.476,1.0718550277230197,1.582058020919177,1.0327357729718711,0.6845337865889523,False
fermion_only,1.477,1.0718550277230197,1.5831298759469001,1.0336197324452234,0.6855155173759379,False
fermion_only,1.478,1.0718550277230197,1.584201730974623,1.034503684070387,0.6864977562049364,False
fermion_only,1.479,1.0718550277230197,1.5852735860023461,1.0353876277431229,0.6874805032150656,False
fermion_only,1.48,1.0718550277230197,1.586345441030069,1.036271563659008,0.6884637543116805,False
fermion_only,1.481,1.0718550277230197,1.5874172960577921,1.037155491578623,0.6894475066078504,False
fermion_only,1.482,1.0718550277230197,1.588489151085515,1.038039411698033,0.6904317595233339,False
fermion_only,1.483,1.0718550277230197,1.5895610061132384,1.0389233239275986,0.6914165099080666,False
fermion_only,1.484,1.0718550277230197,1.5906328611409613,1.0398072282591153,0.6924017572895508,False
fermion_only,1.485,1.0718550277230197,1.5917047161686844,1.040691124793991,0.6933874959811648,False
fermion_only,1.486,1.0718550277230197,1.5927765711964073,1.0415750133936807,0.6943737278370888,False
fermion_only,1.487,1.0718550277230197,1.5938484262241304,1.0424588941691737,0.6953604468076284,False
fermion_only,1.488,1.0718550277230197,1.5949202812518533,1.0433427670446527,0.6963476550735627,False
fermion_only,1.489,1.0718550277230197,1.5959921362795764,1.04422663201591,0.6973353465955566,False
fermion_only,1.49,1.0718550277230197,1.5970639913072993,1.0451104891595286,0.698323520884139,False
fermion_only,1.491,1.0718550277230197,1.5981358463350224,1.0459943384180659,0.6993121768723409,False
fermion_only,1.492,1.0718550277230197,1.5992077013627453,1.0468781798310123,0.7003013101617558,False
fermion_only,1.493,1.0718550277230197,1.6002795563904684,1.0477620132988585,0.7012909205901726,False
fermion_only,1.494,1.0718550277230197,1.6013514114181913,1.0486458389590503,0.7022810042049414,False
fermion_only,1.495,1.0718550277230197,1.6024232664459146,1.0495296567532786,0.7032715615095064,False
fermion_only,1.496,1.0718550277230197,1.6034951214736375,1.0504134666153075,0.7042625881768464,False
fermion_only,1.497,1.0718550277230197,1.6045669765013606,1.0512972686679833,0.7052540843466248,False
fermion_only,1.498,1.0718550277230197,1.6056388315290835,1.0521810627799,0.7062460455578259,False
fermion_only,1.499,1.0718550277230197,1.6067106865568066,1.0530648491132388,0.7072384703998968,False
fermion_only,1.5,1.0718550277230197,1.6077825415845295,1.0539486275005117,0.7082313578977697,False
fermion_only,1.5010000000000001,1.0718550277230197,1.6088543966122526,1.0548323980291152,0.7092247057325418,False
fermion_only,1.502,1.0718550277230197,1.6099262516399755,1.0557161607150256,0.7102185110599517,False
fermion_only,1.5030000000000001,1.0718550277230197,1.6109981066676986,1.0565999155581984,0.7112127730570438,False
fermion_only,1.504,1.0718550277230197,1.6120699616954215,1.0574836624195783,0.7122074884294809,False
fermion_only,1.5050000000000001,1.0718550277230197,1.6131418167231446,1.0583674015256728,0.713202657289564,False
fermion_only,1.506,1.0718550277230197,1.6142136717508677,1.059251132703598,0.7141982750155706,False
fermion_only,1.5070000000000001,1.0718550277230197,1.6152855267785908,1.0601348560436819,0.7151943420818697,False
fermion_only,1.508,1.0718550277230197,1.6163573818063137,1.0610185714653664,0.7161908545459033,False
fermion_only,1.5090000000000001,1.0718550277230197,1.6174292368340368,1.061902279033966,0.7171878123725424,False
fermion_only,1.51,1.0718550277230197,1.6185010918617597,1.0627859787409433,0.7181852117214013,False
fermion_only,1.5110000000000001,1.0718550277230197,1.6195729468894828,1.063669670622558,0.7191830523718651,False
fermion_only,1.512,1.0718550277230197,1.6206448019172057,1.0645533545623032,0.7201813308361731,False
fermion_only,1.5130000000000001,1.0718550277230197,1.6217166569449288,1.0654370306726446,0.7211800479080149,False
fermion_only,1.514,1.0718550277230197,1.6227885119726517,1.0663206988668517,0.7221791973187455,False
fermion_only,1.5150000000000001,1.0718550277230197,1.6238603670003748,1.0672043592338532,0.7231787825402811,False
fermion_only,1.516,1.0718550277230197,1.6249322220280977,1.0680880117146296,0.7241787976516036,False
fermion_only,1.5170000000000001,1.0718550277230197,1.626004077055821,1.0689716563276996,0.7251792423035366,False
fermion_only,1.518,1.0718550277230197,1.627075932083544,1.0698552930604954,0.7261801140804796,False
fermion_only,1.5190000000000001,1.0718550277230197,1.628147787111267,1.0707389219513863,0.7271814121796886,False
fermion_only,1.52,1.0718550277230197,1.62921964213899,1.0716225429522885,0.7281831342243757,False
fermion_only,1.5210000000000001,1.0718550277230197,1.630291497166713,1.0725061560904026,0.7291852781716484,False
fermion_only,1.522,1.0718550277230197,1.631363352194436,1.0733897613654841,0.7301878417968515,False
fermion_only,1.5230000000000001,1.0718550277230197,1.632435207222159,1.074273358744493,0.7311908249854082,False
fermion_only,1.524,1.0718550277230197,1.633507062249882,1.075156948287126,0.7321942238488195,False
fermion_only,1.5250000000000001,1.0718550277230197,1.634578917277605,1.0760405299499953,0.7331980385750941,False
fermion_only,1.526,1.0718550277230197,1.635650772305328,1.0769241037192012,0.7342022662333743,False
fermion_only,1.5270000000000001,1.0718550277230197,1.636722627333051,1.0778076696197014,0.7352069053353755,False
fermion_only,1.528,1.0718550277230197,1.637794482360774,1.0786912276966376,0.7362119538952893,False
fermion_only,1.5290000000000001,1.0718550277230197,1.6388663373884973,1.0795747779064557,0.7372174105767991,False
fermion_only,1.53,1.0718550277230197,1.6399381924162202,1.0804583202053242,0.738223273416916,False
fermion_only,1.5310000000000001,1.0718550277230197,1.6410100474439433,1.0813418546519515,0.7392295400085747,False
fermion_only,1.532,1.0718550277230197,1.6420819024716662,1.0822253812156957,0.7402362107603392,False
fermion_only,1.5330000000000001,1.0718550277230197,1.6431537574993893,1.0831088998854432,0.7412432824325709,False
fermion_only,1.534,1.0718550277230197,1.6442256125271122,1.083992410714485,0.7422507528868724,False
fermion_only,1.5350000000000001,1.0718550277230197,1.6452974675548353,1.0848759137139674,0.7432586207996092,False
fermion_only,1.536,1.0718550277230197,1.6463693225825582,1.0857594087946176,0.7442668859498561,False
fermion_only,1.5370000000000001,1.0718550277230197,1.6474411776102813,1.0866428960338959,0.7452755448655681,False
fermion_only,1.538,1.0718550277230197,1.6485130326380042,1.0875263753705067,0.7462845967643386,False
fermion_only,1.5390000000000001,1.0718550277230197,1.6495848876657273,1.0884098468907366,0.747294038546103,False
fermion_only,1.54,1.0718550277230197,1.6506567426934504,1.0892933104919345,0.7483038706380083,False
fermion_only,1.5410000000000001,1.0718550277230197,1.6517285977211735,1.0901767662441553,0.7493140905106583,False
fermion_only,1.542,1.0718550277230197,1.6528004527488964,1.0910602140994263,0.7503246967635822,False
fermion_only,1.543,1.0718550277230197,1.6538723077766193,1.0919436541278582,0.7513356867088249,False
fermion_only,1.544,1.0718550277230197,1.6549441628043424,1.0928270863377443,0.7523470603902691,False
fermion_only,1.545,1.0718550277230197,1.6560160178320653,1.0937105105932488,0.7533588154913056,False
fermion_only,1.546,1.0718550277230197,1.6570878728597884,1.0945939270101457,0.7543709502965775,False
fermion_only,1.547,1.0718550277230197,1.6581597278875113,1.0954773355384195,0.7553834627401784,False
fermion_only,1.548,1.0718550277230197,1.6592315829152344,1.0963607362036498,0.7563963518820985,False
fermion_only,1.549,1.0718550277230197,1.6603034379429573,1.0972441290446944,0.7574096161455914,False
fermion_only,1.55,1.0718550277230197,1.6613752929706804,1.0981275139467672,0.7584232540890216,False
fermion_only,1.551,1.0718550277230197,1.6624471479984033,1.0990108911107965,0.7594372636082287,False
fermion_only,1.552,1.0718550277230197,1.6635190030261267,1.099894260277734,0.7604516436508446,False
fermion_only,1.553,1.0718550277230197,1.6645908580538495,1.1007776216058196,0.7614663920713814,False
fermion_only,1.554,1.0718550277230197,1.6656627130815727,1.1016609750597595,0.7624815086589769,False
fermion_only,1.555,1.0718550277230197,1.6667345681092955,1.1025443206974517,0.7634969898969998,False
fermion_only,1.556,1.0718550277230197,1.6678064231370187,1.1034276584415248,0.7645128360394222,False
fermion_only,1.557,1.0718550277230197,1.6688782781647415,1.1043109883024704,0.7655290449286675,False
fermion_only,1.558,1.0718550277230197,1.6699501331924647,1.1051943103342232,0.7665456143827254,False
fermion_only,1.559,1.0718550277230197,1.6710219882201875,1.106077624426638,0.7675625442086228,False
fermion_only,1.56,1.0718550277230197,1.6720938432479107,1.1069609306891603,0.7685798323691511,False
fermion_only,1.561,1.0718550277230197,1.6731656982756336,1.1078442291253099,0.7695974774546493,False
fermion_only,1.562,1.0718550277230197,1.6742375533033567,1.108727519635344,0.7706154774307766,False
fermion_only,1.563,1.0718550277230197,1.6753094083310798,1.1096108023247786,0.7716338310833237,False
fermion_only,1.564,1.0718550277230197,1.6763812633588029,1.1104940771143323,0.7726525373784141,False
fermion_only,1.565,1.0718550277230197,1.6774531183865258,1.1113773439729524,0.7736715941382186,False
fermion_only,1.566,1.0718550277230197,1.6785249734142489,1.1122606031234272,0.7746910001925964,False
fermion_only,1.567,1.0718550277230197,1.6795968284419718,1.1131438543000804,0.7757107553824606,False
fermion_only,1.568,1.0718550277230197,1.680668683469695,1.1140270976664035,0.7767308561290903,False
fermion_only,1.569,1.0718550277230197,1.6817405384974178,1.1149103331097643,0.7777513028861026,False
fermion_only,1.57,1.0718550277230197,1.682812393525141,1.1157935607469804,0.7787720937079337,False
fermion_only,1.571,1.0718550277230197,1.6838842485528638,1.116676780437742,0.779793226305245,False
fermion_only,1.572,1.0718550277230197,1.684956103580587,1.1175599923564317,0.7808146992793095,False
fermion_only,1.573,1.0718550277230197,1.6860279586083098,1.1184431963669916,0.7818365122507284,False
fermion_only,1.574,1.0718550277230197,1.6870998136360331,1.119326392493647,0.7828586644235188,False
fermion_only,1.575,1.0718550277230197,1.688171668663756,1.1202095807708257,0.7838811522187913,False
fermion_only,1.576,1.0718550277230197,1.6892435236914791,1.1210927611779442,0.7849039763700499,False
fermion_only,1.577,1.0718550277230197,1.690315378719202,1.1219759337125934,0.7859271333999516,False
fermion_only,1.578,1.0718550277230197,1.6913872337469251,1.1228590983710318,0.7869506238986356,False
fermion_only,1.579,1.0718550277230197,1.692459088774648,1.1237422552052956,0.7879744460214466,False
fermion_only,1.58,1.0718550277230197,1.6935309438023711,1.1246254041352044,0.7889985971926131,False
fermion_only,1.581,1.0718550277230197,1.694602798830094,1.1255085452298252,0.7900230782570615,False
fermion_only,1.582,1.0718550277230197,1.6956746538578171,1.1263916784367556,0.7910478859181777,False
fermion_only,1.583,1.0718550277230197,1.69674650888554,1.1272748037767122,0.792073020040725,False
fermion_only,1.584,1.0718550277230197,1.6978183639132631,1.1281579212705006,0.7930984780759046,False
fermion_only,1.585,1.0718550277230197,1.698890218940986,1.129041030868394,0.7941242599355692,False
fermion_only,1.586,1.0718550277230197,1.6999620739687094,1.1299241326018339,0.7951503640761028,False
fermion_only,1.587,1.0718550277230197,1.7010339289964322,1.130807226498587,0.7961767884309655,False
fermion_only,1.588,1.0718550277230197,1.7021057840241554,1.131690312540523,0.79720353377535,False
fermion_only,1.589,1.0718550277230197,1.7031776390518782,1.1325733906716207,0.7982305952137021,False
fermion_only,1.59,1.0718550277230197,1.7042494940796014,1.1334564609870146,0.7992579744864392,False
fermion_only,1.591,1.0718550277230197,1.7053213491073242,1.13433952342743,0.8002856690962797,False
fermion_only,1.592,1.0718550277230197,1.7063932041350474,1.1352225779744152,0.8013136786434787,False
fermion_only,1.593,1.0718550277230197,1.7074650591627702,1.1361056246392942,0.802342001175648,False
fermion_only,1.594,1.0718550277230197,1.7085369141904934,1.1369886634922999,0.803370635654479,False
fermion_only,1.595,1.0718550277230197,1.7096087692182163,1.1378716944485112,0.8043995798384497,False
fermion_only,1.596,1.0718550277230197,1.7106806242459394,1.1387547175832458,0.8054288348100427,False
fermion_only,1.597,1.0718550277230197,1.7117524792736625,1.1396377328186658,0.806458395931222,False
fermion_only,1.598,1.0718550277230197,1.7128243343013856,1.14052074014388,0.8074882643300224,False
fermion_only,1.599,1.0718550277230197,1.7138961893291085,1.1414037396958787,0.808518439996264,False
fermion_only,1.6,1.0718550277230197,1.7149680443568316,1.1422867313626517,0.8095489187156065,False
fermion_only,1.601,1.0718550277230197,1.7160398993845545,1.1431697151053632,0.8105797008048582,False
fermion_only,1.602,1.0718550277230197,1.7171117544122776,1.1440526910845739,0.8116107853178235,False
fermion_only,1.603,1.0718550277230197,1.7181836094400005,1.144935659089874,0.8126421705784858,False
fermion_only,1.604,1.0718550277230197,1.7192554644677236,1.1458186193214703,0.8136738549209643,False
fermion_only,1.605,1.0718550277230197,1.7203273194954465,1.146701571580555,0.8147058379333117,False
fermion_only,1.606,1.0718550277230197,1.7213991745231696,1.1475845160378806,0.815738118317371,False
fermion_only,1.607,1.0718550277230197,1.7224710295508925,1.1484674526453076,0.8167706946299019,False
fermion_only,1.608,1.0718550277230197,1.7235428845786158,1.1493503813832961,0.8178035655918842,False
fermion_only,1.609,1.0718550277230197,1.7246147396063387,1.1502333022583855,0.8188367295551822,False
fermion_only,1.61,1.0718550277230197,1.7256865946340618,1.1511162152744614,0.8198701874113851,False
fermion_only,1.611,1.0718550277230197,1.7267584496617847,1.1519991204130164,0.8209039361152318,False
fermion_only,1.612,1.0718550277230197,1.7278303046895078,1.1528820177558519,0.8219379745034833,False
fermion_only,1.613,1.0718550277230197,1.7289021597172307,1.1537649070947897,0.8229723021493318,False
fermion_only,1.614,1.0718550277230197,1.7299740147449538,1.1546477886776207,0.8240069188377277,False
fermion_only,1.615,1.0718550277230197,1.7310458697726767,1.1555306623886819,0.8250418211438663,False
fermion_only,1.616,1.0718550277230197,1.7321177248003998,1.156413528195921,0.8260770090990498,False
fermion_only,1.617,1.0718550277230197,1.7331895798281227,1.1572963861532282,0.8271124816943316,False
fermion_only,1.618,1.0718550277230197,1.7342614348558458,1.1581792362222454,0.828148237870492,False
fermion_only,1.619,1.0718550277230197,1.7353332898835687,1.159062078483275,0.8291842754934522,False
fermion_only,1.62,1.0718550277230197,1.736405144911292,1.1599449128576356,0.8302205953743207,False
fermion_only,1.621,1.0718550277230197,1.737476999939015,1.1608277394255073,0.8312571955157095,False
fermion_only,1.622,1.0718550277230197,1.738548854966738,1.1617105580401188,0.8322940738701261,False
fermion_only,1.623,1.0718550277230197,1.739620709994461,1.1625933688019896,0.8333312299552144,False
fermion_only,1.624,1.0718550277230197,1.740692565022184,1.163476171750888,0.8343686634591685,False
fermion_only,1.625,1.0718550277230197,1.741764420049907,1.1643589668157261,0.8354063725497667,False
fermion_only,1.6260000000000001,1.0718550277230197,1.74283627507763,1.1652417540187199,0.8364443552735091,False
fermion_only,1.627,1.0718550277230197,1.743908130105353,1.1661245333634107,0.837482612003986,False
fermion_only,1.6280000000000001,1.0718550277230197,1.744979985133076,1.1670073048097085,0.8385211416992326,False
fermion_only,1.629,1.0718550277230197,1.746051840160799,1.1678900684261584,0.839559942425682,False
fermion_only,1.6300000000000001,1.0718550277230197,1.747123695188522,1.1687728241759343,0.8405990131681415,False
fermion_only,1.631,1.0718550277230197,1.7481955502162452,1.1696555721081636,0.8416383545925762,False
fermion_only,1.6320000000000001,1.0718550277230197,1.7492674052439683,1.1705383120918622,0.8426779631469723,False
fermion_only,1.633,1.0718550277230197,1.7503392602716912,1.1714210442343442,0.843717838821169,False
fermion_only,1.6340000000000001,1.0718550277230197,1.7514111152994143,1.1723037685736126,0.844757981350975,False
fermion_only,1.635,1.0718550277230197,1.7524829703271372,1.1731864850279217,0.8457983884001811,False
fermion_only,1.6360000000000001,1.0718550277230197,1.7535548253548603,1.1740691936015124,0.846839059063047,False
fermion_only,1.637,1.0718550277230197,1.7546266803825832,1.1749518942923198,0.8478799929702974,False
fermion_only,1.6380000000000001,1.0718550277230197,1.7556985354103063,1.1758345871852205,0.84892118990418,False
fermion_only,1.639,1.0718550277230197,1.7567703904380292,1.1767172721498298,0.8499626468757937,False
fermion_only,1.6400000000000001,1.0718550277230197,1.7578422454657523,1.1775999492393052,0.851004364983456,False
fermion_only,1.641,1.0718550277230197,1.7589141004934752,1.1784826185603836,0.8520463410247211,False
fermion_only,1.6420000000000001,1.0718550277230197,1.7599859555211985,1.1793652799880205,0.8530885756501786,False
fermion_only,1.643,1.0718550277230197,1.7610578105489214,1.180247933523726,0.8541310668255356,False
fermion_only,1.6440000000000001,1.0718550277230197,1.7621296655766445,1.181130579243328,0.855173813474927,False
fermion_only,1.645,1.0718550277230197,1.7632015206043674,1.182013217033706,0.8562168158536773,False
fermion_only,1.6460000000000001,1.0718550277230197,1.7642733756320905,1.182895846973231,0.8572600731203754,False
fermion_only,1.647,1.0718550277230197,1.7653452306598134,1.1837784691098974,0.8583035829645665,False
fermion_only,1.6480000000000001,1.0718550277230197,1.7664170856875365,1.1846610833039506,0.8593473447856809,False
fermion_only,1.649,1.0718550277230197,1.7674889407152594,1.1855436897493243,0.8603913571113814,False
fermion_only,1.6500000000000001,1.0718550277230197,1.7685607957429825,1.1864262882004928,0.8614356199527783,False
fermion_only,1.651,1.0718550277230197,1.7696326507707054,1.1873088788921127,0.8624801320801202,False
fermion_only,1.6520000000000001,1.0718550277230197,1.7707045057984285,1.1888039042726395,0.8635248932412816,False
fermion_only,1.653,1.0718550277230197,1.7717763608261514,1.1905701472878505,0.8645699005404763,False
fermion_only,1.6540000000000001,1.0718550277230197,1.7728482158538748,1.192336359848345,0.865615154408057,False
fermion_only,1.655,1.0718550277230197,1.7739200708815976,1.1941025414567874,0.8666606537812341,False
fermion_only,1.6560000000000001,1.0718550277230197,1.7749919259093208,1.1958686915608974,0.8677063976358047,False
fermion_only,1.657,1.0718550277230197,1.7760637809370436,1.197634811206305,0.8687523852450549,False
fermion_only,1.6580000000000001,1.0718550277230197,1.7771356359647668,1.1994009001304762,0.8697986156083066,False
fermion_only,1.659,1.0718550277230197,1.7782074909924896,1.2011669523770974,0.8708450866460907,False
fermion_only,1.6600000000000001,1.0718550277230197,1.7792793460202128,1.2029329818031398,0.8718918001467771,False
fermion_only,1.661,1.0718550277230197,1.7803512010479356,1.2046989690455256,0.8729387513980646,False
fermion_only,1.6620000000000001,1.0718550277230197,1.7814230560756588,1.206464933278828,0.8739859432414921,False
fermion_only,1.663,1.0718550277230197,1.7824949111033817,1.2082308613731718,0.8750333722054846,False
fermion_only,1.6640000000000001,1.0718550277230197,1.7835667661311048,1.209996758505838,0.8760810383843332,False
fermion_only,1.665,1.0718550277230197,1.7846386211588279,1.211762627758528,0.8771289415012251,False
fermion_only,1.6660000000000001,1.0718550277230197,1.785710476186551,1.2135284587374673,0.8781770786008856,False
fermion_only,1.667,1.0718550277230197,1.7867823312142739,1.2152942649100829,0.8792254514545971,False
fermion_only,1.6680000000000001,1.0718550277230197,1.787854186241997,1.217060037211748,0.8802740573788067,False
fermion_only,1.669,1.0718550277230197,1.7889260412697199,1.2188257779231493,0.8813228959426959,False
fermion_only,1.67,1.0718550277230197,1.7899978962974428,1.2205914866506906,0.8823719661881142,False
fermion_only,1.671,1.0718550277230197,1.7910697513251659,1.2223571624519591,0.8834212670445536,False
fermion_only,1.672,1.0718550277230197,1.7921416063528888,1.2241228095927092,0.8844707984969574,False
fermion_only,1.673,1.0718550277230197,1.7932134613806119,1.225888421931054,0.8855205584515058,False
fermion_only,1.674,1.0718550277230197,1.7942853164083348,1.2276540084073972,0.8865705478182245,False
fermion_only,1.675,1.0718550277230197,1.7953571714360579,1.2294195571456168,0.8876207633888653,False
fermion_only,1.676,1.0718550277230197,1.7964290264637808,1.2311850740377661,0.8886712054671327,False
fermion_only,1.677,1.0718550277230197,1.797500881491504,1.2329505659103956,0.8897218745538605,False
fermion_only,1.678,1.0718550277230197,1.798572736519227,1.234716024216509,0.8907727681089197,False
fermion_only,1.679,1.0718550277230197,1.7996445915469501,1.2364814446848227,0.8918238844270788,False
fermion_only,1.68,1.0718550277230197,1.800716446574673,1.238246836554202,0.8928752245226724,False
fermion_only,1.681,1.0718550277230197,1.8017883016023961,1.2400121993221602,0.8939267874441112,False
fermion_only,1.682,1.0718550277230197,1.802860156630119,1.2417775341384885,0.8949785725891306,False
fermion_only,1.683,1.0718550277230197,1.8039320116578421,1.2435428316522779,0.8960305772572648,False
fermion_only,1.684,1.0718550277230197,1.805003866685565,1.2453080975188713,0.8970828017662046,False
fermion_only,1.685,1.0718550277230197,1.8060757217132881,1.2470733346794605,0.8981352458731526,False
fermion_only,1.686,1.0718550277230197,1.807147576741011,1.248838539541719,0.899187908050011,False
fermion_only,1.687,1.0718550277230197,1.8082194317687341,1.2506037098061418,0.9002407870111563,False
fermion_only,1.688,1.0718550277230197,1.8092912867964572,1.252368855893271,0.9012938840226374,False
fermion_only,1.689,1.0718550277230197,1.8103631418241803,1.2541339612606506,0.9023471949745451,False
fermion_only,1.69,1.0718550277230197,1.8114349968519032,1.2558990410291293,0.9034007220973178,False
fermion_only,1.691,1.0718550277230197,1.8125068518796263,1.2576640843542597,0.9044544623982265,False
fermion_only,1.692,1.0718550277230197,1.8135787069073492,1.2594291022013482,0.9055084173150378,False
fermion_only,1.693,1.0718550277230197,1.8146505619350723,1.261194085682904,0.906562584238263,False
fermion_only,1.694,1.0718550277230197,1.8157224169627952,1.2629590375661581,0.9076169629424862,False
fermion_only,1.695,1.0718550277230197,1.8167942719905184,1.2647239589349768,0.9086715528526897,False
fermion_only,1.696,1.0718550277230197,1.8178661270182412,1.2664888469840374,0.909726352628729,False
fermion_only,1.697,1.0718550277230197,1.8189379820459644,1.2682537065457078,0.9107813624719409,False
fermion_only,1.698,1.0718550277230197,1.8200098370736872,1.2700185344334036,0.9118365809420251,False
fermion_only,1.699,1.0718550277230197,1.8210816921014106,1.2717833265314171,0.9128920064767628,False
fermion_only,1.7,1.0718550277230197,1.8221535471291335,1.2735480868339533,0.9139476390807404,False
fermion_only,1.701,1.0718550277230197,1.8232254021568566,1.275312820238761,0.9150034789802332,False
fermion_only,1.702,1.0718550277230197,1.8242972571845795,1.277077517848324,0.9160595236075518,False
fermion_only,1.703,1.0718550277230197,1.8253691122123026,1.2788421887529045,0.9171157740498319,False
fermion_only,1.704,1.0718550277230197,1.8264409672400255,1.280606826556796,0.9181722282596785,False
fermion_only,1.705,1.0718550277230197,1.8275128222677486,1.2823714294658228,0.9192288851554082,False
fermion_only,1.706,1.0718550277230197,1.8285846772954715,1.2841360044082983,0.920285745310518,False
fermion_only,1.707,1.0718550277230197,1.8296565323231946,1.2859005486240749,0.9213428074985999,False
fermion_only,1.708,1.0718550277230197,1.8307283873509175,1.2876650564317527,0.9224000697852914,False
fermion_only,1.709,1.0718550277230197,1.8318002423786406,1.2894295351621343,0.9234575329247062,False
fermion_only,1.71,1.0718550277230197,1.8328720974063635,1.2911939838586184,0.9245151959918957,False
fermion_only,1.711,1.0718550277230197,1.8339439524340868,1.292958400746258,0.9255730578844644,False
fermion_only,1.712,1.0718550277230197,1.8350158074618097,1.2947227855866106,0.9266311178493775,False
fermion_only,1.713,1.0718550277230197,1.8360876624895328,1.2964871393422173,0.927689375319968,False
fermion_only,1.714,1.0718550277230197,1.8371595175172557,1.2982514635653697,0.9287478299000964,False
fermion_only,1.715,1.0718550277230197,1.8382313725449788,1.3000157514405863,0.9298064795216029,False
fermion_only,1.716,1.0718550277230197,1.8393032275727017,1.3017800107600341,0.9308653249985607,False
fermion_only,1.717,1.0718550277230197,1.8403750826004248,1.3035442383522056,0.9319243650081186,False
fermion_only,1.718,1.0718550277230197,1.8414469376281477,1.3053084349570754,0.9329835989581352,False
fermion_only,1.719,1.0718550277230197,1.8425187926558708,1.3070725949138606,0.9340430250517017,False
fermion_only,1.72,1.0718550277230197,1.8435906476835937,1.3088367282272917,0.935102644547846,False
fermion_only,1.721,1.0718550277230197,1.8446625027113168,1.3106008301704386,0.9361624558274934,False
fermion_only,1.722,1.0718550277230197,1.84573435773904,1.3123648981174463,0.9372224576227869,False
fermion_only,1.723,1.0718550277230197,1.846806212766763,1.3141289368241327,0.9382826502345867,False
fermion_only,1.724,1.0718550277230197,1.847878067794486,1.3158929439215816,0.9393430324936201,False
fermion_only,1.725,1.0718550277230197,1.848949922822209,1.3176569181677533,0.9404036034485511,False
fermion_only,1.726,1.0718550277230197,1.850021777849932,1.3194208641028826,0.9414643633140083,False
fermion_only,1.727,1.0718550277230197,1.851093632877655,1.3211847756894657,0.9425253102269717,False
fermion_only,1.728,1.0718550277230197,1.852165487905378,1.3229486580786376,0.9435864445053745,False
fermion_only,1.729,1.0718550277230197,1.853237342933101,1.3247125062570975,0.9446477644884534,False
fermion_only,1.73,1.0718550277230197,1.854309197960824,1.3264763224590914,0.9457092699434975,False
fermion_only,1.731,1.0718550277230197,1.855381052988547,1.3282401086376239,0.946770960600806,False
fermion_only,1.732,1.0718550277230197,1.85645290801627,1.3300038634403544,0.947832835502716,False
fermion_only,1.733,1.0718550277230197,1.8575247630439933,1.3317675866139522,0.9488948939445143,False
fermion_only,1.734,1.0718550277230197,1.8585966180717162,1.3335312764991558,0.9499571349228562,False
fermion_only,1.735,1.0718550277230197,1.8596684730994393,1.3352949414580761,0.9510195594751094,False
fermion_only,1.736,1.0718550277230197,1.8607403281271622,1.337058568391436,0.9520821642813067,False
fermion_only,1.737,1.0718550277230197,1.8618121831548853,1.3388221639643705,0.9531449500661441,False
fermion_only,1.738,1.0718550277230197,1.8628840381826082,1.3405857311028502,0.9542079167232599,False
fermion_only,1.739,1.0718550277230197,1.8639558932103313,1.342349263394893,0.9552710623569297,False
fermion_only,1.74,1.0718550277230197,1.8650277482380542,1.3441127643761264,0.9563343870042775,False
fermion_only,1.741,1.0718550277230197,1.8660996032657773,1.3458762361284182,0.9573978904373571,False
fermion_only,1.742,1.0718550277230197,1.8671714582935002,1.3476396777584831,0.9584615718575011,False
fermion_only,1.743,1.0718550277230197,1.8682433133212233,1.3494030841453064,0.9595254296078073,False
fermion_only,1.744,1.0718550277230197,1.8693151683489462,1.3511664603619522,0.9605894640256281,False
fermion_only,1.745,1.0718550277230197,1.8703870233766695,1.3529298088686303,0.9616536750219745,False
fermion_only,1.746,1.0718550277230197,1.8714588784043924,1.3546931237082838,0.9627180607404994,False
fermion_only,1.747,1.0718550277230197,1.8725307334321155,1.3564564029088455,0.9637826201808697,False
fermion_only,1.748,1.0718550277230197,1.8736025884598384,1.3582196562498705,0.9648473546491764,False
fermion_only,1.749,1.0718550277230197,1.8746744434875615,1.3599828729347063,0.965912261393666,False
fermion_only,1.75,1.0718550277230197,1.8757462985152844,1.3617460631962564,0.9669773418284586,False
fermion_only,1.751,1.0718550277230197,1.8768181535430073,1.3635092146819017,0.9680425928546023,False
fermion_only,1.7520000000000002,1.0718550277230197,1.8778900085707306,1.3652723427897806,0.9691080169731666,False
fermion_only,1.7530000000000001,1.0718550277230197,1.8789618635984535,1.3670354352216862,0.9701736110793411,False
fermion_only,1.754,1.0718550277230197,1.8800337186261764,1.368798497711754,0.9712393757330876,False
fermion_only,1.755,1.0718550277230197,1.8811055736538993,1.370561523371483,0.9723053089409145,False
fermion_only,1.7560000000000002,1.0718550277230197,1.8821774286816229,1.3723245238695947,0.9733714124173978,False
fermion_only,1.7570000000000001,1.0718550277230197,1.8832492837093457,1.3740874960283311,0.974437684976393,False
fermion_only,1.758,1.0718550277230197,1.8843211387370686,1.375850426773284,0.97550412335859,False
fermion_only,1.759,1.0718550277230197,1.8853929937647915,1.3776133341477537,0.9765707305951095,False
fermion_only,1.7600000000000002,1.0718550277230197,1.8864648487925149,1.3793762032214163,0.977637503093609,False
fermion_only,1.7610000000000001,1.0718550277230197,1.8875367038202377,1.381139046633184,0.9787044428136757,False
fermion_only,1.762,1.0718550277230197,1.8886085588479606,1.3829018536182236,0.9797715470038265,False
fermion_only,1.763,1.0718550277230197,1.8896804138756835,1.3846646305126664,0.9808388163239798,False
fermion_only,1.7640000000000002,1.0718550277230197,1.8907522689034069,1.3864273863188448,0.9819062520367009,False
fermion_only,1.7650000000000001,1.0718550277230197,1.8918241239311298,1.388190094704378,0.9829738482461988,False
fermion_only,1.766,1.0718550277230197,1.8928959789588526,1.3899527823909907,0.9840416097612884,False
fermion_only,1.767,1.0718550277230197,1.8939678339865755,1.3917154322232173,0.9851095325491821,False
fermion_only,1.7680000000000002,1.0718550277230197,1.895039689014299,1.3934780541872804,0.9861776180428329,False
fermion_only,1.7690000000000001,1.0718550277230197,1.896111544042022,1.3952406446349985,0.9872458649420225,False
fermion_only,1.77,1.0718550277230197,1.8971833990697449,1.3970032023000734,0.9883142724209765,False
fermion_only,1.771,1.0718550277230197,1.8982552540974678,1.3987657255873032,0.9893828395834712,False
fermion_only,1.7720000000000002,1.0718550277230197,1.899327109125191,1.4005282242986583,0.9904515678572642,False
fermion_only,1.7730000000000001,1.0718550277230197,1.900398964152914,1.4022906872742547,0.9915204544270688,False
fermion_only,1.774,1.0718550277230197,1.9014708191806369,1.40405311763111,0.9925894993575759,False
fermion_only,1.775,1.0718550277230197,1.9025426742083598,1.4058155178024,0.9936587025818213,False
fermion_only,1.7760000000000002,1.0718550277230197,1.903614529236083,1.4075778889560686,0.9947280637887512,False
fermion_only,1.7770000000000001,1.0718550277230197,1.904686384263806,1.4093402282179146,0.9957975818318363,False
fermion_only,1.778,1.0718550277230197,1.9057582392915289,1.4111025320970416,0.9968672554725138,False
fermion_only,1.779,1.0718550277230197,1.906830094319252,1.4128648063922,0.9979370853136169,False
fermion_only,1.7800000000000002,1.0718550277230197,1.9079019493469753,1.414627046537742,0.999007069917156,False
fermion_only,1.7810000000000001,1.0718550277230197,1.9089738043746982,1.4163892620790763,1.0000772106579001,False
fermion_only,1.782,1.0718550277230197,1.910045659402421,1.4181514390801508,1.0011475041526972,False
fermion_only,1.783,1.0718550277230197,1.911117514430144,1.4199135892731807,1.002217952269438,False
fermion_only,1.7840000000000003,1.0718550277230197,1.9121893694578673,1.4216757050485418,1.0032885528999564,False
fermion_only,1.7850000000000001,1.0718550277230197,1.9132612244855902,1.4234377921841235,1.004359306741903,False
fermion_only,1.786,1.0718550277230197,1.914333079513313,1.4251998456368042,1.0054302121507368,False
fermion_only,1.787,1.0718550277230197,1.915404934541036,1.4269618697386632,1.0065012695603217,False
fermion_only,1.7880000000000003,1.0718550277230197,1.9164767895687593,1.4287238614166253,1.0075724777689805,False
fermion_only,1.7890000000000001,1.0718550277230197,1.9175486445964822,1.4304858174982837,1.0086438356139342,False
fermion_only,1.79,1.0718550277230197,1.9186204996242053,1.4322477502547781,1.009715345081083,False
fermion_only,1.791,1.0718550277230197,1.9196923546519282,1.4340096474787845,1.0107870031445534,False
fermion_only,1.7920000000000003,1.0718550277230197,1.9207642096796516,1.4357715104861835,1.011858809571616,False
fermion_only,1.7930000000000001,1.0718550277230197,1.9218360647073744,1.4375333460778905,1.0129307652274966,False
fermion_only,1.794,1.0718550277230197,1.9229079197350973,1.4392951482665062,1.0140028683832352,False
fermion_only,1.795,1.0718550277230197,1.9239797747628202,1.4410569192974898,1.0150751189732847,False
fermion_only,1.7960000000000003,1.0718550277230197,1.9250516297905436,1.4428186614550031,1.0161475169503327,False
fermion_only,1.7970000000000002,1.0718550277230197,1.9261234848182665,1.4445803693527992,1.0172200607186825,False
fermion_only,1.798,1.0718550277230197,1.9271953398459893,1.4463420451850895,1.0182927502199628,False
fermion_only,1.799,1.0718550277230197,1.9282671948737122,1.4481036926186075,1.0193655856809014,False
fermion_only,1.7999999999999998,1.0718550277230197,1.9293390499014351,1.4498653042414267,1.0204385651076509,False
fermion_only,1.8010000000000002,1.0718550277230197,1.9304109049291587,1.4516268862737602,1.021511689261022,False
fermion_only,1.802,1.0718550277230197,1.9314827599568816,1.4533884345794168,1.0225849568153424,False
fermion_only,1.803,1.0718550277230197,1.9325546149846045,1.4551499582220018,1.023658369078874,False
fermion_only,1.8039999999999998,1.0718550277230197,1.9336264700123273,1.4569114428756968,1.0247319226756058,False
fermion_only,1.8050000000000002,1.0718550277230197,1.9346983250400507,1.458672898835922,1.0258056192042695,False
fermion_only,1.806,1.0718550277230197,1.9357701800677736,1.4604343246010898,1.0268794578574352,False
fermion_only,1.807,1.0718550277230197,1.9368420350954965,1.4621957183202028,1.027953437791932,False
fermion_only,1.8079999999999998,1.0718550277230197,1.9379138901232194,1.4639570811418645,1.0290275587312658,False
fermion_only,1.8090000000000002,1.0718550277230197,1.9389857451509427,1.4657184151020242,1.0301018206076515,False
fermion_only,1.81,1.0718550277230197,1.9400576001786656,1.4674797095452496,1.0311762207940278,False
fermion_only,1.811,1.0718550277230197,1.9411294552063885,1.4692409774753834,1.0322507614363257,False
fermion_only,1.8119999999999998,1.0718550277230197,1.9422013102341114,1.4710022127253697,1.0333254408115633,False
fermion_only,1.8130000000000002,1.0718550277230197,1.943273165261835,1.472763417058498,1.03440025878999,False
fermion_only,1.814,1.0718550277230197,1.9443450202895578,1.4745245901506387,1.0354752148432511,False
fermion_only,1.815,1.0718550277230197,1.9454168753172807,1.4762857335704371,1.0365503088249124,False
fermion_only,1.8159999999999998,1.0718550277230197,1.9464887303450036,1.478046843743941,1.0376255395163994,False
fermion_only,1.8170000000000002,1.0718550277230197,1.947560585372727,1.4798079246165052,1.0387009072652456,False
fermion_only,1.818,1.0718550277230197,1.9486324404004498,1.4815689728226111,1.0397764109157497,False
fermion_only,1.819,1.0718550277230197,1.9497042954281727,1.4833299882820006,1.0408520499905107,False
fermion_only,1.8199999999999998,1.0718550277230197,1.9507761504558956,1.4850909703039927,1.0419278238709337,False
fermion_only,1.8210000000000002,1.0718550277230197,1.951848005483619,1.486851923178667,1.043003732990914,False
fermion_only,1.822,1.0718550277230197,1.9529198605113418,1.488612846853854,1.0440797768841836,False
fermion_only,1.823,1.0718550277230197,1.9539917155390647,1.4903737343592183,1.0451559536332793,False
fermion_only,1.8239999999999998,1.0718550277230197,1.9550635705667876,1.4921345950236975,1.0462322647368518,False
fermion_only,1.8250000000000002,1.0718550277230197,1.9561354255945111,1.4938954256043857,1.0473087090297197,False
fermion_only,1.826,1.0718550277230197,1.957207280622234,1.4956562189339273,1.0483852846375825,False
fermion_only,1.827,1.0718550277230197,1.958279135649957,1.4974169844522267,1.0494619930222822,False
fermion_only,1.8279999999999998,1.0718550277230197,1.9593509906776798,1.4991777172094656,1.050538832715974,False
fermion_only,1.8290000000000002,1.0718550277230197,1.9604228457054031,1.5009384186862818,1.051615803588757,False
fermion_only,1.83,1.0718550277230197,1.961494700733126,1.5026990860033562,1.052692904604318,False
fermion_only,1.831,1.0718550277230197,1.962566555760849,1.5044597212446775,1.053770135738962,False
fermion_only,1.8319999999999999,1.0718550277230197,1.9636384107885718,1.5062203321187129,1.0548474981345957,False
fermion_only,1.8330000000000002,1.0718550277230197,1.9647102658162952,1.5079809097146568,1.0559249895095433,False
fermion_only,1.834,1.0718550277230197,1.965782120844018,1.5097414544166021,1.0570026095359908,False
fermion_only,1.835,1.0718550277230197,1.966853975871741,1.5115019664753704,1.0580803578148577,False
fermion_only,1.8359999999999999,1.0718550277230197,1.967925830899464,1.513262448790298,1.0591582345082795,False
fermion_only,1.8370000000000002,1.0718550277230197,1.9689976859271874,1.5150228986610892,1.0602362386019761,False
fermion_only,1.838,1.0718550277230197,1.9700695409549103,1.516783319910897,1.0613143704917667,False
fermion_only,1.839,1.0718550277230197,1.9711413959826332,1.5185437036388194,1.062392627914759,False
fermion_only,1.8399999999999999,1.0718550277230197,1.972213251010356,1.5203040587572714,1.063471012258299,False
fermion_only,1.8410000000000002,1.0718550277230197,1.9732851060380794,1.5220643865510253,1.0645495233475777,False
fermion_only,1.842,1.0718550277230197,1.9743569610658023,1.523824674095564,1.0656281581506608,False
fermion_only,1.843,1.0718550277230197,1.9754288160935252,1.5255849384446574,1.0667069196894925,False
fermion_only,1.8439999999999999,1.0718550277230197,1.976500671121248,1.5273451638343816,1.0677858043456632,False
fermion_only,1.8450000000000002,1.0718550277230197,1.9775725261489714,1.5291053674887811,1.0688648152314701,False
fermion_only,1.846,1.0718550277230197,1.9786443811766943,1.530865532346326,1.0699439484228983,False
fermion_only,1.847,1.0718550277230197,1.9797162362044174,1.5326256680024186,1.0710232054558193,False
fermion_only,1.8479999999999999,1.0718550277230197,1.9807880912321403,1.5343857734826494,1.0721025857458664,False
fermion_only,1.8490000000000002,1.0718550277230197,1.9818599462598636,1.5361458457600508,1.07318208824487,False
fermion_only,1.85,1.0718550277230197,1.9829318012875865,1.5379058866911377,1.0742617129191252,False
fermion_only,1.851,1.0718550277230197,1.9840036563153094,1.5396658945459718,1.0753414590176555,False
fermion_only,1.8519999999999999,1.0718550277230197,1.9850755113430323,1.541425877774305,1.0764213278467407,False
fermion_only,1.8530000000000002,1.0718550277230197,1.9861473663707556,1.5431858207449078,1.0775013158141222,False
fermion_only,1.854,1.0718550277230197,1.9872192213984785,1.5449457365952712,1.0785814252009822,False
fermion_only,1.855,1.0718550277230197,1.9882910764262014,1.5467056175841987,1.0796616539968888,False
fermion_only,1.8559999999999999,1.0718550277230197,1.9893629314539243,1.5484654732904168,1.0807420038068494,False
fermion_only,1.8570000000000002,1.0718550277230197,1.9904347864816476,1.5502252970511776,1.0818224728454588,False
fermion_only,1.858,1.0718550277230197,1.9915066415093707,1.5519850822817927,1.0829030593427078,False
fermion_only,1.859,1.0718550277230197,1.9925784965370936,1.5537448410775645,1.083983765411263,False
fermion_only,1.8599999999999999,1.0718550277230197,1.9936503515648165,1.5555045688293467,1.0850645896973365,False
fermion_only,1.8610000000000002,1.0718550277230197,1.9947222065925398,1.5572642704426598,1.0861455328097114,False
fermion_only,1.862,1.0718550277230197,1.9957940616202627,1.5590239315191212,1.087226591409209,False
fermion_only,1.863,1.0718550277230197,1.9968659166479856,1.5607835603046794,1.0883077668088608,False
fermion_only,1.8639999999999999,1.0718550277230197,1.9979377716757085,1.5625431617409813,1.0893890596062694,False
fermion_only,1.8650000000000002,1.0718550277230197,1.9990096267034319,1.5643027343857474,1.0904704691478113,False
fermion_only,1.866,1.0718550277230197,2.0000814817311547,1.5660622739616215,1.09155199414739,False
fermion_only,1.867,1.0718550277230197,2.0011533367588776,1.5678217777949532,1.0926336336842901,False
fermion_only,1.8679999999999999,1.0718550277230197,2.0022251917866005,1.5695812569410106,1.0937153896434644,False
fermion_only,1.8690000000000002,1.0718550277230197,2.003297046814324,1.5713406944107056,1.0947972581340721,False
fermion_only,1.87,1.0718550277230197,2.0043689018420467,1.5731001109215104,1.0958792430578426,False
fermion_only,1.871,1.0718550277230197,2.0054407568697696,1.5748594922052828,1.096961341087432,False
fermion_only,1.8719999999999999,1.0718550277230197,2.0065126118974925,1.5766188391251879,1.0980435520336196,False
fermion_only,1.8730000000000002,1.0718550277230197,2.007584466925216,1.5783781612493497,1.0991258774952533,False
fermion_only,1.874,1.0718550277230197,2.0086563219529388,1.580137447442953,1.1002083147823232,False
fermion_only,1.875,1.0718550277230197,2.009728176980662,1.581896701027019,1.1012908642252697,False
fermion_only,1.876,1.0718550277230197,2.010800032008385,1.5836559296790287,1.102373527028417,False
fermion_only,1.8770000000000002,1.0718550277230197,2.0118718870361083,1.5854151199629296,1.1034563000569468,False
fermion_only,1.8780000000000001,1.0718550277230197,2.012943742063831,1.587174278757697,1.104539184367445,False
fermion_only,1.879,1.0718550277230197,2.014015597091554,1.5889334128448729,1.1056221809714448,False
fermion_only,1.88,1.0718550277230197,2.015087452119277,1.590692507612279,1.1067052864820697,False
fermion_only,1.8810000000000002,1.0718550277230197,2.0161593071470003,1.5924515753525381,1.1077885031059513,False
fermion_only,1.8820000000000001,1.0718550277230197,2.017231162174723,1.5942106126422773,1.1088718297412463,False
fermion_only,1.883,1.0718550277230197,2.018303017202446,1.5959696134149493,1.1099552648010447,False
fermion_only,1.884,1.0718550277230197,2.019374872230169,1.5977285866377144,1.111038809751619,False
fermion_only,1.8850000000000002,1.0718550277230197,2.0204467272578923,1.599487529691812,1.1121224637155498,False
fermion_only,1.8860000000000001,1.0718550277230197,2.021518582285615,1.601246440194759,1.1132062258227273,False
fermion_only,1.887,1.0718550277230197,2.022590437313338,1.6030053176695813,1.1142900956465422,False
fermion_only,1.888,1.0718550277230197,2.023662292341061,1.6047641685625447,1.1153740741197704,False
fermion_only,1.8890000000000002,1.0718550277230197,2.0247341473687843,1.60652298003916,1.1164581582865643,False
fermion_only,1.8900000000000001,1.0718550277230197,2.025806002396507,1.6082817673988115,1.117542350928517,False
fermion_only,1.891,1.0718550277230197,2.02687785742423,1.610040516049227,1.1186266486786436,False
fermion_only,1.892,1.0718550277230197,2.027949712451953,1.6117992389152125,1.119711053862138,False
fermion_only,1.8930000000000002,1.0718550277230197,2.0290215674796763,1.613557928782794,1.1207955646425505,False
fermion_only,1.8940000000000001,1.0718550277230197,2.030093422507399,1.6153165891551913,1.1218801813835462,False
fermion_only,1.895,1.0718550277230197,2.031165277535122,1.6170752158998436,1.1229649029156101,False
fermion_only,1.896,1.0718550277230197,2.032237132562845,1.6188338095525334,1.124049728983533,False
fermion_only,1.8970000000000002,1.0718550277230197,2.0333089875905688,1.620592375831842,1.1251346604203039,False
fermion_only,1.8980000000000001,1.0718550277230197,2.0343808426182917,1.6223509079185683,1.1262196955035624,False
fermion_only,1.899,1.0718550277230197,2.0354526976460146,1.624109408848462,1.127304834494608,False
fermion_only,1.9,1.0718550277230197,2.0365245526737374,1.6258678790648684,1.1283900771454052,False
fermion_only,1.9010000000000002,1.0718550277230197,2.0375964077014608,1.6276263209240804,1.129475423620707,False
fermion_only,1.9020000000000001,1.0718550277230197,2.0386682627291837,1.6293847231829695,1.1305608712552613,False
fermion_only,1.903,1.0718550277230197,2.0397401177569066,1.6311431028444123,1.1316464232288947,False
fermion_only,1.904,1.0718550277230197,2.0408119727846294,1.632901444113044,1.1327320759172972,False
fermion_only,1.9050000000000002,1.0718550277230197,2.041883827812353,1.6346597581951339,1.133817831344625,False
fermion_only,1.9060000000000001,1.0718550277230197,2.0429556828400757,1.6364180419287444,1.1349036885109975,False
fermion_only,1.907,1.0718550277230197,2.0440275378677986,1.638176292145943,1.1359896464325208,False
fermion_only,1.908,1.0718550277230197,2.0450993928955215,1.6399345119637587,1.1370757053973148,False
fermion_only,1.9090000000000003,1.0718550277230197,2.046171247923245,1.6416926976136614,1.1381618643298754,False
fermion_only,1.9100000000000001,1.0718550277230197,2.0472431029509677,1.6434508534413195,1.1392481238112908,False
fermion_only,1.911,1.0718550277230197,2.0483149579786906,1.6452089805488068,1.1403344837090945,False
fermion_only,1.912,1.0718550277230197,2.0493868130064135,1.6469670698238348,1.141420941829582,False
fermion_only,1.9130000000000003,1.0718550277230197,2.050458668034137,1.648725133464679,1.1425075003823664,False
fermion_only,1.9140000000000001,1.0718550277230197,2.0515305230618597,1.6504831645271945,1.1435941575916337,False
fermion_only,1.915,1.0718550277230197,2.0526023780895826,1.652241162831447,1.1446809131277833,False
fermion_only,1.916,1.0718550277230197,2.0536742331173055,1.6539991318197833,1.1457677673555196,False
fermion_only,1.9170000000000003,1.0718550277230197,2.054746088145029,1.6557570680898248,1.1468547192602359,False
fermion_only,1.9180000000000001,1.0718550277230197,2.0558179431727517,1.6575149721444027,1.1479417686448958,False
fermion_only,1.919,1.0718550277230197,2.0568897982004746,1.6592728472999974,1.1490289158595364,False
fermion_only,1.92,1.0718550277230197,2.0579616532281975,1.661030686589593,1.1501161591543883,False
fermion_only,1.9210000000000003,1.0718550277230197,2.0590335082559212,1.6627884997215348,1.1512035002261736,False
fermion_only,1.9220000000000002,1.0718550277230197,2.060105363283644,1.664546276892065,1.15229093674125,False
fermion_only,1.923,1.0718550277230197,2.061177218311367,1.6663040264236373,1.1533784700934064,False
fermion_only,1.924,1.0718550277230197,2.06224907333909,1.6680617426922284,1.1544660988193478,False
fermion_only,1.9250000000000003,1.0718550277230197,2.0633209283668132,1.6698194280779344,1.155553823116413,False
fermion_only,1.9260000000000002,1.0718550277230197,2.064392783394536,1.671577082810971,1.1566416427031982,False
fermion_only,1.927,1.0718550277230197,2.065464638422259,1.67333470781299,1.157729557466381,False
fermion_only,1.928,1.0718550277230197,2.066536493449982,1.675092294830871,1.1588175653941233,False
fermion_only,1.9289999999999998,1.0718550277230197,2.067608348477705,1.6768498528180187,1.1599056680588864,False
fermion_only,1.9300000000000002,1.0718550277230197,2.068680203505428,1.6786073833481074,1.1609938654425296,False
fermion_only,1.931,1.0718550277230197,2.069752058533151,1.68036488111305,1.162082156159953,False
fermion_only,1.932,1.0718550277230197,2.070823913560874,1.6821223475273928,1.1631705402274048,False
fermion_only,1.9329999999999998,1.0718550277230197,2.071895768588597,1.6838797783773618,1.1642590164429116,False
fermion_only,1.9340000000000002,1.0718550277230197,2.07296762361632,1.6856371795469616,1.1653475857508948,False
fermion_only,1.935,1.0718550277230197,2.074039478644043,1.687394549062493,1.166436247404388,False
fermion_only,1.936,1.0718550277230197,2.075111333671766,1.689151890339935,1.1675250018440075,False
fermion_only,1.9369999999999998,1.0718550277230197,2.076183188699489,1.690909194509116,1.1686138469472303,False
fermion_only,1.9380000000000002,1.0718550277230197,2.077255043727212,1.692666479951943,1.1697027862101899,False
fermion_only,1.939,1.0718550277230197,2.078326898754935,1.6944237240245297,1.1707918146476102,False
fermion_only,1.94,1.0718550277230197,2.079398753782658,1.6961809388537086,1.17188093448634,False
fermion_only,1.9409999999999998,1.0718550277230197,2.080470608810381,1.697938121575382,1.172970144822917,False
fermion_only,1.9420000000000002,1.0718550277230197,2.081542463838104,1.6996952736721527,1.1740594457225835,False
fermion_only,1.943,1.0718550277230197,2.0826143188658275,1.7014523916515922,1.1751488361139657,False
fermion_only,1.944,1.0718550277230197,2.0836861738935504,1.7032094805068065,1.176238316783532,False
fermion_only,1.9449999999999998,1.0718550277230197,2.0847580289212733,1.7049665351837162,1.1773278863729,False
fermion_only,1.9460000000000002,1.0718550277230197,2.0858298839489966,1.706723561528134,1.1784175458341222,False
fermion_only,1.947,1.0718550277230197,2.0869017389767195,1.7084805573585604,1.1795072943960636,False
fermion_only,1.948,1.0718550277230197,2.0879735940044424,1.710237521531055,1.1805971315731651,False
fermion_only,1.9489999999999998,1.0718550277230197,2.0890454490321653,1.7119944546026944,1.1816870571712812,False
fermion_only,1.9500000000000002,1.0718550277230197,2.0901173040598886,1.7137513515812497,1.18277706987538,False
fermion_only,1.951,1.0718550277230197,2.0911891590876115,1.7155082199720617,1.183867170982276,False
fermion_only,1.952,1.0718550277230197,2.0922610141153344,1.7172650597284345,1.1849573601872483,False
fermion_only,1.9529999999999998,1.0718550277230197,2.0933328691430573,1.7190218672772706,1.186047636466956,False
fermion_only,1.9540000000000002,1.0718550277230197,2.0944047241707806,1.720778642467724,1.1871379995193145,False
fermion_only,1.955,1.0718550277230197,2.0954765791985035,1.7225353845119362,1.1882284489138997,False
fermion_only,1.956,1.0718550277230197,2.0965484342262264,1.7242920994421485,1.1893189856114375,False
fermion_only,1.9569999999999999,1.0718550277230197,2.0976202892539493,1.7260487830115134,1.1904096084505487,False
fermion_only,1.9580000000000002,1.0718550277230197,2.0986921442816726,1.727805429319973,1.191500315930191,False
fermion_only,1.959,1.0718550277230197,2.0997639993093955,1.7295620438302794,1.1925911089371533,False
fermion_only,1.96,1.0718550277230197,2.1008358543371184,1.7313186337722608,1.1936819886893606,False
fermion_only,1.9609999999999999,1.0718550277230197,2.1019077093648413,1.7330751878423256,1.1947729525708795,False
fermion_only,1.9620000000000002,1.0718550277230197,2.1029795643925646,1.7348317132826585,1.1958640017974442,False
fermion_only,1.963,1.0718550277230197,2.1040514194202875,1.73658820525886,1.196955135115607,False
fermion_only,1.964,1.0718550277230197,2.1051232744480104,1.738344666235847,1.1980463527702936,False
fermion_only,1.9649999999999999,1.0718550277230197,2.1061951294757333,1.740101092731905,1.1991376537589753,False
fermion_only,1.9660000000000002,1.0718550277230197,2.107266984503457,1.7418574951571064,1.2002290399881892,False
fermion_only,1.967,1.0718550277230197,2.10833883953118,1.7436138590637529,1.20132050818847,False
fermion_only,1.968,1.0718550277230197,2.109410694558903,1.745370197450391,1.2024120607741708,False
fermion_only,1.9689999999999999,1.0718550277230197,2.1104825495866257,1.747126503671681,1.2035036961369683,False
fermion_only,1.9700000000000002,1.0718550277230197,2.111554404614349,1.7488827744607915,1.2045954133237589,False
fermion_only,1.971,1.0718550277230197,2.112626259642072,1.7506390194684807,1.2056872140670454,False
fermion_only,1.972,1.0718550277230197,2.113698114669795,1.7523952261462528,1.2067790955178854,False
fermion_only,1.9729999999999999,1.0718550277230197,2.1147699696975177,1.7541514071256814,1.207871060023642,False
fermion_only,1.9740000000000002,1.0718550277230197,2.115841824725241,1.755907553436431,1.208963105466368,False
fermion_only,1.975,1.0718550277230197,2.116913679752964,1.75766366571668,1.2100552317212774,False
fermion_only,1.976,1.0718550277230197,2.117985534780687,1.7594197540907852,1.2111474406555898,False
fermion_only,1.9769999999999999,1.0718550277230197,2.1190573898084097,1.761175804421622,1.2122397290522429,False
fermion_only,1.9780000000000002,1.0718550277230197,2.120129244836133,1.7629318310474429,1.2133320996274204,False
fermion_only,1.979,1.0718550277230197,2.121201099863856,1.7646878209499506,1.21442454945575,False
fermion_only,1.98,1.0718550277230197,2.122272954891579,1.7664437817155876,1.2155170798295347,False
fermion_only,1.9809999999999999,1.0718550277230197,2.1233448099193017,1.76819970682619,1.2166096891635845,False
fermion_only,1.9820000000000002,1.0718550277230197,2.124416664947025,1.769955602380835,1.2177023784413135,False
fermion_only,1.983,1.0718550277230197,2.125488519974748,1.7717114681292,1.2187951474048786,False
fermion_only,1.984,1.0718550277230197,2.126560375002471,1.773467302545162,1.2198879954463726,False
fermion_only,1.9849999999999999,1.0718550277230197,2.1276322300301937,1.7752231078612346,1.2209809228290491,False
fermion_only,1.9860000000000002,1.0718550277230197,2.128704085057917,1.7769788756539118,1.2220739275041708,False
fermion_only,1.987,1.0718550277230197,2.12977594008564,1.778734616950517,1.2231670115529674,False
fermion_only,1.988,1.0718550277230197,2.130847795113363,1.780490325003281,1.2242601732947913,False
fermion_only,1.9889999999999999,1.0718550277230197,2.1319196501410858,1.7822460024420894,1.2253534130593926,False
fermion_only,1.9900000000000002,1.0718550277230197,2.1329915051688095,1.784001648095368,1.226446730351657,False
fermion_only,1.991,1.0718550277230197,2.1340633601965324,1.7857572625291973,1.2275401250361246,False
fermion_only,1.992,1.0718550277230197,2.1351352152242553,1.7875128452493505,1.2286335967620725,False
fermion_only,1.9929999999999999,1.0718550277230197,2.136207070251978,1.78926839716812,1.2297271455084444,False
fermion_only,1.9940000000000002,1.0718550277230197,2.1372789252797015,1.7910239200817246,1.230820771385799,False
fermion_only,1.995,1.0718550277230197,2.1383507803074244,1.7927794062350344,1.2319144725401978,False
fermion_only,1.996,1.0718550277230197,2.1394226353351473,1.7945348600597377,1.2330082496468584,False
fermion_only,1.9969999999999999,1.0718550277230197,2.14049449036287,1.7962902907581069,1.2341021044024496,False
fermion_only,1.9980000000000002,1.0718550277230197,2.1415663453905935,1.7980456833161074,1.235196033448425,False
fermion_only,1.999,1.0718550277230197,2.1426382004183164,1.799801050603267,1.2362900391892753,False
fermion_only,2.0,1.0718550277230197,2.1437100554460393,1.8015563807302293,1.2373841189502712,False
fermion_only,2.001,1.0718550277230197,2.144781910473762,1.8033116773874758,1.2384782732549293,False
fermion_only,2.0020000000000002,1.0718550277230197,2.1458537655014855,1.805066948733225,1.239572503558445,False
fermion_only,2.003,1.0718550277230197,2.1469256205292084,1.8068221893820402,1.24066680851162,False
fermion_only,2.004,1.0718550277230197,2.1479974755569313,1.8085773968170016,1.2417611873633534,False
fermion_only,2.005,1.0718550277230197,2.149069330584654,1.8103325727263586,1.2428556402276016,False
fermion_only,2.0060000000000002,1.0718550277230197,2.1501411856123775,1.8120877135465285,1.2439501661417975,False
fermion_only,2.007,1.0718550277230197,2.1512130406401004,1.8138428271306628,1.2450447664916626,False
fermion_only,2.008,1.0718550277230197,2.1522848956678233,1.8155979093898433,1.2461394402070884,False
fermion_only,2.009,1.0718550277230197,2.153356750695546,1.8173529598677685,1.2472341869622667,False
fermion_only,2.0100000000000002,1.0718550277230197,2.1544286057232696,1.819107974247769,1.2483290056386385,False
fermion_only,2.011,1.0718550277230197,2.155500460750993,1.820862961670211,1.2494238979018146,False
fermion_only,2.012,1.0718550277230197,2.1565723157787158,1.8226179198723158,1.2505188630554538,False
fermion_only,2.013,1.0718550277230197,2.1576441708064387,1.8243728417849825,1.2516138994126726,False
fermion_only,2.0140000000000002,1.0718550277230197,2.158716025834162,1.826127736418648,1.2527090086150436,False
fermion_only,2.015,1.0718550277230197,2.159787880861885,1.8278826044525798,1.2538041905746549,False
fermion_only,2.016,1.0718550277230197,2.160859735889608,1.829637434173892,1.2548994426498565,False
fermion_only,2.017,1.0718550277230197,2.1619315909173307,1.8313922267331972,1.2559947648179137,False
fermion_only,2.0180000000000002,1.0718550277230197,2.163003445945054,1.833146997436963,1.2570901600998639,False
fermion_only,2.019,1.0718550277230197,2.164075300972777,1.8349017299834736,1.2581856248376657,False
fermion_only,2.02,1.0718550277230197,2.1651471560005,1.8366564404671215,1.2592811621646403,False
fermion_only,2.021,1.0718550277230197,2.1662190110282227,1.838411111993421,1.260376768383798,False
fermion_only,2.0220000000000002,1.0718550277230197,2.167290866055946,1.8401657544128147,1.2614724452909294,False
fermion_only,2.023,1.0718550277230197,2.168362721083669,1.8419203649257532,1.2625681920656555,False
fermion_only,2.024,1.0718550277230197,2.169434576111392,1.8436749459626478,1.2636640090598306,False
fermion_only,2.025,1.0718550277230197,2.1705064311391147,1.845429493559947,1.2647598951723809,False
fermion_only,2.0260000000000002,1.0718550277230197,2.171578286166838,1.8471840108977955,1.265855850891165,False
fermion_only,2.027,1.0718550277230197,2.172650141194561,1.8489384966191902,1.2669518756819682,False
fermion_only,2.028,1.0718550277230197,2.173721996222284,1.8506929532274397,1.2680479698887848,False
fermion_only,2.029,1.0718550277230197,2.1747938512500067,1.8524473794675589,1.2691441330036937,False
fermion_only,2.0300000000000002,1.0718550277230197,2.17586570627773,1.8542017640269082,1.2702403624898329,False
fermion_only,2.031,1.0718550277230197,2.176937561305453,1.8559561296794036,1.2713366628558431,False
fermion_only,2.032,1.0718550277230197,2.178009416333176,1.857710458945494,1.272433030246086,False
fermion_only,2.033,1.0718550277230197,2.1790812713608987,1.8594647546954945,1.2735294650760212,False
fermion_only,2.0340000000000003,1.0718550277230197,2.1801531263886225,1.8612190208465273,1.2746259679067136,False
fermion_only,2.035,1.0718550277230197,2.1812249814163454,1.8629732546132205,1.2757225379954333,False
fermion_only,2.036,1.0718550277230197,2.1822968364440682,1.8647274618147636,1.276819176323441,False
fermion_only,2.037,1.0718550277230197,2.183368691471791,1.8664816332683465,1.2779158807572808,False
fermion_only,2.0380000000000003,1.0718550277230197,2.1844405464995145,1.8682357777213943,1.2790126529483599,False
fermion_only,2.039,1.0718550277230197,2.1855124015272374,1.8699898862503006,1.2801094908069488,False
fermion_only,2.04,1.0718550277230197,2.1865842565549602,1.8717439610533737,1.2812063945768324,False
fermion_only,2.041,1.0718550277230197,2.187656111582683,1.873498008349661,1.2823033653625193,False
fermion_only,2.0420000000000003,1.0718550277230197,2.1887279666104065,1.875252024765517,1.2834004022575616,False
fermion_only,2.043,1.0718550277230197,2.1897998216381294,1.877006010597082,1.284497505119008,False
fermion_only,2.044,1.0718550277230197,2.1908716766658523,1.8787599633063423,1.2855946732155807,False
fermion_only,2.045,1.0718550277230197,2.191943531693575,1.880513886352686,1.286691907063534,False
fermion_only,2.0460000000000003,1.0718550277230197,2.1930153867212985,1.882267778268798,1.287789206155067,False
fermion_only,2.047,1.0718550277230197,2.1940872417490214,1.8840216343516736,1.288886569296531,False
fermion_only,2.048,1.0718550277230197,2.1951590967767443,1.8857754601629861,1.2899839974778309,False
fermion_only,2.049,1.0718550277230197,2.196230951804467,1.8875292618943162,1.291081491761621,False
fermion_only,2.0500000000000003,1.0718550277230197,2.1973028068321905,1.8892830291059926,1.2921790498075871,False
fermion_only,2.051,1.0718550277230197,2.1983746618599134,1.8910367598714006,1.293276670948771,False
fermion_only,2.052,1.0718550277230197,2.1994465168876363,1.8927904615562596,1.2943743565872416,False
fermion_only,2.053,1.0718550277230197,2.200518371915359,1.8945441329092483,1.2954721062592538,False
fermion_only,2.0540000000000003,1.0718550277230197,2.2015902269430825,1.89629777459982,1.296569919878619,False
fermion_only,2.055,1.0718550277230197,2.2026620819708054,1.8980513818458222,1.2976677962784953,False
fermion_only,2.056,1.0718550277230197,2.2037339369985283,1.8998049546705587,1.2987657352281676,False
fermion_only,2.057,1.0718550277230197,2.204805792026251,1.901558502181433,1.2998637385018539,False
fermion_only,2.058,1.0718550277230197,2.2058776470539745,1.9033120217007093,1.300961805281238,False
fermion_only,2.059,1.0718550277230197,2.206949502081698,1.9050655056676025,1.3020599338257954,False
fermion_only,2.06,1.0718550277230197,2.2080213571094207,1.9068189534969915,1.303158123828095,False
fermion_only,2.061,1.0718550277230197,2.2090932121371436,1.9085723706107394,1.3042563762381505,False
fermion_only,2.062,1.0718550277230197,2.2101650671648665,1.9103257631582826,1.3053546920752568,False
fermion_only,2.063,1.0718550277230197,2.21123692219259,1.912079123613597,1.306453069664914,False
fermion_only,2.064,1.0718550277230197,2.2123087772203127,1.9138324506082993,1.307551508495868,False
fermion_only,2.065,1.0718550277230197,2.2133806322480356,1.9155857497423767,1.3086500095431115,False
fermion_only,2.066,1.0718550277230197,2.2144524872757585,1.9173390121911549,1.3097485707839271,False
fermion_only,2.067,1.0718550277230197,2.215524342303482,1.919092241867848,1.3108471928470067,False
fermion_only,2.068,1.0718550277230197,2.2165961973312047,1.9208454441047018,1.3119458766685952,False
fermion_only,2.069,1.0718550277230197,2.2176680523589276,1.9225986072749723,1.3130446195985128,False
fermion_only,2.07,1.0718550277230197,2.2187399073866505,1.9243517566533752,1.3141434267735594,False
fermion_only,2.071,1.0718550277230197,2.219811762414374,1.9261048611065146,1.3152422914868724,False
fermion_only,2.072,1.0718550277230197,2.2208836174420967,1.9278579357473125,1.3163412167048265,False
fermion_only,2.073,1.0718550277230197,2.2219554724698196,1.92961098363712,1.3174402028960708,False
fermion_only,2.074,1.0718550277230197,2.2230273274975425,1.931363995127111,1.3185392478313376,False
fermion_only,2.075,1.0718550277230197,2.224099182525266,1.9331169772868306,1.3196383528383786,False
fermion_only,2.076,1.0718550277230197,2.2251710375529887,1.9348699290122284,1.3207375174922211,False
fermion_only,2.077,1.0718550277230197,2.2262428925807116,1.9366228489442916,1.3218367413158747,False
fermion_only,2.078,1.0718550277230197,2.2273147476084345,1.9383757357835152,1.3229360238812569,False
fermion_only,2.079,1.0718550277230197,2.2283866026361583,1.940128594182522,1.3240353659673876,False
fermion_only,2.08,1.0718550277230197,2.229458457663881,1.9418814164140263,1.3251347657815724,False
fermion_only,2.081,1.0718550277230197,2.230530312691604,1.9436342146471497,1.3262342256622188,False
fermion_only,2.082,1.0718550277230197,2.231602167719327,1.9453869789958222,1.3273337434038266,False
fermion_only,2.083,1.0718550277230197,2.2326740227470503,1.9471397083208553,1.3284333185595236,False
fermion_only,2.084,1.0718550277230197,2.233745877774773,1.9488924097357585,1.3295329524627333,False
fermion_only,2.085,1.0718550277230197,2.234817732802496,1.9506450803034037,1.3306326443216518,False
fermion_only,2.086,1.0718550277230197,2.235889587830219,1.9523977184868424,1.331732393606473,False
fermion_only,2.087,1.0718550277230197,2.2369614428579423,1.9541503223880818,1.332832199780065,False
fermion_only,2.088,1.0718550277230197,2.238033297885665,1.9559029002154782,1.333932064353019,False
fermion_only,2.089,1.0718550277230197,2.239105152913388,1.9576554437239602,1.3350319854531114,False
fermion_only,2.09,1.0718550277230197,2.240177007941111,1.9594079519223428,1.3361319627018895,False
fermion_only,2.091,1.0718550277230197,2.2412488629688343,1.961160436567022,1.3372319983529075,False
fermion_only,2.092,1.0718550277230197,2.242320717996557,1.9629128890689351,1.3383320904510234,False
fermion_only,2.093,1.0718550277230197,2.24339257302428,1.9646653042621476,1.3394322377649144,False
fermion_only,2.094,1.0718550277230197,2.244464428052003,1.9664176934525157,1.3405324424662473,False
fermion_only,2.095,1.0718550277230197,2.2455362830797263,1.9681700485364995,1.3416327026893322,False
fermion_only,2.096,1.0718550277230197,2.246608138107449,1.9699223795004217,1.3427330203466004,False
fermion_only,2.097,1.0718550277230197,2.247679993135172,1.971674670405077,1.343833391944606,False
fermion_only,2.098,1.0718550277230197,2.248751848162895,1.9734269313203878,1.3449338194192348,False
fermion_only,2.099,1.0718550277230197,2.2498237031906183,1.9751791600185697,1.3460343021426402,False
fermion_only,2.1,1.0718550277230197,2.250895558218341,1.976931365089718,1.3471348417297178,False
fermion_only,2.101,1.0718550277230197,2.251967413246064,1.9786835303227668,1.3482354346148158,False
fermion_only,2.102,1.0718550277230197,2.253039268273787,1.9804356690940272,1.3493360834469426,False
fermion_only,2.103,1.0718550277230197,2.2541111233015108,1.982187771675481,1.3504367860037807,False
fermion_only,2.104,1.0718550277230197,2.2551829783292336,1.9839398412256792,1.351537542816818,False
fermion_only,2.105,1.0718550277230197,2.2562548333569565,1.9856918916384192,1.3526383565872298,False
fermion_only,2.106,1.0718550277230197,2.2573266883846794,1.9874439020334478,1.3537392228011367,False
fermion_only,2.107,1.0718550277230197,2.2583985434124028,1.989195881952266,1.3548401432673949,False
fermion_only,2.108,1.0718550277230197,2.2594703984401256,1.9909478305875639,1.3559411176789333,False
fermion_only,2.109,1.0718550277230197,2.2605422534678485,1.9926997503271204,1.3570421463832996,False
fermion_only,2.11,1.0718550277230197,2.2616141084955714,1.9944516383475275,1.358143228593537,False
fermion_only,2.111,1.0718550277230197,2.2626859635232948,1.9962034922848648,1.3592443636438438,False
fermion_only,2.112,1.0718550277230197,2.2637578185510177,1.997955316687694,1.3603455523669754,False
fermion_only,2.113,1.0718550277230197,2.2648296735787405,1.9997071092180074,1.3614467940768982,False
fermion_only,2.114,1.0718550277230197,2.2659015286064634,2.0014588709882597,1.362548088865383,False
fermion_only,2.115,1.0718550277230197,2.2669733836341868,2.003210599447336,1.363649436029844,False
fermion_only,2.116,1.0718550277230197,2.2680452386619097,2.0049623014585127,1.3647508368452912,False
fermion_only,2.117,1.0718550277230197,2.2691170936896325,2.006713969199947,1.3658522895145395,False
fermion_only,2.118,1.0718550277230197,2.2701889487173554,2.0084656082113406,1.366953795052753,False
fermion_only,2.119,1.0718550277230197,2.2712608037450788,2.010217210337384,1.3680553515620981,False
fermion_only,2.12,1.0718550277230197,2.2723326587728017,2.01196878281098,1.3691569604224565,False
fermion_only,2.121,1.0718550277230197,2.2734045138005246,2.013720328311619,1.3702586220425006,False
fermion_only,2.122,1.0718550277230197,2.2744763688282474,2.015471838308869,1.371360334467892,False
fermion_only,2.123,1.0718550277230197,2.2755482238559708,2.0172233162434994,1.372462098251606,False
fermion_only,2.124,1.0718550277230197,2.2766200788836937,2.018974769928583,1.3735639148979075,False
fermion_only,2.125,1.0718550277230197,2.2776919339114166,2.020726184436017,1.374665781104071,False
fermion_only,2.126,1.0718550277230197,2.27876378893914,2.022477571338477,1.3757676991532313,False
fermion_only,2.1270000000000002,1.0718550277230197,2.2798356439668632,2.0242289277135006,1.3768696682584203,False
fermion_only,2.128,1.0718550277230197,2.280907498994586,2.0259802472721966,1.3779716869755052,False
fermion_only,2.129,1.0718550277230197,2.281979354022309,2.027731542611666,1.3790737577740615,False
fermion_only,2.13,1.0718550277230197,2.283051209050032,2.0294828031530487,1.3801758782825875,False
fermion_only,2.1310000000000002,1.0718550277230197,2.2841230640777552,2.0312340323004996,1.3812780490706815,False
fermion_only,2.132,1.0718550277230197,2.285194919105478,2.0329852320123076,1.3823802703875037,False
fermion_only,2.133,1.0718550277230197,2.286266774133201,2.034736400659831,1.3834825417581997,False
fermion_only,2.134,1.0718550277230197,2.287338629160924,2.036487536676701,1.384584862665011,False
fermion_only,2.1350000000000002,1.0718550277230197,2.2884104841886472,2.0382386409565134,1.3856872331961143,False
fermion_only,2.136,1.0718550277230197,2.28948233921637,2.0399897115924603,1.3867896527566919,False
fermion_only,2.137,1.0718550277230197,2.290554194244093,2.041740755431598,1.387892122652381,False
fermion_only,2.138,1.0718550277230197,2.291626049271816,2.0434917644830297,1.3889946410502803,False
fermion_only,2.1390000000000002,1.0718550277230197,2.2926979042995392,2.045242744614273,1.3900972090439385,False
fermion_only,2.14,1.0718550277230197,2.293769759327262,2.0469936956198143,1.391199826436781,False
fermion_only,2.141,1.0718550277230197,2.294841614354985,2.0487446116046915,1.3923024918403877,False
fermion_only,2.142,1.0718550277230197,2.295913469382708,2.0504954951819365,1.3934052056522128,False
fermion_only,2.1430000000000002,1.0718550277230197,2.2969853244104312,2.0522463522775203,1.3945079689778943,False
fermion_only,2.144,1.0718550277230197,2.298057179438154,2.0539971744052865,1.3956107798824422,False
fermion_only,2.145,1.0718550277230197,2.299129034465877,2.0557479692723923,1.3967136398413045,False
fermion_only,2.146,1.0718550277230197,2.3002008894936,2.057498726178597,1.3978165464699386,False
fermion_only,2.1470000000000002,1.0718550277230197,2.3012727445213237,2.059249459358059,1.3989195026081411,False
fermion_only,2.148,1.0718550277230197,2.3023445995490466,2.0610001546082057,1.4000225051202284,False
fermion_only,2.149,1.0718550277230197,2.3034164545767695,2.0627508221360724,1.4011255560025395,False
fermion_only,2.15,1.0718550277230197,2.3044883096044924,2.0645014591379685,1.4022286545305327,False
fermion_only,2.1510000000000002,1.0718550277230197,2.3055601646322157,2.0662520628626613,1.4033317999780792,False
fermion_only,2.152,1.0718550277230197,2.3066320196599386,2.0680026370659133,1.4044349930097406,False
fermion_only,2.153,1.0718550277230197,2.3077038746876615,2.0697531776239786,1.4055382325949373,False
fermion_only,2.154,1.0718550277230197,2.3087757297153844,2.0715036864108805,1.4066415189826549,False
fermion_only,2.1550000000000002,1.0718550277230197,2.3098475847431077,2.073254166361538,1.4077448526733567,False
fermion_only,2.156,1.0718550277230197,2.3109194397708306,2.0750046158335755,1.4088482331664804,False
fermion_only,2.157,1.0718550277230197,2.3119912947985535,2.0767550297466797,1.4099516592295835,False
fermion_only,2.158,1.0718550277230197,2.3130631498262764,2.0785054170664563,1.4110551326516354,False
fermion_only,2.1590000000000003,1.0718550277230197,2.3141350048539997,2.0802557704853175,1.4121586517260794,False
fermion_only,2.16,1.0718550277230197,2.3152068598817226,2.0820060971048826,1.413262217818282,False
fermion_only,2.161,1.0718550277230197,2.3162787149094455,2.083756385965896,1.4143658284726164,False
fermion_only,2.162,1.0718550277230197,2.3173505699371684,2.085506647582547,1.4154694857786407,False
fermion_only,2.1630000000000003,1.0718550277230197,2.3184224249648917,2.0872568742567377,1.4165731879697079,False
fermion_only,2.164,1.0718550277230197,2.3194942799926146,2.089007072852367,1.417676936358321,False
fermion_only,2.165,1.0718550277230197,2.3205661350203375,2.0907572426979715,1.4187807306337585,False
fermion_only,2.166,1.0718550277230197,2.3216379900480604,2.092507376109054,1.4198845691053243,False
fermion_only,2.1670000000000003,1.0718550277230197,2.3227098450757837,2.09425747963089,1.4209884529505317,False
fermion_only,2.168,1.0718550277230197,2.3237817001035066,2.0960075559308344,1.4220923826305845,False
fermion_only,2.169,1.0718550277230197,2.3248535551312295,2.097757592813143,1.4231963554361844,False
fermion_only,2.17,1.0718550277230197,2.3259254101589524,2.099507607536444,1.4243003748611587,False
fermion_only,2.1710000000000003,1.0718550277230197,2.326997265186676,2.101257588086003,1.4254044382456739,False
fermion_only,2.172,1.0718550277230197,2.328069120214399,2.103007530979928,1.4265085447049457,False
fermion_only,2.173,1.0718550277230197,2.329140975242122,2.10475744838986,1.427612696697791,False
fermion_only,2.174,1.0718550277230197,2.330212830269845,2.1065073364463394,1.4287168932511762,False
fermion_only,2.1750000000000003,1.0718550277230197,2.331284685297568,2.1082571878381584,1.4298211327061678,False
fermion_only,2.176,1.0718550277230197,2.332356540325291,2.1100070144618455,1.4309254174333212,False
fermion_only,2.177,1.0718550277230197,2.333428395353014,2.1117568016255084,1.4320297442130034,False
fermion_only,2.178,1.0718550277230197,2.334500250380737,2.113506563474532,1.433134115871736,False
fermion_only,2.1790000000000003,1.0718550277230197,2.33557210540846,2.11525629208944,1.4342385306183385,False
fermion_only,2.18,1.0718550277230197,2.336643960436183,2.1170059891530757,1.4353429886726963,False
fermion_only,2.181,1.0718550277230197,2.337715815463906,2.1187556573610045,1.436447490495487,False
fermion_only,2.182,1.0718550277230197,2.338787670491629,2.1205052930713286,1.4375520351665592,False
fermion_only,2.183,1.0718550277230197,2.3398595255193517,2.1222548960801557,1.4386566225094026,False
fermion_only,2.184,1.0718550277230197,2.340931380547075,2.1240044690235327,1.439761252970647,False
fermion_only,2.185,1.0718550277230197,2.342003235574798,2.1257540126088603,1.4408659265516903,False
fermion_only,2.186,1.0718550277230197,2.343075090602521,2.1275035229157635,1.441970642301741,False
fermion_only,2.187,1.0718550277230197,2.3441469456302437,2.1292530018943823,1.4430754005201323,False
fermion_only,2.188,1.0718550277230197,2.345218800657967,2.1310024502923297,1.4441802012077454,False
fermion_only,2.189,1.0718550277230197,2.34629065568569,2.1327518641659493,1.4452850434280449,False
fermion_only,2.19,1.0718550277230197,2.347362510713413,2.1345012480796233,1.4463899279863794,False
fermion_only,2.191,1.0718550277230197,2.3484343657411357,2.136250607513157,1.4474948559651895,False
fermion_only,2.192,1.0718550277230197,2.349506220768859,2.137999925514422,1.448599823599781,False
fermion_only,2.193,1.0718550277230197,2.3505780757965824,2.139749217604614,1.4497048340926935,False
fermion_only,2.194,1.0718550277230197,2.3516499308243053,2.1414984811790605,1.4508098867460602,False
fermion_only,2.195,1.0718550277230197,2.352721785852028,2.1432477069212585,1.4519149794544821,False
fermion_only,2.196,1.0718550277230197,2.3537936408797515,2.1449969060542307,1.4530201144875692,False
fermion_only,2.197,1.0718550277230197,2.3548654959074744,2.146746070699501,1.4541252900538537,False
fermion_only,2.198,1.0718550277230197,2.3559373509351973,2.1484952065004226,1.4552305071766414,False
fermion_only,2.199,1.0718550277230197,2.35700920596292,2.1502443128206594,1.4563357656701508,False
fermion_only,2.2,1.0718550277230197,2.3580810609906435,2.1519933867563346,1.4574410647417193,False
fermion_only,2.201,1.0718550277230197,2.3591529160183664,2.153742426129812,1.4585464038250162,False
fermion_only,2.202,1.0718550277230197,2.3602247710460893,2.1554914370382927,1.4596517841033494,False
fermion_only,2.203,1.0718550277230197,2.361296626073812,2.157240412187067,1.4607572038879284,False
fermion_only,2.204,1.0718550277230197,2.3623684811015355,2.1589893661349557,1.4618626661417893,False
fermion_only,2.205,1.0718550277230197,2.3634403361292584,2.160738279573249,1.4629681666646313,False
fermion_only,2.206,1.0718550277230197,2.3645121911569813,2.1624871676800606,1.4640737085303952,False
fermion_only,2.207,1.0718550277230197,2.365584046184704,2.164236020539956,1.4651792895651243,False
fermion_only,2.208,1.0718550277230197,2.3666559012124275,2.1659848424623873,1.4662849105004663,False
fermion_only,2.209,1.0718550277230197,2.3677277562401504,2.16773363716084,1.4673905720351976,False
fermion_only,2.21,1.0718550277230197,2.3687996112678733,2.169482396353384,1.4684962723042145,False
fermion_only,2.211,1.0718550277230197,2.369871466295596,2.1712311241989246,1.4696020120412276,False
fermion_only,2.212,1.0718550277230197,2.3709433213233195,2.17297982393323,1.4707077918302898,False
fermion_only,2.213,1.0718550277230197,2.3720151763510424,2.1747284878241957,1.4718136099188635,False
fermion_only,2.214,1.0718550277230197,2.3730870313787653,2.1764771212879785,1.4729194673276438,False
fermion_only,2.215,1.0718550277230197,2.374158886406488,2.178225728124694,1.4740253647396464,False
fermion_only,2.216,1.0718550277230197,2.375230741434212,2.1799743028464547,1.4751313008819635,False
fermion_only,2.217,1.0718550277230197,2.376302596461935,2.181722845155154,1.476237275578399,False
fermion_only,2.218,1.0718550277230197,2.3773744514896578,2.1834713546426077,1.4773432886061473,False
fermion_only,2.219,1.0718550277230197,2.3784463065173806,2.1852198353280783,1.4784493407344166,False
fermion_only,2.22,1.0718550277230197,2.379518161545104,2.186968283816726,1.4795554310885044,False
fermion_only,2.221,1.0718550277230197,2.380590016572827,2.188716699902915,1.4806615595331838,False
fermion_only,2.222,1.0718550277230197,2.3816618716005498,2.19046508917361,1.4817677271283376,False
fermion_only,2.223,1.0718550277230197,2.3827337266282727,2.1922134415434114,1.4828739316320585,False
fermion_only,2.224,1.0718550277230197,2.383805581655996,2.193961763603869,1.4839801743184242,False
fermion_only,2.225,1.0718550277230197,2.384877436683719,2.1957100569553356,1.4850864554013559,False
fermion_only,2.226,1.0718550277230197,2.3859492917114418,2.1974583186994523,1.4861927741566678,False
fermion_only,2.227,1.0718550277230197,2.3870211467391647,2.199206545987753,1.4872991298948375,False
fermion_only,2.228,1.0718550277230197,2.388093001766888,2.200954747160211,1.4884055242195549,False
fermion_only,2.229,1.0718550277230197,2.389164856794611,2.2027029116901797,1.489511954842304,False
fermion_only,2.23,1.0718550277230197,2.3902367118223338,2.2044510487998825,1.4906184235732918,False
fermion_only,2.231,1.0718550277230197,2.3913085668500567,2.206199157468558,1.4917249300851416,False
fermion_only,2.232,1.0718550277230197,2.39238042187778,2.2079472234486364,1.4928314712521928,False
fermion_only,2.233,1.0718550277230197,2.393452276905503,2.2096952705534356,1.4939380519884826,False
fermion_only,2.234,1.0718550277230197,2.3945241319332258,2.211443280768166,1.49504466838919,False
fermion_only,2.235,1.0718550277230197,2.3955959869609487,2.213191260736669,1.4961513217535636,False
fermion_only,2.236,1.0718550277230197,2.396667841988672,2.2149392114160893,1.4972580121533685,False
fermion_only,2.237,1.0718550277230197,2.397739697016395,2.216687127498773,1.4983647383654084,False
fermion_only,2.238,1.0718550277230197,2.398811552044118,2.2184350094727634,1.4994715003924133,False
fermion_only,2.239,1.0718550277230197,2.3998834070718407,2.2201828674679347,1.5005783002518291,False
fermion_only,2.24,1.0718550277230197,2.4009552620995644,2.2219306923295656,1.5016851359024075,False
fermion_only,2.241,1.0718550277230197,2.4020271171272873,2.223678484245606,1.5027920072802918,False
fermion_only,2.242,1.0718550277230197,2.4030989721550102,2.2254262435228656,1.503898914320929,False
fermion_only,2.243,1.0718550277230197,2.404170827182733,2.2271739737259155,1.505005857696483,False
fermion_only,2.244,1.0718550277230197,2.4052426822104565,2.2289216722164107,1.506112836729855,False
fermion_only,2.245,1.0718550277230197,2.4063145372381793,2.2306693391161203,1.5072198513420536,False
fermion_only,2.246,1.0718550277230197,2.4073863922659022,2.232416976721696,1.5083269019008156,False
fermion_only,2.247,1.0718550277230197,2.408458247293625,2.2341645840237345,1.509433988090755,False
fermion_only,2.248,1.0718550277230197,2.4095301023213485,2.2359121585829533,1.5105411093019303,False
fermion_only,2.249,1.0718550277230197,2.4106019573490713,2.2376597017065847,1.5116482656793337,False
fermion_only,2.25,1.0718550277230197,2.4116738123767942,2.239407208410771,1.5127554560785985,False
